[2026-03-20 13:28:45] local.ERROR: SQLSTATE[42601]: Syntax error: 7 ERRORE:  errore di sintassi a o presso "WHERE"
LINE 162:     UNIQUE(company_id, plan_id, status) WHERE status = 'acti...
                                                  ^ (Connection: pgsql, Host: localhost, Port: 5444, Database: nexasystem_db, SQL: -- NexaTrace System - Initial Database Migration
-- Migration ID: 001_initial_schema
-- Created: 2024-01-01
-- Description: Creates initial database schema for NexaTrace System

-- Enable required extensions
CREATE EXTENSION IF NOT EXISTS "uuid-ossp";
CREATE EXTENSION IF NOT EXISTS pgcrypto;

-- ============================================
-- SUPER ADMIN TABLES (Platform Management)
-- ============================================

-- Companies (Factories/Client Companies)
CREATE TABLE companies (
    id UUID PRIMARY KEY DEFAULT uuid_generate_v4(),
    name VARCHAR(255) NOT NULL,
    business_registration_number VARCHAR(100) UNIQUE NOT NULL,
    tax_id VARCHAR(100),
    company_type VARCHAR(50) NOT NULL DEFAULT 'manufacturing',
    industry_type VARCHAR(50) NOT NULL DEFAULT 'other',

    -- Contact Information
    email VARCHAR(255) UNIQUE NOT NULL,
    phone VARCHAR(50),
    website VARCHAR(255),
    country VARCHAR(100) NOT NULL,
    city VARCHAR(100) NOT NULL,
    address TEXT,
    postal_code VARCHAR(50),

    -- Contact Person
    contact_person_name VARCHAR(255) NOT NULL,
    contact_person_email VARCHAR(255) NOT NULL,
    contact_person_phone VARCHAR(50) NOT NULL,
    contact_person_position VARCHAR(100),

    -- Status & Verification
    status VARCHAR(20) NOT NULL DEFAULT 'pending',
    verification_status VARCHAR(20) NOT NULL DEFAULT 'notSubmitted',
    verification_notes TEXT,
    verified_at TIMESTAMP WITH TIME ZONE,
    verified_by UUID,

    -- Settings
    timezone VARCHAR(50) DEFAULT 'UTC',
    language VARCHAR(10) DEFAULT 'en',
    currency VARCHAR(3) DEFAULT 'USD',
    logo_url TEXT,

    -- Usage Tracking
    total_codes_generated INTEGER DEFAULT 0,
    active_users_count INTEGER DEFAULT 0,
    last_activity_at TIMESTAMP WITH TIME ZONE,

    -- Metadata
    metadata JSONB DEFAULT '{}',
    is_deleted BOOLEAN DEFAULT FALSE,
    created_at TIMESTAMP WITH TIME ZONE DEFAULT NOW(),
    updated_at TIMESTAMP WITH TIME ZONE DEFAULT NOW(),
    deleted_at TIMESTAMP WITH TIME ZONE
);

-- Company Documents
CREATE TABLE company_documents (
    id UUID PRIMARY KEY DEFAULT uuid_generate_v4(),
    company_id UUID NOT NULL REFERENCES companies(id) ON DELETE CASCADE,
    document_type VARCHAR(50) NOT NULL,
    document_name VARCHAR(255) NOT NULL,
    document_url TEXT NOT NULL,
    file_size INTEGER,
    mime_type VARCHAR(100),

    -- Verification
    verification_status VARCHAR(20) DEFAULT 'pending',
    verification_notes TEXT,
    verified_at TIMESTAMP WITH TIME ZONE,
    verified_by UUID,

    -- Metadata
    is_deleted BOOLEAN DEFAULT FALSE,
    created_at TIMESTAMP WITH TIME ZONE DEFAULT NOW(),
    updated_at TIMESTAMP WITH TIME ZONE DEFAULT NOW()
);

-- Subscription Plans
CREATE TABLE subscription_plans (
    id UUID PRIMARY KEY DEFAULT uuid_generate_v4(),
    name VARCHAR(100) NOT NULL,
    type VARCHAR(20) NOT NULL DEFAULT 'basic',
    description TEXT,

    -- Pricing
    monthly_price DECIMAL(10,2) NOT NULL DEFAULT 0.00,
    yearly_price DECIMAL(10,2),
    setup_fee DECIMAL(10,2) DEFAULT 0.00,
    currency VARCHAR(3) DEFAULT 'USD',

    -- Code Generation Limits (Monthly)
    monthly_unit_codes INTEGER NOT NULL DEFAULT 0,
    monthly_packet_codes INTEGER NOT NULL DEFAULT 0,
    monthly_carton_codes INTEGER NOT NULL DEFAULT 0,
    monthly_bundle_codes INTEGER NOT NULL DEFAULT 0,

    -- User Limits
    max_users INTEGER NOT NULL DEFAULT 1,
    max_stores INTEGER NOT NULL DEFAULT 1,
    max_drivers INTEGER NOT NULL DEFAULT 1,

    -- Features
    features JSONB DEFAULT '[]',
    is_custom BOOLEAN DEFAULT FALSE,
    is_recommended BOOLEAN DEFAULT FALSE,

    -- Status
    status VARCHAR(20) DEFAULT 'active',
    company_count INTEGER DEFAULT 0,

    -- Metadata
    metadata JSONB DEFAULT '{}',
    created_at TIMESTAMP WITH TIME ZONE DEFAULT NOW(),
    updated_at TIMESTAMP WITH TIME ZONE DEFAULT NOW(),
    archived_at TIMESTAMP WITH TIME ZONE
);

-- Company Subscriptions
CREATE TABLE company_subscriptions (
    id UUID PRIMARY KEY DEFAULT uuid_generate_v4(),
    company_id UUID NOT NULL REFERENCES companies(id) ON DELETE CASCADE,
    plan_id UUID NOT NULL REFERENCES subscription_plans(id),

    -- Subscription Details
    billing_cycle VARCHAR(20) NOT NULL DEFAULT 'monthly',
    start_date DATE NOT NULL,
    end_date DATE,
    renewal_date DATE,
    auto_renew BOOLEAN DEFAULT TRUE,

    -- Payment Information
    payment_method VARCHAR(50),
    payment_status VARCHAR(20) DEFAULT 'pending',
    last_payment_date DATE,
    next_payment_date DATE,

    -- Usage Tracking (Current Period)
    current_unit_codes_used INTEGER DEFAULT 0,
    current_packet_codes_used INTEGER DEFAULT 0,
    current_carton_codes_used INTEGER DEFAULT 0,
    current_bundle_codes_used INTEGER DEFAULT 0,

    -- Status
    status VARCHAR(20) DEFAULT 'active',
    cancellation_reason TEXT,
    cancelled_at TIMESTAMP WITH TIME ZONE,

    -- Metadata
    metadata JSONB DEFAULT '{}',
    created_at TIMESTAMP WITH TIME ZONE DEFAULT NOW(),
    updated_at TIMESTAMP WITH TIME ZONE DEFAULT NOW(),

    -- Constraints
    UNIQUE(company_id, plan_id, status) WHERE status = 'active'
);

-- Invoices
CREATE TABLE invoices (
    id UUID PRIMARY KEY DEFAULT uuid_generate_v4(),
    company_id UUID NOT NULL REFERENCES companies(id) ON DELETE CASCADE,
    subscription_id UUID REFERENCES company_subscriptions(id) ON DELETE SET NULL,
    invoice_number VARCHAR(100) UNIQUE NOT NULL,

    -- Invoice Details
    period_start DATE NOT NULL,
    period_end DATE NOT NULL,
    issue_date DATE NOT NULL,
    due_date DATE NOT NULL,

    -- Amounts
    subtotal DECIMAL(10,2) NOT NULL,
    tax_amount DECIMAL(10,2) DEFAULT 0.00,
    discount_amount DECIMAL(10,2) DEFAULT 0.00,
    total_amount DECIMAL(10,2) NOT NULL,
    currency VARCHAR(3) DEFAULT 'USD',

    -- Items
    items JSONB DEFAULT '[]',

    -- Payment Status
    status VARCHAR(20) DEFAULT 'pending',
    payment_date DATE,
    payment_method VARCHAR(50),
    payment_reference VARCHAR(255),

    -- Metadata
    notes TEXT,
    metadata JSONB DEFAULT '{}',
    created_at TIMESTAMP WITH TIME ZONE DEFAULT NOW(),
    updated_at TIMESTAMP WITH TIME ZONE DEFAULT NOW()
);

-- ============================================
-- FACTORY ADMIN TABLES (Code Management)
-- ============================================

-- Factory Users (Admins, Store Keepers, Drivers)
CREATE TABLE factory_users (
    id UUID PRIMARY KEY DEFAULT uuid_generate_v4(),
    company_id UUID NOT NULL REFERENCES companies(id) ON DELETE CASCADE,

    -- User Information
    email VARCHAR(255) NOT NULL,
    phone VARCHAR(50),
    full_name VARCHAR(255) NOT NULL,
    position VARCHAR(100) NOT NULL,

    -- Authentication
    password_hash VARCHAR(255) NOT NULL,
    password_salt VARCHAR(255) NOT NULL,
    email_verified BOOLEAN DEFAULT FALSE,
    phone_verified BOOLEAN DEFAULT FALSE,

    -- Permissions
    permissions JSONB DEFAULT '[]',
    is_active BOOLEAN DEFAULT TRUE,
    last_login_at TIMESTAMP WITH TIME ZONE,

    -- Metadata
    metadata JSONB DEFAULT '{}',
    created_at TIMESTAMP WITH TIME ZONE DEFAULT NOW(),
    updated_at TIMESTAMP WITH TIME ZONE DEFAULT NOW(),
    deleted_at TIMESTAMP WITH TIME ZONE,

    -- Constraints
    UNIQUE(company_id, email)
);

-- Products
CREATE TABLE products (
    id UUID PRIMARY KEY DEFAULT uuid_generate_v4(),
    company_id UUID NOT NULL REFERENCES companies(id) ON DELETE CASCADE,

    -- Product Information
    name VARCHAR(255) NOT NULL,
    sku VARCHAR(100) UNIQUE NOT NULL,
    description TEXT,
    category VARCHAR(100),

    -- Product Type Specific Fields
    product_type VARCHAR(50) NOT NULL DEFAULT 'other',
    requires_manufacturing_date BOOLEAN DEFAULT FALSE,
    requires_expiry_date BOOLEAN DEFAULT FALSE,
    requires_warranty BOOLEAN DEFAULT FALSE,

    -- Default Values
    default_warranty_months INTEGER,
    default_storage_conditions TEXT,
    default_handling_instructions TEXT,

    -- Images
    image_urls TEXT[] DEFAULT '{}',

    -- Metadata
    metadata JSONB DEFAULT '{}',
    is_deleted BOOLEAN DEFAULT FALSE,
    created_at TIMESTAMP WITH TIME ZONE DEFAULT NOW(),
    updated_at TIMESTAMP WITH TIME ZONE DEFAULT NOW()
);

-- Base Codes Table (Common fields for all code types)
CREATE TABLE base_codes (
    id UUID PRIMARY KEY DEFAULT uuid_generate_v4(),
    company_id UUID NOT NULL REFERENCES companies(id) ON DELETE CASCADE,
    subscription_plan_id UUID NOT NULL REFERENCES subscription_plans(id),

    -- Code Information
    code VARCHAR(100) UNIQUE NOT NULL,
    code_type VARCHAR(20) NOT NULL,
    status VARCHAR(20) NOT NULL DEFAULT 'generated',

    -- Internal Tracking
    store_keeper_code VARCHAR(100) NOT NULL,
    international_code VARCHAR(255),
    batch_id VARCHAR(100) NOT NULL,

    -- Timestamps
    generated_at TIMESTAMP WITH TIME ZONE NOT NULL DEFAULT NOW(),
    linked_at TIMESTAMP WITH TIME ZONE,
    published_at TIMESTAMP WITH TIME ZONE,
    deactivated_at TIMESTAMP WITH TIME ZONE,

    -- Product Linking
    product_id UUID REFERENCES products(id) ON DELETE SET NULL,
    product_batch_number VARCHAR(100),
    manufacturing_date DATE,
    expiry_date DATE,
    warranty_months INTEGER,

    -- Code Data
    qr_code_data TEXT,
    barcode_data TEXT,

    -- Metadata
    metadata JSONB DEFAULT '{}',
    version INTEGER DEFAULT 1,
    is_deleted BOOLEAN DEFAULT FALSE,
    created_at TIMESTAMP WITH TIME ZONE DEFAULT NOW(),
    updated_at TIMESTAMP WITH TIME ZONE DEFAULT NOW()
);

-- Bundle Codes (Extends base_codes)
CREATE TABLE bundle_codes (
    id UUID PRIMARY KEY REFERENCES base_codes(id) ON DELETE CASCADE,

    -- Bundle Specific Fields
    cartons_per_bundle INTEGER NOT NULL,
    bundle_weight_kg DECIMAL(10,2),
    bundle_dimensions VARCHAR(100),

    -- Shipping Information
    storage_location VARCHAR(255),
    shipping_method VARCHAR(100),
    expected_delivery_date DATE,

    -- Additional Information
    category VARCHAR(100),
    handling_instructions TEXT,
    customs_declaration_number VARCHAR(100),
    insurance_value DECIMAL(10,2),
    priority INTEGER DEFAULT 2
);

-- Carton Codes (Extends base_codes)
CREATE TABLE carton_codes (
    id UUID PRIMARY KEY REFERENCES base_codes(id) ON DELETE CASCADE,

    -- Hierarchy
    bundle_code_id UUID REFERENCES bundle_codes(id) ON DELETE CASCADE,

    -- Carton Specific Fields
    packet_count INTEGER NOT NULL,
    packet_codes UUID[] DEFAULT '{}',
    sequence_number INTEGER NOT NULL,
    total_units INTEGER NOT NULL,

    -- Physical Properties
    weight_kg DECIMAL(10,2),
    dimensions VARCHAR(100),
    carton_type VARCHAR(50),
    grade VARCHAR(20),
    max_weight_capacity_kg DECIMAL(10,2),

    -- Sealing Information
    is_sealed BOOLEAN DEFAULT FALSE,
    sealed_at TIMESTAMP WITH TIME ZONE,
    sealed_by UUID REFERENCES factory_users(id),

    -- Handling Requirements
    temperature_requirements VARCHAR(100),
    handling_instructions TEXT,

    -- Additional Codes
    carton_barcode VARCHAR(255),
    carton_qr_code VARCHAR(255),

    -- Condition & Inspection
    condition VARCHAR(50) DEFAULT 'New',
    last_inspection_date DATE,
    inspection_notes TEXT
);

-- Packet Codes (Extends base_codes)
CREATE TABLE packet_codes (
    id UUID PRIMARY KEY REFERENCES base_codes(id) ON DELETE CASCADE,

    -- Hierarchy
    carton_code_id UUID REFERENCES carton_codes(id) ON DELETE CASCADE,

    -- Packet Specific Fields
    unit_count INTEGER NOT NULL,
    unit_codes UUID[] DEFAULT '{}',
    sequence_number INTEGER NOT NULL,

    -- Physical Properties
    weight_grams DECIMAL(10,2),
    dimensions VARCHAR(100),
    packet_type VARCHAR(50),
    material VARCHAR(50),

    -- Sealing Information
    is_sealed BOOLEAN DEFAULT FALSE,
    sealed_at TIMESTAMP WITH TIME ZONE,
    sealed_by UUID REFERENCES factory_users(id),
    sealing_method VARCHAR(50),

    -- Additional Codes
    packet_barcode VARCHAR(255),
    packet_qr_code VARCHAR(255),

    -- Safety Features
    condition VARCHAR(50) DEFAULT 'Intact',
    has_tamper_evidence BOOLEAN DEFAULT FALSE,
    has_child_safety BOOLEAN DEFAULT FALSE,
    has_instructions BOOLEAN DEFAULT FALSE,

    -- Identification
    packet_batch_number VARCHAR(100),
    serial_number VARCHAR(100)
);

-- Unit Codes (Authentication Codes - Extends base_codes)
CREATE TABLE unit_codes (
    id UUID PRIMARY KEY REFERENCES base_codes(id) ON DELETE CASCADE,

    -- Hierarchy
    packet_code_id UUID REFERENCES packet_codes(id) ON DELETE CASCADE,

    -- Unit Specific Fields
    sequence_number INTEGER NOT NULL,
    authentication_code VARCHAR(255) NOT NULL UNIQUE,

    -- Authentication Hierarchy
    is_master_code BOOLEAN DEFAULT FALSE,
    master_code_id UUID REFERENCES unit_codes(id),

    -- Verification Tracking
    verification_count INTEGER DEFAULT 0,
    first_verified_at TIMESTAMP WITH TIME ZONE,
    last_verified_at TIMESTAMP WITH TIME ZONE,
    verification_location VARCHAR(255),
    verified_by UUID,

    -- Fake Reporting
    is_reported_fake BOOLEAN DEFAULT FALSE,
    fake_reported_at TIMESTAMP WITH TIME ZONE,
    fake_reported_by UUID,
    fake_report_reason TEXT,

    -- Blocking
    is_blocked BOOLEAN DEFAULT FALSE,
    blocked_at TIMESTAMP WITH TIME ZONE,
    blocked_by UUID REFERENCES factory_users(id),
    block_reason TEXT,

    -- Identification
    serial_number VARCHAR(100) NOT NULL UNIQUE,
    model VARCHAR(100)
);

-- Code Verification History
CREATE TABLE code_verification_history (
    id UUID PRIMARY KEY DEFAULT uuid_generate_v4(),
    unit_code_id UUID NOT NULL REFERENCES unit_codes(id) ON DELETE CASCADE,

    -- Verification Details
    verification_type VARCHAR(50) NOT NULL,
    verification_method VARCHAR(50),
    verification_result VARCHAR(50) NOT NULL,

    -- Location & Device
    latitude DECIMAL(10,8),
    longitude DECIMAL(11,8),
    location_address TEXT,
    device_id VARCHAR(255),
    device_type VARCHAR(50),

    -- User Information
    user_id UUID,
    user_type VARCHAR(50),

    -- Timestamps
    verified_at TIMESTAMP WITH TIME ZONE DEFAULT NOW(),

    -- Additional Data
    notes TEXT,
    metadata JSONB DEFAULT '{}'
);

-- Customer Users (for verification tracking)
CREATE TABLE customer_users (
    id UUID PRIMARY KEY DEFAULT uuid_generate_v4(),

    -- User Information
    email VARCHAR(255) UNIQUE,
    phone VARCHAR(50) UNIQUE,
    full_name VARCHAR(255),

    -- Authentication (optional for registered customers)
    password_hash VARCHAR(255),
    password_salt VARCHAR(255),

    -- Preferences
    language VARCHAR(10) DEFAULT 'en',
    notification_preferences JSONB DEFAULT '{"email": true, "push": true}',

    -- Statistics
    total_verifications INTEGER DEFAULT 0,
    fake_reports_count INTEGER DEFAULT 0,
    last_verification_at TIMESTAMP WITH TIME ZONE,

    -- Metadata
    metadata JSONB DEFAULT '{}',
    created_at TIMESTAMP WITH TIME ZONE DEFAULT NOW(),
    updated_at TIMESTAMP WITH TIME ZONE DEFAULT NOW()
);

-- ============================================
-- AUDIT & LOGGING TABLES
-- ============================================

-- Audit Logs (Track all important actions)
CREATE TABLE audit_logs (
    id UUID PRIMARY KEY DEFAULT uuid_generate_v4(),

    -- Action Details
    action_type VARCHAR(100) NOT NULL,
    entity_type VARCHAR(100) NOT NULL,
    entity_id UUID NOT NULL,

    -- User Information
    user_id UUID,
    user_type VARCHAR(50),
    user_ip INET,
    user_agent TEXT,

    -- Changes
    old_values JSONB,
    new_values JSONB,
    changes JSONB,

    -- Result
    success BOOLEAN DEFAULT TRUE,
    error_message TEXT,

    -- Timestamps
    performed_at TIMESTAMP WITH TIME ZONE DEFAULT NOW()
);

-- System Logs (For debugging and monitoring)
CREATE TABLE system_logs (
    id UUID PRIMARY KEY DEFAULT uuid_generate_v4(),

    -- Log Details
    log_level VARCHAR(20) NOT NULL,
    logger_name VARCHAR(255) NOT NULL,
    message TEXT NOT NULL,

    -- Context
    context JSONB DEFAULT '{}',
    stack_trace TEXT,

    -- Source
    source_file VARCHAR(255),
    source_line INTEGER,
    source_function VARCHAR(255),

    -- Environment
    environment VARCHAR(50) DEFAULT 'production',
    version VARCHAR(50),

    -- Timestamps
    logged_at TIMESTAMP WITH TIME ZONE DEFAULT NOW()
);

-- ============================================
-- CREATE INDEXES
-- ============================================

-- Companies indexes
CREATE INDEX idx_companies_status ON companies(status);
CREATE INDEX idx_companies_verification_status ON companies(verification_status);
CREATE INDEX idx_companies_country ON companies(country);
CREATE INDEX idx_companies_created_at ON companies(created_at DESC);

-- Company documents indexes
CREATE INDEX idx_company_documents_company ON company_documents(company_id);
CREATE INDEX idx_company_documents_type ON company_documents(document_type);
CREATE INDEX idx_company_documents_status ON company_documents(verification_status);

-- Subscription plans indexes
CREATE INDEX idx_subscription_plans_type ON subscription_plans(type);
CREATE INDEX idx_subscription_plans_status ON subscription_plans(status);
CREATE INDEX idx_subscription_plans_price ON subscription_plans(monthly_price);

-- Company subscriptions indexes
CREATE INDEX idx_company_subscriptions_company ON company_subscriptions(company_id);
CREATE INDEX idx_company_subscriptions_plan ON company_subscriptions(plan_id);
CREATE INDEX idx_company_subscriptions_status ON company_subscriptions(status);
CREATE INDEX idx_company_subscriptions_dates ON company_subscriptions(start_date, end_date);

-- Invoices indexes
CREATE INDEX idx_invoices_company ON invoices(company_id);
CREATE INDEX idx
) {"exception":"[object] (Illuminate\\Database\\QueryException(code: 42601): SQLSTATE[42601]: Syntax error: 7 ERRORE:  errore di sintassi a o presso \"WHERE\"
LINE 162:     UNIQUE(company_id, plan_id, status) WHERE status = 'acti...
                                                  ^ (Connection: pgsql, Host: localhost, Port: 5444, Database: nexasystem_db, SQL: -- NexaTrace System - Initial Database Migration

-- Migration ID: 001_initial_schema

-- Created: 2024-01-01

-- Description: Creates initial database schema for NexaTrace System



-- Enable required extensions

CREATE EXTENSION IF NOT EXISTS \"uuid-ossp\";

CREATE EXTENSION IF NOT EXISTS pgcrypto;



-- ============================================

-- SUPER ADMIN TABLES (Platform Management)

-- ============================================



-- Companies (Factories/Client Companies)

CREATE TABLE companies (

    id UUID PRIMARY KEY DEFAULT uuid_generate_v4(),

    name VARCHAR(255) NOT NULL,

    business_registration_number VARCHAR(100) UNIQUE NOT NULL,

    tax_id VARCHAR(100),

    company_type VARCHAR(50) NOT NULL DEFAULT 'manufacturing',

    industry_type VARCHAR(50) NOT NULL DEFAULT 'other',



    -- Contact Information

    email VARCHAR(255) UNIQUE NOT NULL,

    phone VARCHAR(50),

    website VARCHAR(255),

    country VARCHAR(100) NOT NULL,

    city VARCHAR(100) NOT NULL,

    address TEXT,

    postal_code VARCHAR(50),



    -- Contact Person

    contact_person_name VARCHAR(255) NOT NULL,

    contact_person_email VARCHAR(255) NOT NULL,

    contact_person_phone VARCHAR(50) NOT NULL,

    contact_person_position VARCHAR(100),



    -- Status & Verification

    status VARCHAR(20) NOT NULL DEFAULT 'pending',

    verification_status VARCHAR(20) NOT NULL DEFAULT 'notSubmitted',

    verification_notes TEXT,

    verified_at TIMESTAMP WITH TIME ZONE,

    verified_by UUID,



    -- Settings

    timezone VARCHAR(50) DEFAULT 'UTC',

    language VARCHAR(10) DEFAULT 'en',

    currency VARCHAR(3) DEFAULT 'USD',

    logo_url TEXT,



    -- Usage Tracking

    total_codes_generated INTEGER DEFAULT 0,

    active_users_count INTEGER DEFAULT 0,

    last_activity_at TIMESTAMP WITH TIME ZONE,



    -- Metadata

    metadata JSONB DEFAULT '{}',

    is_deleted BOOLEAN DEFAULT FALSE,

    created_at TIMESTAMP WITH TIME ZONE DEFAULT NOW(),

    updated_at TIMESTAMP WITH TIME ZONE DEFAULT NOW(),

    deleted_at TIMESTAMP WITH TIME ZONE

);



-- Company Documents

CREATE TABLE company_documents (

    id UUID PRIMARY KEY DEFAULT uuid_generate_v4(),

    company_id UUID NOT NULL REFERENCES companies(id) ON DELETE CASCADE,

    document_type VARCHAR(50) NOT NULL,

    document_name VARCHAR(255) NOT NULL,

    document_url TEXT NOT NULL,

    file_size INTEGER,

    mime_type VARCHAR(100),



    -- Verification

    verification_status VARCHAR(20) DEFAULT 'pending',

    verification_notes TEXT,

    verified_at TIMESTAMP WITH TIME ZONE,

    verified_by UUID,



    -- Metadata

    is_deleted BOOLEAN DEFAULT FALSE,

    created_at TIMESTAMP WITH TIME ZONE DEFAULT NOW(),

    updated_at TIMESTAMP WITH TIME ZONE DEFAULT NOW()

);



-- Subscription Plans

CREATE TABLE subscription_plans (

    id UUID PRIMARY KEY DEFAULT uuid_generate_v4(),

    name VARCHAR(100) NOT NULL,

    type VARCHAR(20) NOT NULL DEFAULT 'basic',

    description TEXT,



    -- Pricing

    monthly_price DECIMAL(10,2) NOT NULL DEFAULT 0.00,

    yearly_price DECIMAL(10,2),

    setup_fee DECIMAL(10,2) DEFAULT 0.00,

    currency VARCHAR(3) DEFAULT 'USD',



    -- Code Generation Limits (Monthly)

    monthly_unit_codes INTEGER NOT NULL DEFAULT 0,

    monthly_packet_codes INTEGER NOT NULL DEFAULT 0,

    monthly_carton_codes INTEGER NOT NULL DEFAULT 0,

    monthly_bundle_codes INTEGER NOT NULL DEFAULT 0,



    -- User Limits

    max_users INTEGER NOT NULL DEFAULT 1,

    max_stores INTEGER NOT NULL DEFAULT 1,

    max_drivers INTEGER NOT NULL DEFAULT 1,



    -- Features

    features JSONB DEFAULT '[]',

    is_custom BOOLEAN DEFAULT FALSE,

    is_recommended BOOLEAN DEFAULT FALSE,



    -- Status

    status VARCHAR(20) DEFAULT 'active',

    company_count INTEGER DEFAULT 0,



    -- Metadata

    metadata JSONB DEFAULT '{}',

    created_at TIMESTAMP WITH TIME ZONE DEFAULT NOW(),

    updated_at TIMESTAMP WITH TIME ZONE DEFAULT NOW(),

    archived_at TIMESTAMP WITH TIME ZONE

);



-- Company Subscriptions

CREATE TABLE company_subscriptions (

    id UUID PRIMARY KEY DEFAULT uuid_generate_v4(),

    company_id UUID NOT NULL REFERENCES companies(id) ON DELETE CASCADE,

    plan_id UUID NOT NULL REFERENCES subscription_plans(id),



    -- Subscription Details

    billing_cycle VARCHAR(20) NOT NULL DEFAULT 'monthly',

    start_date DATE NOT NULL,

    end_date DATE,

    renewal_date DATE,

    auto_renew BOOLEAN DEFAULT TRUE,



    -- Payment Information

    payment_method VARCHAR(50),

    payment_status VARCHAR(20) DEFAULT 'pending',

    last_payment_date DATE,

    next_payment_date DATE,



    -- Usage Tracking (Current Period)

    current_unit_codes_used INTEGER DEFAULT 0,

    current_packet_codes_used INTEGER DEFAULT 0,

    current_carton_codes_used INTEGER DEFAULT 0,

    current_bundle_codes_used INTEGER DEFAULT 0,



    -- Status

    status VARCHAR(20) DEFAULT 'active',

    cancellation_reason TEXT,

    cancelled_at TIMESTAMP WITH TIME ZONE,



    -- Metadata

    metadata JSONB DEFAULT '{}',

    created_at TIMESTAMP WITH TIME ZONE DEFAULT NOW(),

    updated_at TIMESTAMP WITH TIME ZONE DEFAULT NOW(),



    -- Constraints

    UNIQUE(company_id, plan_id, status) WHERE status = 'active'

);



-- Invoices

CREATE TABLE invoices (

    id UUID PRIMARY KEY DEFAULT uuid_generate_v4(),

    company_id UUID NOT NULL REFERENCES companies(id) ON DELETE CASCADE,

    subscription_id UUID REFERENCES company_subscriptions(id) ON DELETE SET NULL,

    invoice_number VARCHAR(100) UNIQUE NOT NULL,



    -- Invoice Details

    period_start DATE NOT NULL,

    period_end DATE NOT NULL,

    issue_date DATE NOT NULL,

    due_date DATE NOT NULL,



    -- Amounts

    subtotal DECIMAL(10,2) NOT NULL,

    tax_amount DECIMAL(10,2) DEFAULT 0.00,

    discount_amount DECIMAL(10,2) DEFAULT 0.00,

    total_amount DECIMAL(10,2) NOT NULL,

    currency VARCHAR(3) DEFAULT 'USD',



    -- Items

    items JSONB DEFAULT '[]',



    -- Payment Status

    status VARCHAR(20) DEFAULT 'pending',

    payment_date DATE,

    payment_method VARCHAR(50),

    payment_reference VARCHAR(255),



    -- Metadata

    notes TEXT,

    metadata JSONB DEFAULT '{}',

    created_at TIMESTAMP WITH TIME ZONE DEFAULT NOW(),

    updated_at TIMESTAMP WITH TIME ZONE DEFAULT NOW()

);



-- ============================================

-- FACTORY ADMIN TABLES (Code Management)

-- ============================================



-- Factory Users (Admins, Store Keepers, Drivers)

CREATE TABLE factory_users (

    id UUID PRIMARY KEY DEFAULT uuid_generate_v4(),

    company_id UUID NOT NULL REFERENCES companies(id) ON DELETE CASCADE,



    -- User Information

    email VARCHAR(255) NOT NULL,

    phone VARCHAR(50),

    full_name VARCHAR(255) NOT NULL,

    position VARCHAR(100) NOT NULL,



    -- Authentication

    password_hash VARCHAR(255) NOT NULL,

    password_salt VARCHAR(255) NOT NULL,

    email_verified BOOLEAN DEFAULT FALSE,

    phone_verified BOOLEAN DEFAULT FALSE,



    -- Permissions

    permissions JSONB DEFAULT '[]',

    is_active BOOLEAN DEFAULT TRUE,

    last_login_at TIMESTAMP WITH TIME ZONE,



    -- Metadata

    metadata JSONB DEFAULT '{}',

    created_at TIMESTAMP WITH TIME ZONE DEFAULT NOW(),

    updated_at TIMESTAMP WITH TIME ZONE DEFAULT NOW(),

    deleted_at TIMESTAMP WITH TIME ZONE,



    -- Constraints

    UNIQUE(company_id, email)

);



-- Products

CREATE TABLE products (

    id UUID PRIMARY KEY DEFAULT uuid_generate_v4(),

    company_id UUID NOT NULL REFERENCES companies(id) ON DELETE CASCADE,



    -- Product Information

    name VARCHAR(255) NOT NULL,

    sku VARCHAR(100) UNIQUE NOT NULL,

    description TEXT,

    category VARCHAR(100),



    -- Product Type Specific Fields

    product_type VARCHAR(50) NOT NULL DEFAULT 'other',

    requires_manufacturing_date BOOLEAN DEFAULT FALSE,

    requires_expiry_date BOOLEAN DEFAULT FALSE,

    requires_warranty BOOLEAN DEFAULT FALSE,



    -- Default Values

    default_warranty_months INTEGER,

    default_storage_conditions TEXT,

    default_handling_instructions TEXT,



    -- Images

    image_urls TEXT[] DEFAULT '{}',



    -- Metadata

    metadata JSONB DEFAULT '{}',

    is_deleted BOOLEAN DEFAULT FALSE,

    created_at TIMESTAMP WITH TIME ZONE DEFAULT NOW(),

    updated_at TIMESTAMP WITH TIME ZONE DEFAULT NOW()

);



-- Base Codes Table (Common fields for all code types)

CREATE TABLE base_codes (

    id UUID PRIMARY KEY DEFAULT uuid_generate_v4(),

    company_id UUID NOT NULL REFERENCES companies(id) ON DELETE CASCADE,

    subscription_plan_id UUID NOT NULL REFERENCES subscription_plans(id),



    -- Code Information

    code VARCHAR(100) UNIQUE NOT NULL,

    code_type VARCHAR(20) NOT NULL,

    status VARCHAR(20) NOT NULL DEFAULT 'generated',



    -- Internal Tracking

    store_keeper_code VARCHAR(100) NOT NULL,

    international_code VARCHAR(255),

    batch_id VARCHAR(100) NOT NULL,



    -- Timestamps

    generated_at TIMESTAMP WITH TIME ZONE NOT NULL DEFAULT NOW(),

    linked_at TIMESTAMP WITH TIME ZONE,

    published_at TIMESTAMP WITH TIME ZONE,

    deactivated_at TIMESTAMP WITH TIME ZONE,



    -- Product Linking

    product_id UUID REFERENCES products(id) ON DELETE SET NULL,

    product_batch_number VARCHAR(100),

    manufacturing_date DATE,

    expiry_date DATE,

    warranty_months INTEGER,



    -- Code Data

    qr_code_data TEXT,

    barcode_data TEXT,



    -- Metadata

    metadata JSONB DEFAULT '{}',

    version INTEGER DEFAULT 1,

    is_deleted BOOLEAN DEFAULT FALSE,

    created_at TIMESTAMP WITH TIME ZONE DEFAULT NOW(),

    updated_at TIMESTAMP WITH TIME ZONE DEFAULT NOW()

);



-- Bundle Codes (Extends base_codes)

CREATE TABLE bundle_codes (

    id UUID PRIMARY KEY REFERENCES base_codes(id) ON DELETE CASCADE,



    -- Bundle Specific Fields

    cartons_per_bundle INTEGER NOT NULL,

    bundle_weight_kg DECIMAL(10,2),

    bundle_dimensions VARCHAR(100),



    -- Shipping Information

    storage_location VARCHAR(255),

    shipping_method VARCHAR(100),

    expected_delivery_date DATE,



    -- Additional Information

    category VARCHAR(100),

    handling_instructions TEXT,

    customs_declaration_number VARCHAR(100),

    insurance_value DECIMAL(10,2),

    priority INTEGER DEFAULT 2

);



-- Carton Codes (Extends base_codes)

CREATE TABLE carton_codes (

    id UUID PRIMARY KEY REFERENCES base_codes(id) ON DELETE CASCADE,



    -- Hierarchy

    bundle_code_id UUID REFERENCES bundle_codes(id) ON DELETE CASCADE,



    -- Carton Specific Fields

    packet_count INTEGER NOT NULL,

    packet_codes UUID[] DEFAULT '{}',

    sequence_number INTEGER NOT NULL,

    total_units INTEGER NOT NULL,



    -- Physical Properties

    weight_kg DECIMAL(10,2),

    dimensions VARCHAR(100),

    carton_type VARCHAR(50),

    grade VARCHAR(20),

    max_weight_capacity_kg DECIMAL(10,2),



    -- Sealing Information

    is_sealed BOOLEAN DEFAULT FALSE,

    sealed_at TIMESTAMP WITH TIME ZONE,

    sealed_by UUID REFERENCES factory_users(id),



    -- Handling Requirements

    temperature_requirements VARCHAR(100),

    handling_instructions TEXT,



    -- Additional Codes

    carton_barcode VARCHAR(255),

    carton_qr_code VARCHAR(255),



    -- Condition & Inspection

    condition VARCHAR(50) DEFAULT 'New',

    last_inspection_date DATE,

    inspection_notes TEXT

);



-- Packet Codes (Extends base_codes)

CREATE TABLE packet_codes (

    id UUID PRIMARY KEY REFERENCES base_codes(id) ON DELETE CASCADE,



    -- Hierarchy

    carton_code_id UUID REFERENCES carton_codes(id) ON DELETE CASCADE,



    -- Packet Specific Fields

    unit_count INTEGER NOT NULL,

    unit_codes UUID[] DEFAULT '{}',

    sequence_number INTEGER NOT NULL,



    -- Physical Properties

    weight_grams DECIMAL(10,2),

    dimensions VARCHAR(100),

    packet_type VARCHAR(50),

    material VARCHAR(50),



    -- Sealing Information

    is_sealed BOOLEAN DEFAULT FALSE,

    sealed_at TIMESTAMP WITH TIME ZONE,

    sealed_by UUID REFERENCES factory_users(id),

    sealing_method VARCHAR(50),



    -- Additional Codes

    packet_barcode VARCHAR(255),

    packet_qr_code VARCHAR(255),



    -- Safety Features

    condition VARCHAR(50) DEFAULT 'Intact',

    has_tamper_evidence BOOLEAN DEFAULT FALSE,

    has_child_safety BOOLEAN DEFAULT FALSE,

    has_instructions BOOLEAN DEFAULT FALSE,



    -- Identification

    packet_batch_number VARCHAR(100),

    serial_number VARCHAR(100)

);



-- Unit Codes (Authentication Codes - Extends base_codes)

CREATE TABLE unit_codes (

    id UUID PRIMARY KEY REFERENCES base_codes(id) ON DELETE CASCADE,



    -- Hierarchy

    packet_code_id UUID REFERENCES packet_codes(id) ON DELETE CASCADE,



    -- Unit Specific Fields

    sequence_number INTEGER NOT NULL,

    authentication_code VARCHAR(255) NOT NULL UNIQUE,



    -- Authentication Hierarchy

    is_master_code BOOLEAN DEFAULT FALSE,

    master_code_id UUID REFERENCES unit_codes(id),



    -- Verification Tracking

    verification_count INTEGER DEFAULT 0,

    first_verified_at TIMESTAMP WITH TIME ZONE,

    last_verified_at TIMESTAMP WITH TIME ZONE,

    verification_location VARCHAR(255),

    verified_by UUID,



    -- Fake Reporting

    is_reported_fake BOOLEAN DEFAULT FALSE,

    fake_reported_at TIMESTAMP WITH TIME ZONE,

    fake_reported_by UUID,

    fake_report_reason TEXT,



    -- Blocking

    is_blocked BOOLEAN DEFAULT FALSE,

    blocked_at TIMESTAMP WITH TIME ZONE,

    blocked_by UUID REFERENCES factory_users(id),

    block_reason TEXT,



    -- Identification

    serial_number VARCHAR(100) NOT NULL UNIQUE,

    model VARCHAR(100)

);



-- Code Verification History

CREATE TABLE code_verification_history (

    id UUID PRIMARY KEY DEFAULT uuid_generate_v4(),

    unit_code_id UUID NOT NULL REFERENCES unit_codes(id) ON DELETE CASCADE,



    -- Verification Details

    verification_type VARCHAR(50) NOT NULL,

    verification_method VARCHAR(50),

    verification_result VARCHAR(50) NOT NULL,



    -- Location & Device

    latitude DECIMAL(10,8),

    longitude DECIMAL(11,8),

    location_address TEXT,

    device_id VARCHAR(255),

    device_type VARCHAR(50),



    -- User Information

    user_id UUID,

    user_type VARCHAR(50),



    -- Timestamps

    verified_at TIMESTAMP WITH TIME ZONE DEFAULT NOW(),



    -- Additional Data

    notes TEXT,

    metadata JSONB DEFAULT '{}'

);



-- Customer Users (for verification tracking)

CREATE TABLE customer_users (

    id UUID PRIMARY KEY DEFAULT uuid_generate_v4(),



    -- User Information

    email VARCHAR(255) UNIQUE,

    phone VARCHAR(50) UNIQUE,

    full_name VARCHAR(255),



    -- Authentication (optional for registered customers)

    password_hash VARCHAR(255),

    password_salt VARCHAR(255),



    -- Preferences

    language VARCHAR(10) DEFAULT 'en',

    notification_preferences JSONB DEFAULT '{\"email\": true, \"push\": true}',



    -- Statistics

    total_verifications INTEGER DEFAULT 0,

    fake_reports_count INTEGER DEFAULT 0,

    last_verification_at TIMESTAMP WITH TIME ZONE,



    -- Metadata

    metadata JSONB DEFAULT '{}',

    created_at TIMESTAMP WITH TIME ZONE DEFAULT NOW(),

    updated_at TIMESTAMP WITH TIME ZONE DEFAULT NOW()

);



-- ============================================

-- AUDIT & LOGGING TABLES

-- ============================================



-- Audit Logs (Track all important actions)

CREATE TABLE audit_logs (

    id UUID PRIMARY KEY DEFAULT uuid_generate_v4(),



    -- Action Details

    action_type VARCHAR(100) NOT NULL,

    entity_type VARCHAR(100) NOT NULL,

    entity_id UUID NOT NULL,



    -- User Information

    user_id UUID,

    user_type VARCHAR(50),

    user_ip INET,

    user_agent TEXT,



    -- Changes

    old_values JSONB,

    new_values JSONB,

    changes JSONB,



    -- Result

    success BOOLEAN DEFAULT TRUE,

    error_message TEXT,



    -- Timestamps

    performed_at TIMESTAMP WITH TIME ZONE DEFAULT NOW()

);



-- System Logs (For debugging and monitoring)

CREATE TABLE system_logs (

    id UUID PRIMARY KEY DEFAULT uuid_generate_v4(),



    -- Log Details

    log_level VARCHAR(20) NOT NULL,

    logger_name VARCHAR(255) NOT NULL,

    message TEXT NOT NULL,



    -- Context

    context JSONB DEFAULT '{}',

    stack_trace TEXT,



    -- Source

    source_file VARCHAR(255),

    source_line INTEGER,

    source_function VARCHAR(255),



    -- Environment

    environment VARCHAR(50) DEFAULT 'production',

    version VARCHAR(50),



    -- Timestamps

    logged_at TIMESTAMP WITH TIME ZONE DEFAULT NOW()

);



-- ============================================

-- CREATE INDEXES

-- ============================================



-- Companies indexes

CREATE INDEX idx_companies_status ON companies(status);

CREATE INDEX idx_companies_verification_status ON companies(verification_status);

CREATE INDEX idx_companies_country ON companies(country);

CREATE INDEX idx_companies_created_at ON companies(created_at DESC);



-- Company documents indexes

CREATE INDEX idx_company_documents_company ON company_documents(company_id);

CREATE INDEX idx_company_documents_type ON company_documents(document_type);

CREATE INDEX idx_company_documents_status ON company_documents(verification_status);



-- Subscription plans indexes

CREATE INDEX idx_subscription_plans_type ON subscription_plans(type);

CREATE INDEX idx_subscription_plans_status ON subscription_plans(status);

CREATE INDEX idx_subscription_plans_price ON subscription_plans(monthly_price);



-- Company subscriptions indexes

CREATE INDEX idx_company_subscriptions_company ON company_subscriptions(company_id);

CREATE INDEX idx_company_subscriptions_plan ON company_subscriptions(plan_id);

CREATE INDEX idx_company_subscriptions_status ON company_subscriptions(status);

CREATE INDEX idx_company_subscriptions_dates ON company_subscriptions(start_date, end_date);



-- Invoices indexes

CREATE INDEX idx_invoices_company ON invoices(company_id);

CREATE INDEX idx

) at C:/Ecosystem/NexaTrace_System/backend/vendor/laravel/framework/src/Illuminate/Database/Connection.php:838)
[stacktrace]
#0 C:/Ecosystem/NexaTrace_System/backend/vendor/laravel/framework/src/Illuminate/Database/Connection.php(794): Illuminate/Database/Connection->runQueryCallback('-- NexaTrace Sy...', Array, Object(Closure))
#1 C:/Ecosystem/NexaTrace_System/backend/vendor/laravel/framework/src/Illuminate/Database/Connection.php(627): Illuminate/Database/Connection->run('-- NexaTrace Sy...', Array, Object(Closure))
#2 C:/Ecosystem/NexaTrace_System/backend/vendor/laravel/framework/src/Illuminate/Database/DatabaseManager.php(491): Illuminate/Database/Connection->unprepared('-- NexaTrace Sy...')
#3 C:/Ecosystem/NexaTrace_System/backend/vendor/laravel/framework/src/Illuminate/Support/Facades/Facade.php(363): Illuminate/Database/DatabaseManager->__call('unprepared', Array)
#4 C:/Ecosystem/NexaTrace_System/backend/database/migrations/2026_03_20_000100_run_core_schema_sql.php(17): Illuminate/Support/Facades/Facade::__callStatic('unprepared', Array)
#5 C:/Ecosystem/NexaTrace_System/backend/vendor/laravel/framework/src/Illuminate/Database/Migrations/Migrator.php(517): Illuminate/Database/Migrations/Migration@anonymous->up()
#6 C:/Ecosystem/NexaTrace_System/backend/vendor/laravel/framework/src/Illuminate/Database/Migrations/Migrator.php(442): Illuminate/Database/Migrations/Migrator->runMethod(Object(Illuminate/Database/PostgresConnection), Object(Illuminate/Database/Migrations/Migration@anonymous), 'up')
#7 C:/Ecosystem/NexaTrace_System/backend/vendor/laravel/framework/src/Illuminate/Database/Concerns/ManagesTransactions.php(35): Illuminate/Database/Migrations/Migrator->Illuminate/Database/Migrations/{closure}(Object(Illuminate/Database/PostgresConnection))
#8 C:/Ecosystem/NexaTrace_System/backend/vendor/laravel/framework/src/Illuminate/Database/Migrations/Migrator.php(450): Illuminate/Database/Connection->transaction(Object(Closure))
#9 C:/Ecosystem/NexaTrace_System/backend/vendor/laravel/framework/src/Illuminate/Database/Migrations/Migrator.php(253): Illuminate/Database/Migrations/Migrator->runMigration(Object(Illuminate/Database/Migrations/Migration@anonymous), 'up')
#10 C:/Ecosystem/NexaTrace_System/backend/vendor/laravel/framework/src/Illuminate/Console/View/Components/Task.php(41): Illuminate/Database/Migrations/Migrator->Illuminate/Database/Migrations/{closure}()
#11 C:/Ecosystem/NexaTrace_System/backend/vendor/laravel/framework/src/Illuminate/Database/Migrations/Migrator.php(814): Illuminate/Console/View/Components/Task->render('2026_03_20_0001...', Object(Closure))
#12 C:/Ecosystem/NexaTrace_System/backend/vendor/laravel/framework/src/Illuminate/Database/Migrations/Migrator.php(253): Illuminate/Database/Migrations/Migrator->write('Illuminate//Cons...', '2026_03_20_0001...', Object(Closure))
#13 C:/Ecosystem/NexaTrace_System/backend/vendor/laravel/framework/src/Illuminate/Database/Migrations/Migrator.php(211): Illuminate/Database/Migrations/Migrator->runUp('C://Ecosystem//Ne...', 1, false)
#14 C:/Ecosystem/NexaTrace_System/backend/vendor/laravel/framework/src/Illuminate/Database/Migrations/Migrator.php(138): Illuminate/Database/Migrations/Migrator->runPending(Array, Array)
#15 C:/Ecosystem/NexaTrace_System/backend/vendor/laravel/framework/src/Illuminate/Database/Console/Migrations/MigrateCommand.php(116): Illuminate/Database/Migrations/Migrator->run(Array, Array)
#16 C:/Ecosystem/NexaTrace_System/backend/vendor/laravel/framework/src/Illuminate/Database/Migrations/Migrator.php(671): Illuminate/Database/Console/Migrations/MigrateCommand->Illuminate/Database/Console/Migrations/{closure}()
#17 C:/Ecosystem/NexaTrace_System/backend/vendor/laravel/framework/src/Illuminate/Database/Console/Migrations/MigrateCommand.php(109): Illuminate/Database/Migrations/Migrator->usingConnection(NULL, Object(Closure))
#18 C:/Ecosystem/NexaTrace_System/backend/vendor/laravel/framework/src/Illuminate/Database/Console/Migrations/MigrateCommand.php(88): Illuminate/Database/Console/Migrations/MigrateCommand->runMigrations()
#19 C:/Ecosystem/NexaTrace_System/backend/vendor/laravel/framework/src/Illuminate/Container/BoundMethod.php(36): Illuminate/Database/Console/Migrations/MigrateCommand->handle()
#20 C:/Ecosystem/NexaTrace_System/backend/vendor/laravel/framework/src/Illuminate/Container/Util.php(43): Illuminate/Container/BoundMethod::Illuminate/Container/{closure}()
#21 C:/Ecosystem/NexaTrace_System/backend/vendor/laravel/framework/src/Illuminate/Container/BoundMethod.php(96): Illuminate/Container/Util::unwrapIfClosure(Object(Closure))
#22 C:/Ecosystem/NexaTrace_System/backend/vendor/laravel/framework/src/Illuminate/Container/BoundMethod.php(35): Illuminate/Container/BoundMethod::callBoundMethod(Object(Illuminate/Foundation/Application), Array, Object(Closure))
#23 C:/Ecosystem/NexaTrace_System/backend/vendor/laravel/framework/src/Illuminate/Container/Container.php(799): Illuminate/Container/BoundMethod::call(Object(Illuminate/Foundation/Application), Array, Array, NULL)
#24 C:/Ecosystem/NexaTrace_System/backend/vendor/laravel/framework/src/Illuminate/Console/Command.php(211): Illuminate/Container/Container->call(Array)
#25 C:/Ecosystem/NexaTrace_System/backend/vendor/symfony/console/Command/Command.php(341): Illuminate/Console/Command->execute(Object(Symfony/Component/Console/Input/ArgvInput), Object(Illuminate/Console/OutputStyle))
#26 C:/Ecosystem/NexaTrace_System/backend/vendor/laravel/framework/src/Illuminate/Console/Command.php(180): Symfony/Component/Console/Command/Command->run(Object(Symfony/Component/Console/Input/ArgvInput), Object(Illuminate/Console/OutputStyle))
#27 C:/Ecosystem/NexaTrace_System/backend/vendor/symfony/console/Application.php(1117): Illuminate/Console/Command->run(Object(Symfony/Component/Console/Input/ArgvInput), Object(Symfony/Component/Console/Output/ConsoleOutput))
#28 C:/Ecosystem/NexaTrace_System/backend/vendor/symfony/console/Application.php(356): Symfony/Component/Console/Application->doRunCommand(Object(Illuminate/Database/Console/Migrations/MigrateCommand), Object(Symfony/Component/Console/Input/ArgvInput), Object(Symfony/Component/Console/Output/ConsoleOutput))
#29 C:/Ecosystem/NexaTrace_System/backend/vendor/symfony/console/Application.php(195): Symfony/Component/Console/Application->doRun(Object(Symfony/Component/Console/Input/ArgvInput), Object(Symfony/Component/Console/Output/ConsoleOutput))
#30 C:/Ecosystem/NexaTrace_System/backend/vendor/laravel/framework/src/Illuminate/Foundation/Console/Kernel.php(198): Symfony/Component/Console/Application->run(Object(Symfony/Component/Console/Input/ArgvInput), Object(Symfony/Component/Console/Output/ConsoleOutput))
#31 C:/Ecosystem/NexaTrace_System/backend/vendor/laravel/framework/src/Illuminate/Foundation/Application.php(1235): Illuminate/Foundation/Console/Kernel->handle(Object(Symfony/Component/Console/Input/ArgvInput), Object(Symfony/Component/Console/Output/ConsoleOutput))
#32 C:/Ecosystem/NexaTrace_System/backend/artisan(16): Illuminate/Foundation/Application->handleCommand(Object(Symfony/Component/Console/Input/ArgvInput))
#33 {main}

[previous exception] [object] (PDOException(code: 42601): SQLSTATE[42601]: Syntax error: 7 ERRORE:  errore di sintassi a o presso \"WHERE\"
LINE 162:     UNIQUE(company_id, plan_id, status) WHERE status = 'acti...
                                                  ^ at C:/Ecosystem/NexaTrace_System/backend/vendor/laravel/framework/src/Illuminate/Database/Connection.php:633)
[stacktrace]
#0 C:/Ecosystem/NexaTrace_System/backend/vendor/laravel/framework/src/Illuminate/Database/Connection.php(633): PDO->exec('-- NexaTrace Sy...')
#1 C:/Ecosystem/NexaTrace_System/backend/vendor/laravel/framework/src/Illuminate/Database/Connection.php(827): Illuminate/Database/Connection->Illuminate/Database/{closure}('-- NexaTrace Sy...', Array)
#2 C:/Ecosystem/NexaTrace_System/backend/vendor/laravel/framework/src/Illuminate/Database/Connection.php(794): Illuminate/Database/Connection->runQueryCallback('-- NexaTrace Sy...', Array, Object(Closure))
#3 C:/Ecosystem/NexaTrace_System/backend/vendor/laravel/framework/src/Illuminate/Database/Connection.php(627): Illuminate/Database/Connection->run('-- NexaTrace Sy...', Array, Object(Closure))
#4 C:/Ecosystem/NexaTrace_System/backend/vendor/laravel/framework/src/Illuminate/Database/DatabaseManager.php(491): Illuminate/Database/Connection->unprepared('-- NexaTrace Sy...')
#5 C:/Ecosystem/NexaTrace_System/backend/vendor/laravel/framework/src/Illuminate/Support/Facades/Facade.php(363): Illuminate/Database/DatabaseManager->__call('unprepared', Array)
#6 C:/Ecosystem/NexaTrace_System/backend/database/migrations/2026_03_20_000100_run_core_schema_sql.php(17): Illuminate/Support/Facades/Facade::__callStatic('unprepared', Array)
#7 C:/Ecosystem/NexaTrace_System/backend/vendor/laravel/framework/src/Illuminate/Database/Migrations/Migrator.php(517): Illuminate/Database/Migrations/Migration@anonymous->up()
#8 C:/Ecosystem/NexaTrace_System/backend/vendor/laravel/framework/src/Illuminate/Database/Migrations/Migrator.php(442): Illuminate/Database/Migrations/Migrator->runMethod(Object(Illuminate/Database/PostgresConnection), Object(Illuminate/Database/Migrations/Migration@anonymous), 'up')
#9 C:/Ecosystem/NexaTrace_System/backend/vendor/laravel/framework/src/Illuminate/Database/Concerns/ManagesTransactions.php(35): Illuminate/Database/Migrations/Migrator->Illuminate/Database/Migrations/{closure}(Object(Illuminate/Database/PostgresConnection))
#10 C:/Ecosystem/NexaTrace_System/backend/vendor/laravel/framework/src/Illuminate/Database/Migrations/Migrator.php(450): Illuminate/Database/Connection->transaction(Object(Closure))
#11 C:/Ecosystem/NexaTrace_System/backend/vendor/laravel/framework/src/Illuminate/Database/Migrations/Migrator.php(253): Illuminate/Database/Migrations/Migrator->runMigration(Object(Illuminate/Database/Migrations/Migration@anonymous), 'up')
#12 C:/Ecosystem/NexaTrace_System/backend/vendor/laravel/framework/src/Illuminate/Console/View/Components/Task.php(41): Illuminate/Database/Migrations/Migrator->Illuminate/Database/Migrations/{closure}()
#13 C:/Ecosystem/NexaTrace_System/backend/vendor/laravel/framework/src/Illuminate/Database/Migrations/Migrator.php(814): Illuminate/Console/View/Components/Task->render('2026_03_20_0001...', Object(Closure))
#14 C:/Ecosystem/NexaTrace_System/backend/vendor/laravel/framework/src/Illuminate/Database/Migrations/Migrator.php(253): Illuminate/Database/Migrations/Migrator->write('Illuminate//Cons...', '2026_03_20_0001...', Object(Closure))
#15 C:/Ecosystem/NexaTrace_System/backend/vendor/laravel/framework/src/Illuminate/Database/Migrations/Migrator.php(211): Illuminate/Database/Migrations/Migrator->runUp('C://Ecosystem//Ne...', 1, false)
#16 C:/Ecosystem/NexaTrace_System/backend/vendor/laravel/framework/src/Illuminate/Database/Migrations/Migrator.php(138): Illuminate/Database/Migrations/Migrator->runPending(Array, Array)
#17 C:/Ecosystem/NexaTrace_System/backend/vendor/laravel/framework/src/Illuminate/Database/Console/Migrations/MigrateCommand.php(116): Illuminate/Database/Migrations/Migrator->run(Array, Array)
#18 C:/Ecosystem/NexaTrace_System/backend/vendor/laravel/framework/src/Illuminate/Database/Migrations/Migrator.php(671): Illuminate/Database/Console/Migrations/MigrateCommand->Illuminate/Database/Console/Migrations/{closure}()
#19 C:/Ecosystem/NexaTrace_System/backend/vendor/laravel/framework/src/Illuminate/Database/Console/Migrations/MigrateCommand.php(109): Illuminate/Database/Migrations/Migrator->usingConnection(NULL, Object(Closure))
#20 C:/Ecosystem/NexaTrace_System/backend/vendor/laravel/framework/src/Illuminate/Database/Console/Migrations/MigrateCommand.php(88): Illuminate/Database/Console/Migrations/MigrateCommand->runMigrations()
#21 C:/Ecosystem/NexaTrace_System/backend/vendor/laravel/framework/src/Illuminate/Container/BoundMethod.php(36): Illuminate/Database/Console/Migrations/MigrateCommand->handle()
#22 C:/Ecosystem/NexaTrace_System/backend/vendor/laravel/framework/src/Illuminate/Container/Util.php(43): Illuminate/Container/BoundMethod::Illuminate/Container/{closure}()
#23 C:/Ecosystem/NexaTrace_System/backend/vendor/laravel/framework/src/Illuminate/Container/BoundMethod.php(96): Illuminate/Container/Util::unwrapIfClosure(Object(Closure))
#24 C:/Ecosystem/NexaTrace_System/backend/vendor/laravel/framework/src/Illuminate/Container/BoundMethod.php(35): Illuminate/Container/BoundMethod::callBoundMethod(Object(Illuminate/Foundation/Application), Array, Object(Closure))
#25 C:/Ecosystem/NexaTrace_System/backend/vendor/laravel/framework/src/Illuminate/Container/Container.php(799): Illuminate/Container/BoundMethod::call(Object(Illuminate/Foundation/Application), Array, Array, NULL)
#26 C:/Ecosystem/NexaTrace_System/backend/vendor/laravel/framework/src/Illuminate/Console/Command.php(211): Illuminate/Container/Container->call(Array)
#27 C:/Ecosystem/NexaTrace_System/backend/vendor/symfony/console/Command/Command.php(341): Illuminate/Console/Command->execute(Object(Symfony/Component/Console/Input/ArgvInput), Object(Illuminate/Console/OutputStyle))
#28 C:/Ecosystem/NexaTrace_System/backend/vendor/laravel/framework/src/Illuminate/Console/Command.php(180): Symfony/Component/Console/Command/Command->run(Object(Symfony/Component/Console/Input/ArgvInput), Object(Illuminate/Console/OutputStyle))
#29 C:/Ecosystem/NexaTrace_System/backend/vendor/symfony/console/Application.php(1117): Illuminate/Console/Command->run(Object(Symfony/Component/Console/Input/ArgvInput), Object(Symfony/Component/Console/Output/ConsoleOutput))
#30 C:/Ecosystem/NexaTrace_System/backend/vendor/symfony/console/Application.php(356): Symfony/Component/Console/Application->doRunCommand(Object(Illuminate/Database/Console/Migrations/MigrateCommand), Object(Symfony/Component/Console/Input/ArgvInput), Object(Symfony/Component/Console/Output/ConsoleOutput))
#31 C:/Ecosystem/NexaTrace_System/backend/vendor/symfony/console/Application.php(195): Symfony/Component/Console/Application->doRun(Object(Symfony/Component/Console/Input/ArgvInput), Object(Symfony/Component/Console/Output/ConsoleOutput))
#32 C:/Ecosystem/NexaTrace_System/backend/vendor/laravel/framework/src/Illuminate/Foundation/Console/Kernel.php(198): Symfony/Component/Console/Application->run(Object(Symfony/Component/Console/Input/ArgvInput), Object(Symfony/Component/Console/Output/ConsoleOutput))
#33 C:/Ecosystem/NexaTrace_System/backend/vendor/laravel/framework/src/Illuminate/Foundation/Application.php(1235): Illuminate/Foundation/Console/Kernel->handle(Object(Symfony/Component/Console/Input/ArgvInput), Object(Symfony/Component/Console/Output/ConsoleOutput))
#34 C:/Ecosystem/NexaTrace_System/backend/artisan(16): Illuminate/Foundation/Application->handleCommand(Object(Symfony/Component/Console/Input/ArgvInput))
#35 {main}
"} 
[2026-03-20 13:34:10] local.ERROR: SQLSTATE[42601]: Syntax error: 7 ERRORE:  errore di sintassi a o presso "WHERE"
LINE 162:     UNIQUE(company_id, plan_id, status) WHERE status = 'acti...
                                                  ^ (Connection: pgsql, Host: localhost, Port: 5444, Database: nexasystem_db, SQL: -- NexaTrace System - Initial Database Migration
-- Migration ID: 001_initial_schema
-- Created: 2024-01-01
-- Description: Creates initial database schema for NexaTrace System

-- Enable required extensions
CREATE EXTENSION IF NOT EXISTS "uuid-ossp";
CREATE EXTENSION IF NOT EXISTS pgcrypto;

-- ============================================
-- SUPER ADMIN TABLES (Platform Management)
-- ============================================

-- Companies (Factories/Client Companies)
CREATE TABLE companies (
    id UUID PRIMARY KEY DEFAULT uuid_generate_v4(),
    name VARCHAR(255) NOT NULL,
    business_registration_number VARCHAR(100) UNIQUE NOT NULL,
    tax_id VARCHAR(100),
    company_type VARCHAR(50) NOT NULL DEFAULT 'manufacturing',
    industry_type VARCHAR(50) NOT NULL DEFAULT 'other',

    -- Contact Information
    email VARCHAR(255) UNIQUE NOT NULL,
    phone VARCHAR(50),
    website VARCHAR(255),
    country VARCHAR(100) NOT NULL,
    city VARCHAR(100) NOT NULL,
    address TEXT,
    postal_code VARCHAR(50),

    -- Contact Person
    contact_person_name VARCHAR(255) NOT NULL,
    contact_person_email VARCHAR(255) NOT NULL,
    contact_person_phone VARCHAR(50) NOT NULL,
    contact_person_position VARCHAR(100),

    -- Status & Verification
    status VARCHAR(20) NOT NULL DEFAULT 'pending',
    verification_status VARCHAR(20) NOT NULL DEFAULT 'notSubmitted',
    verification_notes TEXT,
    verified_at TIMESTAMP WITH TIME ZONE,
    verified_by UUID,

    -- Settings
    timezone VARCHAR(50) DEFAULT 'UTC',
    language VARCHAR(10) DEFAULT 'en',
    currency VARCHAR(3) DEFAULT 'USD',
    logo_url TEXT,

    -- Usage Tracking
    total_codes_generated INTEGER DEFAULT 0,
    active_users_count INTEGER DEFAULT 0,
    last_activity_at TIMESTAMP WITH TIME ZONE,

    -- Metadata
    metadata JSONB DEFAULT '{}',
    is_deleted BOOLEAN DEFAULT FALSE,
    created_at TIMESTAMP WITH TIME ZONE DEFAULT NOW(),
    updated_at TIMESTAMP WITH TIME ZONE DEFAULT NOW(),
    deleted_at TIMESTAMP WITH TIME ZONE
);

-- Company Documents
CREATE TABLE company_documents (
    id UUID PRIMARY KEY DEFAULT uuid_generate_v4(),
    company_id UUID NOT NULL REFERENCES companies(id) ON DELETE CASCADE,
    document_type VARCHAR(50) NOT NULL,
    document_name VARCHAR(255) NOT NULL,
    document_url TEXT NOT NULL,
    file_size INTEGER,
    mime_type VARCHAR(100),

    -- Verification
    verification_status VARCHAR(20) DEFAULT 'pending',
    verification_notes TEXT,
    verified_at TIMESTAMP WITH TIME ZONE,
    verified_by UUID,

    -- Metadata
    is_deleted BOOLEAN DEFAULT FALSE,
    created_at TIMESTAMP WITH TIME ZONE DEFAULT NOW(),
    updated_at TIMESTAMP WITH TIME ZONE DEFAULT NOW()
);

-- Subscription Plans
CREATE TABLE subscription_plans (
    id UUID PRIMARY KEY DEFAULT uuid_generate_v4(),
    name VARCHAR(100) NOT NULL,
    type VARCHAR(20) NOT NULL DEFAULT 'basic',
    description TEXT,

    -- Pricing
    monthly_price DECIMAL(10,2) NOT NULL DEFAULT 0.00,
    yearly_price DECIMAL(10,2),
    setup_fee DECIMAL(10,2) DEFAULT 0.00,
    currency VARCHAR(3) DEFAULT 'USD',

    -- Code Generation Limits (Monthly)
    monthly_unit_codes INTEGER NOT NULL DEFAULT 0,
    monthly_packet_codes INTEGER NOT NULL DEFAULT 0,
    monthly_carton_codes INTEGER NOT NULL DEFAULT 0,
    monthly_bundle_codes INTEGER NOT NULL DEFAULT 0,

    -- User Limits
    max_users INTEGER NOT NULL DEFAULT 1,
    max_stores INTEGER NOT NULL DEFAULT 1,
    max_drivers INTEGER NOT NULL DEFAULT 1,

    -- Features
    features JSONB DEFAULT '[]',
    is_custom BOOLEAN DEFAULT FALSE,
    is_recommended BOOLEAN DEFAULT FALSE,

    -- Status
    status VARCHAR(20) DEFAULT 'active',
    company_count INTEGER DEFAULT 0,

    -- Metadata
    metadata JSONB DEFAULT '{}',
    created_at TIMESTAMP WITH TIME ZONE DEFAULT NOW(),
    updated_at TIMESTAMP WITH TIME ZONE DEFAULT NOW(),
    archived_at TIMESTAMP WITH TIME ZONE
);

-- Company Subscriptions
CREATE TABLE company_subscriptions (
    id UUID PRIMARY KEY DEFAULT uuid_generate_v4(),
    company_id UUID NOT NULL REFERENCES companies(id) ON DELETE CASCADE,
    plan_id UUID NOT NULL REFERENCES subscription_plans(id),

    -- Subscription Details
    billing_cycle VARCHAR(20) NOT NULL DEFAULT 'monthly',
    start_date DATE NOT NULL,
    end_date DATE,
    renewal_date DATE,
    auto_renew BOOLEAN DEFAULT TRUE,

    -- Payment Information
    payment_method VARCHAR(50),
    payment_status VARCHAR(20) DEFAULT 'pending',
    last_payment_date DATE,
    next_payment_date DATE,

    -- Usage Tracking (Current Period)
    current_unit_codes_used INTEGER DEFAULT 0,
    current_packet_codes_used INTEGER DEFAULT 0,
    current_carton_codes_used INTEGER DEFAULT 0,
    current_bundle_codes_used INTEGER DEFAULT 0,

    -- Status
    status VARCHAR(20) DEFAULT 'active',
    cancellation_reason TEXT,
    cancelled_at TIMESTAMP WITH TIME ZONE,

    -- Metadata
    metadata JSONB DEFAULT '{}',
    created_at TIMESTAMP WITH TIME ZONE DEFAULT NOW(),
    updated_at TIMESTAMP WITH TIME ZONE DEFAULT NOW(),

    -- Constraints
    UNIQUE(company_id, plan_id, status) WHERE status = 'active'
);

-- Invoices
CREATE TABLE invoices (
    id UUID PRIMARY KEY DEFAULT uuid_generate_v4(),
    company_id UUID NOT NULL REFERENCES companies(id) ON DELETE CASCADE,
    subscription_id UUID REFERENCES company_subscriptions(id) ON DELETE SET NULL,
    invoice_number VARCHAR(100) UNIQUE NOT NULL,

    -- Invoice Details
    period_start DATE NOT NULL,
    period_end DATE NOT NULL,
    issue_date DATE NOT NULL,
    due_date DATE NOT NULL,

    -- Amounts
    subtotal DECIMAL(10,2) NOT NULL,
    tax_amount DECIMAL(10,2) DEFAULT 0.00,
    discount_amount DECIMAL(10,2) DEFAULT 0.00,
    total_amount DECIMAL(10,2) NOT NULL,
    currency VARCHAR(3) DEFAULT 'USD',

    -- Items
    items JSONB DEFAULT '[]',

    -- Payment Status
    status VARCHAR(20) DEFAULT 'pending',
    payment_date DATE,
    payment_method VARCHAR(50),
    payment_reference VARCHAR(255),

    -- Metadata
    notes TEXT,
    metadata JSONB DEFAULT '{}',
    created_at TIMESTAMP WITH TIME ZONE DEFAULT NOW(),
    updated_at TIMESTAMP WITH TIME ZONE DEFAULT NOW()
);

-- ============================================
-- FACTORY ADMIN TABLES (Code Management)
-- ============================================

-- Factory Users (Admins, Store Keepers, Drivers)
CREATE TABLE factory_users (
    id UUID PRIMARY KEY DEFAULT uuid_generate_v4(),
    company_id UUID NOT NULL REFERENCES companies(id) ON DELETE CASCADE,

    -- User Information
    email VARCHAR(255) NOT NULL,
    phone VARCHAR(50),
    full_name VARCHAR(255) NOT NULL,
    position VARCHAR(100) NOT NULL,

    -- Authentication
    password_hash VARCHAR(255) NOT NULL,
    password_salt VARCHAR(255) NOT NULL,
    email_verified BOOLEAN DEFAULT FALSE,
    phone_verified BOOLEAN DEFAULT FALSE,

    -- Permissions
    permissions JSONB DEFAULT '[]',
    is_active BOOLEAN DEFAULT TRUE,
    last_login_at TIMESTAMP WITH TIME ZONE,

    -- Metadata
    metadata JSONB DEFAULT '{}',
    created_at TIMESTAMP WITH TIME ZONE DEFAULT NOW(),
    updated_at TIMESTAMP WITH TIME ZONE DEFAULT NOW(),
    deleted_at TIMESTAMP WITH TIME ZONE,

    -- Constraints
    UNIQUE(company_id, email)
);

-- Products
CREATE TABLE products (
    id UUID PRIMARY KEY DEFAULT uuid_generate_v4(),
    company_id UUID NOT NULL REFERENCES companies(id) ON DELETE CASCADE,

    -- Product Information
    name VARCHAR(255) NOT NULL,
    sku VARCHAR(100) UNIQUE NOT NULL,
    description TEXT,
    category VARCHAR(100),

    -- Product Type Specific Fields
    product_type VARCHAR(50) NOT NULL DEFAULT 'other',
    requires_manufacturing_date BOOLEAN DEFAULT FALSE,
    requires_expiry_date BOOLEAN DEFAULT FALSE,
    requires_warranty BOOLEAN DEFAULT FALSE,

    -- Default Values
    default_warranty_months INTEGER,
    default_storage_conditions TEXT,
    default_handling_instructions TEXT,

    -- Images
    image_urls TEXT[] DEFAULT '{}',

    -- Metadata
    metadata JSONB DEFAULT '{}',
    is_deleted BOOLEAN DEFAULT FALSE,
    created_at TIMESTAMP WITH TIME ZONE DEFAULT NOW(),
    updated_at TIMESTAMP WITH TIME ZONE DEFAULT NOW()
);

-- Base Codes Table (Common fields for all code types)
CREATE TABLE base_codes (
    id UUID PRIMARY KEY DEFAULT uuid_generate_v4(),
    company_id UUID NOT NULL REFERENCES companies(id) ON DELETE CASCADE,
    subscription_plan_id UUID NOT NULL REFERENCES subscription_plans(id),

    -- Code Information
    code VARCHAR(100) UNIQUE NOT NULL,
    code_type VARCHAR(20) NOT NULL,
    status VARCHAR(20) NOT NULL DEFAULT 'generated',

    -- Internal Tracking
    store_keeper_code VARCHAR(100) NOT NULL,
    international_code VARCHAR(255),
    batch_id VARCHAR(100) NOT NULL,

    -- Timestamps
    generated_at TIMESTAMP WITH TIME ZONE NOT NULL DEFAULT NOW(),
    linked_at TIMESTAMP WITH TIME ZONE,
    published_at TIMESTAMP WITH TIME ZONE,
    deactivated_at TIMESTAMP WITH TIME ZONE,

    -- Product Linking
    product_id UUID REFERENCES products(id) ON DELETE SET NULL,
    product_batch_number VARCHAR(100),
    manufacturing_date DATE,
    expiry_date DATE,
    warranty_months INTEGER,

    -- Code Data
    qr_code_data TEXT,
    barcode_data TEXT,

    -- Metadata
    metadata JSONB DEFAULT '{}',
    version INTEGER DEFAULT 1,
    is_deleted BOOLEAN DEFAULT FALSE,
    created_at TIMESTAMP WITH TIME ZONE DEFAULT NOW(),
    updated_at TIMESTAMP WITH TIME ZONE DEFAULT NOW()
);

-- Bundle Codes (Extends base_codes)
CREATE TABLE bundle_codes (
    id UUID PRIMARY KEY REFERENCES base_codes(id) ON DELETE CASCADE,

    -- Bundle Specific Fields
    cartons_per_bundle INTEGER NOT NULL,
    bundle_weight_kg DECIMAL(10,2),
    bundle_dimensions VARCHAR(100),

    -- Shipping Information
    storage_location VARCHAR(255),
    shipping_method VARCHAR(100),
    expected_delivery_date DATE,

    -- Additional Information
    category VARCHAR(100),
    handling_instructions TEXT,
    customs_declaration_number VARCHAR(100),
    insurance_value DECIMAL(10,2),
    priority INTEGER DEFAULT 2
);

-- Carton Codes (Extends base_codes)
CREATE TABLE carton_codes (
    id UUID PRIMARY KEY REFERENCES base_codes(id) ON DELETE CASCADE,

    -- Hierarchy
    bundle_code_id UUID REFERENCES bundle_codes(id) ON DELETE CASCADE,

    -- Carton Specific Fields
    packet_count INTEGER NOT NULL,
    packet_codes UUID[] DEFAULT '{}',
    sequence_number INTEGER NOT NULL,
    total_units INTEGER NOT NULL,

    -- Physical Properties
    weight_kg DECIMAL(10,2),
    dimensions VARCHAR(100),
    carton_type VARCHAR(50),
    grade VARCHAR(20),
    max_weight_capacity_kg DECIMAL(10,2),

    -- Sealing Information
    is_sealed BOOLEAN DEFAULT FALSE,
    sealed_at TIMESTAMP WITH TIME ZONE,
    sealed_by UUID REFERENCES factory_users(id),

    -- Handling Requirements
    temperature_requirements VARCHAR(100),
    handling_instructions TEXT,

    -- Additional Codes
    carton_barcode VARCHAR(255),
    carton_qr_code VARCHAR(255),

    -- Condition & Inspection
    condition VARCHAR(50) DEFAULT 'New',
    last_inspection_date DATE,
    inspection_notes TEXT
);

-- Packet Codes (Extends base_codes)
CREATE TABLE packet_codes (
    id UUID PRIMARY KEY REFERENCES base_codes(id) ON DELETE CASCADE,

    -- Hierarchy
    carton_code_id UUID REFERENCES carton_codes(id) ON DELETE CASCADE,

    -- Packet Specific Fields
    unit_count INTEGER NOT NULL,
    unit_codes UUID[] DEFAULT '{}',
    sequence_number INTEGER NOT NULL,

    -- Physical Properties
    weight_grams DECIMAL(10,2),
    dimensions VARCHAR(100),
    packet_type VARCHAR(50),
    material VARCHAR(50),

    -- Sealing Information
    is_sealed BOOLEAN DEFAULT FALSE,
    sealed_at TIMESTAMP WITH TIME ZONE,
    sealed_by UUID REFERENCES factory_users(id),
    sealing_method VARCHAR(50),

    -- Additional Codes
    packet_barcode VARCHAR(255),
    packet_qr_code VARCHAR(255),

    -- Safety Features
    condition VARCHAR(50) DEFAULT 'Intact',
    has_tamper_evidence BOOLEAN DEFAULT FALSE,
    has_child_safety BOOLEAN DEFAULT FALSE,
    has_instructions BOOLEAN DEFAULT FALSE,

    -- Identification
    packet_batch_number VARCHAR(100),
    serial_number VARCHAR(100)
);

-- Unit Codes (Authentication Codes - Extends base_codes)
CREATE TABLE unit_codes (
    id UUID PRIMARY KEY REFERENCES base_codes(id) ON DELETE CASCADE,

    -- Hierarchy
    packet_code_id UUID REFERENCES packet_codes(id) ON DELETE CASCADE,

    -- Unit Specific Fields
    sequence_number INTEGER NOT NULL,
    authentication_code VARCHAR(255) NOT NULL UNIQUE,

    -- Authentication Hierarchy
    is_master_code BOOLEAN DEFAULT FALSE,
    master_code_id UUID REFERENCES unit_codes(id),

    -- Verification Tracking
    verification_count INTEGER DEFAULT 0,
    first_verified_at TIMESTAMP WITH TIME ZONE,
    last_verified_at TIMESTAMP WITH TIME ZONE,
    verification_location VARCHAR(255),
    verified_by UUID,

    -- Fake Reporting
    is_reported_fake BOOLEAN DEFAULT FALSE,
    fake_reported_at TIMESTAMP WITH TIME ZONE,
    fake_reported_by UUID,
    fake_report_reason TEXT,

    -- Blocking
    is_blocked BOOLEAN DEFAULT FALSE,
    blocked_at TIMESTAMP WITH TIME ZONE,
    blocked_by UUID REFERENCES factory_users(id),
    block_reason TEXT,

    -- Identification
    serial_number VARCHAR(100) NOT NULL UNIQUE,
    model VARCHAR(100)
);

-- Code Verification History
CREATE TABLE code_verification_history (
    id UUID PRIMARY KEY DEFAULT uuid_generate_v4(),
    unit_code_id UUID NOT NULL REFERENCES unit_codes(id) ON DELETE CASCADE,

    -- Verification Details
    verification_type VARCHAR(50) NOT NULL,
    verification_method VARCHAR(50),
    verification_result VARCHAR(50) NOT NULL,

    -- Location & Device
    latitude DECIMAL(10,8),
    longitude DECIMAL(11,8),
    location_address TEXT,
    device_id VARCHAR(255),
    device_type VARCHAR(50),

    -- User Information
    user_id UUID,
    user_type VARCHAR(50),

    -- Timestamps
    verified_at TIMESTAMP WITH TIME ZONE DEFAULT NOW(),

    -- Additional Data
    notes TEXT,
    metadata JSONB DEFAULT '{}'
);

-- Customer Users (for verification tracking)
CREATE TABLE customer_users (
    id UUID PRIMARY KEY DEFAULT uuid_generate_v4(),

    -- User Information
    email VARCHAR(255) UNIQUE,
    phone VARCHAR(50) UNIQUE,
    full_name VARCHAR(255),

    -- Authentication (optional for registered customers)
    password_hash VARCHAR(255),
    password_salt VARCHAR(255),

    -- Preferences
    language VARCHAR(10) DEFAULT 'en',
    notification_preferences JSONB DEFAULT '{"email": true, "push": true}',

    -- Statistics
    total_verifications INTEGER DEFAULT 0,
    fake_reports_count INTEGER DEFAULT 0,
    last_verification_at TIMESTAMP WITH TIME ZONE,

    -- Metadata
    metadata JSONB DEFAULT '{}',
    created_at TIMESTAMP WITH TIME ZONE DEFAULT NOW(),
    updated_at TIMESTAMP WITH TIME ZONE DEFAULT NOW()
);

-- ============================================
-- AUDIT & LOGGING TABLES
-- ============================================

-- Audit Logs (Track all important actions)
CREATE TABLE audit_logs (
    id UUID PRIMARY KEY DEFAULT uuid_generate_v4(),

    -- Action Details
    action_type VARCHAR(100) NOT NULL,
    entity_type VARCHAR(100) NOT NULL,
    entity_id UUID NOT NULL,

    -- User Information
    user_id UUID,
    user_type VARCHAR(50),
    user_ip INET,
    user_agent TEXT,

    -- Changes
    old_values JSONB,
    new_values JSONB,
    changes JSONB,

    -- Result
    success BOOLEAN DEFAULT TRUE,
    error_message TEXT,

    -- Timestamps
    performed_at TIMESTAMP WITH TIME ZONE DEFAULT NOW()
);

-- System Logs (For debugging and monitoring)
CREATE TABLE system_logs (
    id UUID PRIMARY KEY DEFAULT uuid_generate_v4(),

    -- Log Details
    log_level VARCHAR(20) NOT NULL,
    logger_name VARCHAR(255) NOT NULL,
    message TEXT NOT NULL,

    -- Context
    context JSONB DEFAULT '{}',
    stack_trace TEXT,

    -- Source
    source_file VARCHAR(255),
    source_line INTEGER,
    source_function VARCHAR(255),

    -- Environment
    environment VARCHAR(50) DEFAULT 'production',
    version VARCHAR(50),

    -- Timestamps
    logged_at TIMESTAMP WITH TIME ZONE DEFAULT NOW()
);

-- ============================================
-- CREATE INDEXES
-- ============================================

-- Companies indexes
CREATE INDEX idx_companies_status ON companies(status);
CREATE INDEX idx_companies_verification_status ON companies(verification_status);
CREATE INDEX idx_companies_country ON companies(country);
CREATE INDEX idx_companies_created_at ON companies(created_at DESC);

-- Company documents indexes
CREATE INDEX idx_company_documents_company ON company_documents(company_id);
CREATE INDEX idx_company_documents_type ON company_documents(document_type);
CREATE INDEX idx_company_documents_status ON company_documents(verification_status);

-- Subscription plans indexes
CREATE INDEX idx_subscription_plans_type ON subscription_plans(type);
CREATE INDEX idx_subscription_plans_status ON subscription_plans(status);
CREATE INDEX idx_subscription_plans_price ON subscription_plans(monthly_price);

-- Company subscriptions indexes
CREATE INDEX idx_company_subscriptions_company ON company_subscriptions(company_id);
CREATE INDEX idx_company_subscriptions_plan ON company_subscriptions(plan_id);
CREATE INDEX idx_company_subscriptions_status ON company_subscriptions(status);
CREATE INDEX idx_company_subscriptions_dates ON company_subscriptions(start_date, end_date);

-- Invoices indexes
CREATE INDEX idx_invoices_company ON invoices(company_id);
CREATE INDEX idx
) {"exception":"[object] (Illuminate\\Database\\QueryException(code: 42601): SQLSTATE[42601]: Syntax error: 7 ERRORE:  errore di sintassi a o presso \"WHERE\"
LINE 162:     UNIQUE(company_id, plan_id, status) WHERE status = 'acti...
                                                  ^ (Connection: pgsql, Host: localhost, Port: 5444, Database: nexasystem_db, SQL: -- NexaTrace System - Initial Database Migration

-- Migration ID: 001_initial_schema

-- Created: 2024-01-01

-- Description: Creates initial database schema for NexaTrace System



-- Enable required extensions

CREATE EXTENSION IF NOT EXISTS \"uuid-ossp\";

CREATE EXTENSION IF NOT EXISTS pgcrypto;



-- ============================================

-- SUPER ADMIN TABLES (Platform Management)

-- ============================================



-- Companies (Factories/Client Companies)

CREATE TABLE companies (

    id UUID PRIMARY KEY DEFAULT uuid_generate_v4(),

    name VARCHAR(255) NOT NULL,

    business_registration_number VARCHAR(100) UNIQUE NOT NULL,

    tax_id VARCHAR(100),

    company_type VARCHAR(50) NOT NULL DEFAULT 'manufacturing',

    industry_type VARCHAR(50) NOT NULL DEFAULT 'other',



    -- Contact Information

    email VARCHAR(255) UNIQUE NOT NULL,

    phone VARCHAR(50),

    website VARCHAR(255),

    country VARCHAR(100) NOT NULL,

    city VARCHAR(100) NOT NULL,

    address TEXT,

    postal_code VARCHAR(50),



    -- Contact Person

    contact_person_name VARCHAR(255) NOT NULL,

    contact_person_email VARCHAR(255) NOT NULL,

    contact_person_phone VARCHAR(50) NOT NULL,

    contact_person_position VARCHAR(100),



    -- Status & Verification

    status VARCHAR(20) NOT NULL DEFAULT 'pending',

    verification_status VARCHAR(20) NOT NULL DEFAULT 'notSubmitted',

    verification_notes TEXT,

    verified_at TIMESTAMP WITH TIME ZONE,

    verified_by UUID,



    -- Settings

    timezone VARCHAR(50) DEFAULT 'UTC',

    language VARCHAR(10) DEFAULT 'en',

    currency VARCHAR(3) DEFAULT 'USD',

    logo_url TEXT,



    -- Usage Tracking

    total_codes_generated INTEGER DEFAULT 0,

    active_users_count INTEGER DEFAULT 0,

    last_activity_at TIMESTAMP WITH TIME ZONE,



    -- Metadata

    metadata JSONB DEFAULT '{}',

    is_deleted BOOLEAN DEFAULT FALSE,

    created_at TIMESTAMP WITH TIME ZONE DEFAULT NOW(),

    updated_at TIMESTAMP WITH TIME ZONE DEFAULT NOW(),

    deleted_at TIMESTAMP WITH TIME ZONE

);



-- Company Documents

CREATE TABLE company_documents (

    id UUID PRIMARY KEY DEFAULT uuid_generate_v4(),

    company_id UUID NOT NULL REFERENCES companies(id) ON DELETE CASCADE,

    document_type VARCHAR(50) NOT NULL,

    document_name VARCHAR(255) NOT NULL,

    document_url TEXT NOT NULL,

    file_size INTEGER,

    mime_type VARCHAR(100),



    -- Verification

    verification_status VARCHAR(20) DEFAULT 'pending',

    verification_notes TEXT,

    verified_at TIMESTAMP WITH TIME ZONE,

    verified_by UUID,



    -- Metadata

    is_deleted BOOLEAN DEFAULT FALSE,

    created_at TIMESTAMP WITH TIME ZONE DEFAULT NOW(),

    updated_at TIMESTAMP WITH TIME ZONE DEFAULT NOW()

);



-- Subscription Plans

CREATE TABLE subscription_plans (

    id UUID PRIMARY KEY DEFAULT uuid_generate_v4(),

    name VARCHAR(100) NOT NULL,

    type VARCHAR(20) NOT NULL DEFAULT 'basic',

    description TEXT,



    -- Pricing

    monthly_price DECIMAL(10,2) NOT NULL DEFAULT 0.00,

    yearly_price DECIMAL(10,2),

    setup_fee DECIMAL(10,2) DEFAULT 0.00,

    currency VARCHAR(3) DEFAULT 'USD',



    -- Code Generation Limits (Monthly)

    monthly_unit_codes INTEGER NOT NULL DEFAULT 0,

    monthly_packet_codes INTEGER NOT NULL DEFAULT 0,

    monthly_carton_codes INTEGER NOT NULL DEFAULT 0,

    monthly_bundle_codes INTEGER NOT NULL DEFAULT 0,



    -- User Limits

    max_users INTEGER NOT NULL DEFAULT 1,

    max_stores INTEGER NOT NULL DEFAULT 1,

    max_drivers INTEGER NOT NULL DEFAULT 1,



    -- Features

    features JSONB DEFAULT '[]',

    is_custom BOOLEAN DEFAULT FALSE,

    is_recommended BOOLEAN DEFAULT FALSE,



    -- Status

    status VARCHAR(20) DEFAULT 'active',

    company_count INTEGER DEFAULT 0,



    -- Metadata

    metadata JSONB DEFAULT '{}',

    created_at TIMESTAMP WITH TIME ZONE DEFAULT NOW(),

    updated_at TIMESTAMP WITH TIME ZONE DEFAULT NOW(),

    archived_at TIMESTAMP WITH TIME ZONE

);



-- Company Subscriptions

CREATE TABLE company_subscriptions (

    id UUID PRIMARY KEY DEFAULT uuid_generate_v4(),

    company_id UUID NOT NULL REFERENCES companies(id) ON DELETE CASCADE,

    plan_id UUID NOT NULL REFERENCES subscription_plans(id),



    -- Subscription Details

    billing_cycle VARCHAR(20) NOT NULL DEFAULT 'monthly',

    start_date DATE NOT NULL,

    end_date DATE,

    renewal_date DATE,

    auto_renew BOOLEAN DEFAULT TRUE,



    -- Payment Information

    payment_method VARCHAR(50),

    payment_status VARCHAR(20) DEFAULT 'pending',

    last_payment_date DATE,

    next_payment_date DATE,



    -- Usage Tracking (Current Period)

    current_unit_codes_used INTEGER DEFAULT 0,

    current_packet_codes_used INTEGER DEFAULT 0,

    current_carton_codes_used INTEGER DEFAULT 0,

    current_bundle_codes_used INTEGER DEFAULT 0,



    -- Status

    status VARCHAR(20) DEFAULT 'active',

    cancellation_reason TEXT,

    cancelled_at TIMESTAMP WITH TIME ZONE,



    -- Metadata

    metadata JSONB DEFAULT '{}',

    created_at TIMESTAMP WITH TIME ZONE DEFAULT NOW(),

    updated_at TIMESTAMP WITH TIME ZONE DEFAULT NOW(),



    -- Constraints

    UNIQUE(company_id, plan_id, status) WHERE status = 'active'

);



-- Invoices

CREATE TABLE invoices (

    id UUID PRIMARY KEY DEFAULT uuid_generate_v4(),

    company_id UUID NOT NULL REFERENCES companies(id) ON DELETE CASCADE,

    subscription_id UUID REFERENCES company_subscriptions(id) ON DELETE SET NULL,

    invoice_number VARCHAR(100) UNIQUE NOT NULL,



    -- Invoice Details

    period_start DATE NOT NULL,

    period_end DATE NOT NULL,

    issue_date DATE NOT NULL,

    due_date DATE NOT NULL,



    -- Amounts

    subtotal DECIMAL(10,2) NOT NULL,

    tax_amount DECIMAL(10,2) DEFAULT 0.00,

    discount_amount DECIMAL(10,2) DEFAULT 0.00,

    total_amount DECIMAL(10,2) NOT NULL,

    currency VARCHAR(3) DEFAULT 'USD',



    -- Items

    items JSONB DEFAULT '[]',



    -- Payment Status

    status VARCHAR(20) DEFAULT 'pending',

    payment_date DATE,

    payment_method VARCHAR(50),

    payment_reference VARCHAR(255),



    -- Metadata

    notes TEXT,

    metadata JSONB DEFAULT '{}',

    created_at TIMESTAMP WITH TIME ZONE DEFAULT NOW(),

    updated_at TIMESTAMP WITH TIME ZONE DEFAULT NOW()

);



-- ============================================

-- FACTORY ADMIN TABLES (Code Management)

-- ============================================



-- Factory Users (Admins, Store Keepers, Drivers)

CREATE TABLE factory_users (

    id UUID PRIMARY KEY DEFAULT uuid_generate_v4(),

    company_id UUID NOT NULL REFERENCES companies(id) ON DELETE CASCADE,



    -- User Information

    email VARCHAR(255) NOT NULL,

    phone VARCHAR(50),

    full_name VARCHAR(255) NOT NULL,

    position VARCHAR(100) NOT NULL,



    -- Authentication

    password_hash VARCHAR(255) NOT NULL,

    password_salt VARCHAR(255) NOT NULL,

    email_verified BOOLEAN DEFAULT FALSE,

    phone_verified BOOLEAN DEFAULT FALSE,



    -- Permissions

    permissions JSONB DEFAULT '[]',

    is_active BOOLEAN DEFAULT TRUE,

    last_login_at TIMESTAMP WITH TIME ZONE,



    -- Metadata

    metadata JSONB DEFAULT '{}',

    created_at TIMESTAMP WITH TIME ZONE DEFAULT NOW(),

    updated_at TIMESTAMP WITH TIME ZONE DEFAULT NOW(),

    deleted_at TIMESTAMP WITH TIME ZONE,



    -- Constraints

    UNIQUE(company_id, email)

);



-- Products

CREATE TABLE products (

    id UUID PRIMARY KEY DEFAULT uuid_generate_v4(),

    company_id UUID NOT NULL REFERENCES companies(id) ON DELETE CASCADE,



    -- Product Information

    name VARCHAR(255) NOT NULL,

    sku VARCHAR(100) UNIQUE NOT NULL,

    description TEXT,

    category VARCHAR(100),



    -- Product Type Specific Fields

    product_type VARCHAR(50) NOT NULL DEFAULT 'other',

    requires_manufacturing_date BOOLEAN DEFAULT FALSE,

    requires_expiry_date BOOLEAN DEFAULT FALSE,

    requires_warranty BOOLEAN DEFAULT FALSE,



    -- Default Values

    default_warranty_months INTEGER,

    default_storage_conditions TEXT,

    default_handling_instructions TEXT,



    -- Images

    image_urls TEXT[] DEFAULT '{}',



    -- Metadata

    metadata JSONB DEFAULT '{}',

    is_deleted BOOLEAN DEFAULT FALSE,

    created_at TIMESTAMP WITH TIME ZONE DEFAULT NOW(),

    updated_at TIMESTAMP WITH TIME ZONE DEFAULT NOW()

);



-- Base Codes Table (Common fields for all code types)

CREATE TABLE base_codes (

    id UUID PRIMARY KEY DEFAULT uuid_generate_v4(),

    company_id UUID NOT NULL REFERENCES companies(id) ON DELETE CASCADE,

    subscription_plan_id UUID NOT NULL REFERENCES subscription_plans(id),



    -- Code Information

    code VARCHAR(100) UNIQUE NOT NULL,

    code_type VARCHAR(20) NOT NULL,

    status VARCHAR(20) NOT NULL DEFAULT 'generated',



    -- Internal Tracking

    store_keeper_code VARCHAR(100) NOT NULL,

    international_code VARCHAR(255),

    batch_id VARCHAR(100) NOT NULL,



    -- Timestamps

    generated_at TIMESTAMP WITH TIME ZONE NOT NULL DEFAULT NOW(),

    linked_at TIMESTAMP WITH TIME ZONE,

    published_at TIMESTAMP WITH TIME ZONE,

    deactivated_at TIMESTAMP WITH TIME ZONE,



    -- Product Linking

    product_id UUID REFERENCES products(id) ON DELETE SET NULL,

    product_batch_number VARCHAR(100),

    manufacturing_date DATE,

    expiry_date DATE,

    warranty_months INTEGER,



    -- Code Data

    qr_code_data TEXT,

    barcode_data TEXT,



    -- Metadata

    metadata JSONB DEFAULT '{}',

    version INTEGER DEFAULT 1,

    is_deleted BOOLEAN DEFAULT FALSE,

    created_at TIMESTAMP WITH TIME ZONE DEFAULT NOW(),

    updated_at TIMESTAMP WITH TIME ZONE DEFAULT NOW()

);



-- Bundle Codes (Extends base_codes)

CREATE TABLE bundle_codes (

    id UUID PRIMARY KEY REFERENCES base_codes(id) ON DELETE CASCADE,



    -- Bundle Specific Fields

    cartons_per_bundle INTEGER NOT NULL,

    bundle_weight_kg DECIMAL(10,2),

    bundle_dimensions VARCHAR(100),



    -- Shipping Information

    storage_location VARCHAR(255),

    shipping_method VARCHAR(100),

    expected_delivery_date DATE,



    -- Additional Information

    category VARCHAR(100),

    handling_instructions TEXT,

    customs_declaration_number VARCHAR(100),

    insurance_value DECIMAL(10,2),

    priority INTEGER DEFAULT 2

);



-- Carton Codes (Extends base_codes)

CREATE TABLE carton_codes (

    id UUID PRIMARY KEY REFERENCES base_codes(id) ON DELETE CASCADE,



    -- Hierarchy

    bundle_code_id UUID REFERENCES bundle_codes(id) ON DELETE CASCADE,



    -- Carton Specific Fields

    packet_count INTEGER NOT NULL,

    packet_codes UUID[] DEFAULT '{}',

    sequence_number INTEGER NOT NULL,

    total_units INTEGER NOT NULL,



    -- Physical Properties

    weight_kg DECIMAL(10,2),

    dimensions VARCHAR(100),

    carton_type VARCHAR(50),

    grade VARCHAR(20),

    max_weight_capacity_kg DECIMAL(10,2),



    -- Sealing Information

    is_sealed BOOLEAN DEFAULT FALSE,

    sealed_at TIMESTAMP WITH TIME ZONE,

    sealed_by UUID REFERENCES factory_users(id),



    -- Handling Requirements

    temperature_requirements VARCHAR(100),

    handling_instructions TEXT,



    -- Additional Codes

    carton_barcode VARCHAR(255),

    carton_qr_code VARCHAR(255),



    -- Condition & Inspection

    condition VARCHAR(50) DEFAULT 'New',

    last_inspection_date DATE,

    inspection_notes TEXT

);



-- Packet Codes (Extends base_codes)

CREATE TABLE packet_codes (

    id UUID PRIMARY KEY REFERENCES base_codes(id) ON DELETE CASCADE,



    -- Hierarchy

    carton_code_id UUID REFERENCES carton_codes(id) ON DELETE CASCADE,



    -- Packet Specific Fields

    unit_count INTEGER NOT NULL,

    unit_codes UUID[] DEFAULT '{}',

    sequence_number INTEGER NOT NULL,



    -- Physical Properties

    weight_grams DECIMAL(10,2),

    dimensions VARCHAR(100),

    packet_type VARCHAR(50),

    material VARCHAR(50),



    -- Sealing Information

    is_sealed BOOLEAN DEFAULT FALSE,

    sealed_at TIMESTAMP WITH TIME ZONE,

    sealed_by UUID REFERENCES factory_users(id),

    sealing_method VARCHAR(50),



    -- Additional Codes

    packet_barcode VARCHAR(255),

    packet_qr_code VARCHAR(255),



    -- Safety Features

    condition VARCHAR(50) DEFAULT 'Intact',

    has_tamper_evidence BOOLEAN DEFAULT FALSE,

    has_child_safety BOOLEAN DEFAULT FALSE,

    has_instructions BOOLEAN DEFAULT FALSE,



    -- Identification

    packet_batch_number VARCHAR(100),

    serial_number VARCHAR(100)

);



-- Unit Codes (Authentication Codes - Extends base_codes)

CREATE TABLE unit_codes (

    id UUID PRIMARY KEY REFERENCES base_codes(id) ON DELETE CASCADE,



    -- Hierarchy

    packet_code_id UUID REFERENCES packet_codes(id) ON DELETE CASCADE,



    -- Unit Specific Fields

    sequence_number INTEGER NOT NULL,

    authentication_code VARCHAR(255) NOT NULL UNIQUE,



    -- Authentication Hierarchy

    is_master_code BOOLEAN DEFAULT FALSE,

    master_code_id UUID REFERENCES unit_codes(id),



    -- Verification Tracking

    verification_count INTEGER DEFAULT 0,

    first_verified_at TIMESTAMP WITH TIME ZONE,

    last_verified_at TIMESTAMP WITH TIME ZONE,

    verification_location VARCHAR(255),

    verified_by UUID,



    -- Fake Reporting

    is_reported_fake BOOLEAN DEFAULT FALSE,

    fake_reported_at TIMESTAMP WITH TIME ZONE,

    fake_reported_by UUID,

    fake_report_reason TEXT,



    -- Blocking

    is_blocked BOOLEAN DEFAULT FALSE,

    blocked_at TIMESTAMP WITH TIME ZONE,

    blocked_by UUID REFERENCES factory_users(id),

    block_reason TEXT,



    -- Identification

    serial_number VARCHAR(100) NOT NULL UNIQUE,

    model VARCHAR(100)

);



-- Code Verification History

CREATE TABLE code_verification_history (

    id UUID PRIMARY KEY DEFAULT uuid_generate_v4(),

    unit_code_id UUID NOT NULL REFERENCES unit_codes(id) ON DELETE CASCADE,



    -- Verification Details

    verification_type VARCHAR(50) NOT NULL,

    verification_method VARCHAR(50),

    verification_result VARCHAR(50) NOT NULL,



    -- Location & Device

    latitude DECIMAL(10,8),

    longitude DECIMAL(11,8),

    location_address TEXT,

    device_id VARCHAR(255),

    device_type VARCHAR(50),



    -- User Information

    user_id UUID,

    user_type VARCHAR(50),



    -- Timestamps

    verified_at TIMESTAMP WITH TIME ZONE DEFAULT NOW(),



    -- Additional Data

    notes TEXT,

    metadata JSONB DEFAULT '{}'

);



-- Customer Users (for verification tracking)

CREATE TABLE customer_users (

    id UUID PRIMARY KEY DEFAULT uuid_generate_v4(),



    -- User Information

    email VARCHAR(255) UNIQUE,

    phone VARCHAR(50) UNIQUE,

    full_name VARCHAR(255),



    -- Authentication (optional for registered customers)

    password_hash VARCHAR(255),

    password_salt VARCHAR(255),



    -- Preferences

    language VARCHAR(10) DEFAULT 'en',

    notification_preferences JSONB DEFAULT '{\"email\": true, \"push\": true}',



    -- Statistics

    total_verifications INTEGER DEFAULT 0,

    fake_reports_count INTEGER DEFAULT 0,

    last_verification_at TIMESTAMP WITH TIME ZONE,



    -- Metadata

    metadata JSONB DEFAULT '{}',

    created_at TIMESTAMP WITH TIME ZONE DEFAULT NOW(),

    updated_at TIMESTAMP WITH TIME ZONE DEFAULT NOW()

);



-- ============================================

-- AUDIT & LOGGING TABLES

-- ============================================



-- Audit Logs (Track all important actions)

CREATE TABLE audit_logs (

    id UUID PRIMARY KEY DEFAULT uuid_generate_v4(),



    -- Action Details

    action_type VARCHAR(100) NOT NULL,

    entity_type VARCHAR(100) NOT NULL,

    entity_id UUID NOT NULL,



    -- User Information

    user_id UUID,

    user_type VARCHAR(50),

    user_ip INET,

    user_agent TEXT,



    -- Changes

    old_values JSONB,

    new_values JSONB,

    changes JSONB,



    -- Result

    success BOOLEAN DEFAULT TRUE,

    error_message TEXT,



    -- Timestamps

    performed_at TIMESTAMP WITH TIME ZONE DEFAULT NOW()

);



-- System Logs (For debugging and monitoring)

CREATE TABLE system_logs (

    id UUID PRIMARY KEY DEFAULT uuid_generate_v4(),



    -- Log Details

    log_level VARCHAR(20) NOT NULL,

    logger_name VARCHAR(255) NOT NULL,

    message TEXT NOT NULL,



    -- Context

    context JSONB DEFAULT '{}',

    stack_trace TEXT,



    -- Source

    source_file VARCHAR(255),

    source_line INTEGER,

    source_function VARCHAR(255),



    -- Environment

    environment VARCHAR(50) DEFAULT 'production',

    version VARCHAR(50),



    -- Timestamps

    logged_at TIMESTAMP WITH TIME ZONE DEFAULT NOW()

);



-- ============================================

-- CREATE INDEXES

-- ============================================



-- Companies indexes

CREATE INDEX idx_companies_status ON companies(status);

CREATE INDEX idx_companies_verification_status ON companies(verification_status);

CREATE INDEX idx_companies_country ON companies(country);

CREATE INDEX idx_companies_created_at ON companies(created_at DESC);



-- Company documents indexes

CREATE INDEX idx_company_documents_company ON company_documents(company_id);

CREATE INDEX idx_company_documents_type ON company_documents(document_type);

CREATE INDEX idx_company_documents_status ON company_documents(verification_status);



-- Subscription plans indexes

CREATE INDEX idx_subscription_plans_type ON subscription_plans(type);

CREATE INDEX idx_subscription_plans_status ON subscription_plans(status);

CREATE INDEX idx_subscription_plans_price ON subscription_plans(monthly_price);



-- Company subscriptions indexes

CREATE INDEX idx_company_subscriptions_company ON company_subscriptions(company_id);

CREATE INDEX idx_company_subscriptions_plan ON company_subscriptions(plan_id);

CREATE INDEX idx_company_subscriptions_status ON company_subscriptions(status);

CREATE INDEX idx_company_subscriptions_dates ON company_subscriptions(start_date, end_date);



-- Invoices indexes

CREATE INDEX idx_invoices_company ON invoices(company_id);

CREATE INDEX idx

) at C:/Ecosystem/NexaTrace_System/backend/vendor/laravel/framework/src/Illuminate/Database/Connection.php:838)
[stacktrace]
#0 C:/Ecosystem/NexaTrace_System/backend/vendor/laravel/framework/src/Illuminate/Database/Connection.php(794): Illuminate/Database/Connection->runQueryCallback('-- NexaTrace Sy...', Array, Object(Closure))
#1 C:/Ecosystem/NexaTrace_System/backend/vendor/laravel/framework/src/Illuminate/Database/Connection.php(627): Illuminate/Database/Connection->run('-- NexaTrace Sy...', Array, Object(Closure))
#2 C:/Ecosystem/NexaTrace_System/backend/vendor/laravel/framework/src/Illuminate/Database/DatabaseManager.php(491): Illuminate/Database/Connection->unprepared('-- NexaTrace Sy...')
#3 C:/Ecosystem/NexaTrace_System/backend/vendor/laravel/framework/src/Illuminate/Support/Facades/Facade.php(363): Illuminate/Database/DatabaseManager->__call('unprepared', Array)
#4 C:/Ecosystem/NexaTrace_System/backend/database/migrations/2026_03_20_000100_run_core_schema_sql.php(17): Illuminate/Support/Facades/Facade::__callStatic('unprepared', Array)
#5 C:/Ecosystem/NexaTrace_System/backend/vendor/laravel/framework/src/Illuminate/Database/Migrations/Migrator.php(517): Illuminate/Database/Migrations/Migration@anonymous->up()
#6 C:/Ecosystem/NexaTrace_System/backend/vendor/laravel/framework/src/Illuminate/Database/Migrations/Migrator.php(442): Illuminate/Database/Migrations/Migrator->runMethod(Object(Illuminate/Database/PostgresConnection), Object(Illuminate/Database/Migrations/Migration@anonymous), 'up')
#7 C:/Ecosystem/NexaTrace_System/backend/vendor/laravel/framework/src/Illuminate/Database/Concerns/ManagesTransactions.php(35): Illuminate/Database/Migrations/Migrator->Illuminate/Database/Migrations/{closure}(Object(Illuminate/Database/PostgresConnection))
#8 C:/Ecosystem/NexaTrace_System/backend/vendor/laravel/framework/src/Illuminate/Database/Migrations/Migrator.php(450): Illuminate/Database/Connection->transaction(Object(Closure))
#9 C:/Ecosystem/NexaTrace_System/backend/vendor/laravel/framework/src/Illuminate/Database/Migrations/Migrator.php(253): Illuminate/Database/Migrations/Migrator->runMigration(Object(Illuminate/Database/Migrations/Migration@anonymous), 'up')
#10 C:/Ecosystem/NexaTrace_System/backend/vendor/laravel/framework/src/Illuminate/Console/View/Components/Task.php(41): Illuminate/Database/Migrations/Migrator->Illuminate/Database/Migrations/{closure}()
#11 C:/Ecosystem/NexaTrace_System/backend/vendor/laravel/framework/src/Illuminate/Database/Migrations/Migrator.php(814): Illuminate/Console/View/Components/Task->render('2026_03_20_0001...', Object(Closure))
#12 C:/Ecosystem/NexaTrace_System/backend/vendor/laravel/framework/src/Illuminate/Database/Migrations/Migrator.php(253): Illuminate/Database/Migrations/Migrator->write('Illuminate//Cons...', '2026_03_20_0001...', Object(Closure))
#13 C:/Ecosystem/NexaTrace_System/backend/vendor/laravel/framework/src/Illuminate/Database/Migrations/Migrator.php(211): Illuminate/Database/Migrations/Migrator->runUp('C://Ecosystem//Ne...', 2, false)
#14 C:/Ecosystem/NexaTrace_System/backend/vendor/laravel/framework/src/Illuminate/Database/Migrations/Migrator.php(138): Illuminate/Database/Migrations/Migrator->runPending(Array, Array)
#15 C:/Ecosystem/NexaTrace_System/backend/vendor/laravel/framework/src/Illuminate/Database/Console/Migrations/MigrateCommand.php(116): Illuminate/Database/Migrations/Migrator->run(Array, Array)
#16 C:/Ecosystem/NexaTrace_System/backend/vendor/laravel/framework/src/Illuminate/Database/Migrations/Migrator.php(671): Illuminate/Database/Console/Migrations/MigrateCommand->Illuminate/Database/Console/Migrations/{closure}()
#17 C:/Ecosystem/NexaTrace_System/backend/vendor/laravel/framework/src/Illuminate/Database/Console/Migrations/MigrateCommand.php(109): Illuminate/Database/Migrations/Migrator->usingConnection(NULL, Object(Closure))
#18 C:/Ecosystem/NexaTrace_System/backend/vendor/laravel/framework/src/Illuminate/Database/Console/Migrations/MigrateCommand.php(88): Illuminate/Database/Console/Migrations/MigrateCommand->runMigrations()
#19 C:/Ecosystem/NexaTrace_System/backend/vendor/laravel/framework/src/Illuminate/Container/BoundMethod.php(36): Illuminate/Database/Console/Migrations/MigrateCommand->handle()
#20 C:/Ecosystem/NexaTrace_System/backend/vendor/laravel/framework/src/Illuminate/Container/Util.php(43): Illuminate/Container/BoundMethod::Illuminate/Container/{closure}()
#21 C:/Ecosystem/NexaTrace_System/backend/vendor/laravel/framework/src/Illuminate/Container/BoundMethod.php(96): Illuminate/Container/Util::unwrapIfClosure(Object(Closure))
#22 C:/Ecosystem/NexaTrace_System/backend/vendor/laravel/framework/src/Illuminate/Container/BoundMethod.php(35): Illuminate/Container/BoundMethod::callBoundMethod(Object(Illuminate/Foundation/Application), Array, Object(Closure))
#23 C:/Ecosystem/NexaTrace_System/backend/vendor/laravel/framework/src/Illuminate/Container/Container.php(799): Illuminate/Container/BoundMethod::call(Object(Illuminate/Foundation/Application), Array, Array, NULL)
#24 C:/Ecosystem/NexaTrace_System/backend/vendor/laravel/framework/src/Illuminate/Console/Command.php(211): Illuminate/Container/Container->call(Array)
#25 C:/Ecosystem/NexaTrace_System/backend/vendor/symfony/console/Command/Command.php(341): Illuminate/Console/Command->execute(Object(Symfony/Component/Console/Input/ArgvInput), Object(Illuminate/Console/OutputStyle))
#26 C:/Ecosystem/NexaTrace_System/backend/vendor/laravel/framework/src/Illuminate/Console/Command.php(180): Symfony/Component/Console/Command/Command->run(Object(Symfony/Component/Console/Input/ArgvInput), Object(Illuminate/Console/OutputStyle))
#27 C:/Ecosystem/NexaTrace_System/backend/vendor/symfony/console/Application.php(1117): Illuminate/Console/Command->run(Object(Symfony/Component/Console/Input/ArgvInput), Object(Symfony/Component/Console/Output/ConsoleOutput))
#28 C:/Ecosystem/NexaTrace_System/backend/vendor/symfony/console/Application.php(356): Symfony/Component/Console/Application->doRunCommand(Object(Illuminate/Database/Console/Migrations/MigrateCommand), Object(Symfony/Component/Console/Input/ArgvInput), Object(Symfony/Component/Console/Output/ConsoleOutput))
#29 C:/Ecosystem/NexaTrace_System/backend/vendor/symfony/console/Application.php(195): Symfony/Component/Console/Application->doRun(Object(Symfony/Component/Console/Input/ArgvInput), Object(Symfony/Component/Console/Output/ConsoleOutput))
#30 C:/Ecosystem/NexaTrace_System/backend/vendor/laravel/framework/src/Illuminate/Foundation/Console/Kernel.php(198): Symfony/Component/Console/Application->run(Object(Symfony/Component/Console/Input/ArgvInput), Object(Symfony/Component/Console/Output/ConsoleOutput))
#31 C:/Ecosystem/NexaTrace_System/backend/vendor/laravel/framework/src/Illuminate/Foundation/Application.php(1235): Illuminate/Foundation/Console/Kernel->handle(Object(Symfony/Component/Console/Input/ArgvInput), Object(Symfony/Component/Console/Output/ConsoleOutput))
#32 C:/Ecosystem/NexaTrace_System/backend/artisan(16): Illuminate/Foundation/Application->handleCommand(Object(Symfony/Component/Console/Input/ArgvInput))
#33 {main}

[previous exception] [object] (PDOException(code: 42601): SQLSTATE[42601]: Syntax error: 7 ERRORE:  errore di sintassi a o presso \"WHERE\"
LINE 162:     UNIQUE(company_id, plan_id, status) WHERE status = 'acti...
                                                  ^ at C:/Ecosystem/NexaTrace_System/backend/vendor/laravel/framework/src/Illuminate/Database/Connection.php:633)
[stacktrace]
#0 C:/Ecosystem/NexaTrace_System/backend/vendor/laravel/framework/src/Illuminate/Database/Connection.php(633): PDO->exec('-- NexaTrace Sy...')
#1 C:/Ecosystem/NexaTrace_System/backend/vendor/laravel/framework/src/Illuminate/Database/Connection.php(827): Illuminate/Database/Connection->Illuminate/Database/{closure}('-- NexaTrace Sy...', Array)
#2 C:/Ecosystem/NexaTrace_System/backend/vendor/laravel/framework/src/Illuminate/Database/Connection.php(794): Illuminate/Database/Connection->runQueryCallback('-- NexaTrace Sy...', Array, Object(Closure))
#3 C:/Ecosystem/NexaTrace_System/backend/vendor/laravel/framework/src/Illuminate/Database/Connection.php(627): Illuminate/Database/Connection->run('-- NexaTrace Sy...', Array, Object(Closure))
#4 C:/Ecosystem/NexaTrace_System/backend/vendor/laravel/framework/src/Illuminate/Database/DatabaseManager.php(491): Illuminate/Database/Connection->unprepared('-- NexaTrace Sy...')
#5 C:/Ecosystem/NexaTrace_System/backend/vendor/laravel/framework/src/Illuminate/Support/Facades/Facade.php(363): Illuminate/Database/DatabaseManager->__call('unprepared', Array)
#6 C:/Ecosystem/NexaTrace_System/backend/database/migrations/2026_03_20_000100_run_core_schema_sql.php(17): Illuminate/Support/Facades/Facade::__callStatic('unprepared', Array)
#7 C:/Ecosystem/NexaTrace_System/backend/vendor/laravel/framework/src/Illuminate/Database/Migrations/Migrator.php(517): Illuminate/Database/Migrations/Migration@anonymous->up()
#8 C:/Ecosystem/NexaTrace_System/backend/vendor/laravel/framework/src/Illuminate/Database/Migrations/Migrator.php(442): Illuminate/Database/Migrations/Migrator->runMethod(Object(Illuminate/Database/PostgresConnection), Object(Illuminate/Database/Migrations/Migration@anonymous), 'up')
#9 C:/Ecosystem/NexaTrace_System/backend/vendor/laravel/framework/src/Illuminate/Database/Concerns/ManagesTransactions.php(35): Illuminate/Database/Migrations/Migrator->Illuminate/Database/Migrations/{closure}(Object(Illuminate/Database/PostgresConnection))
#10 C:/Ecosystem/NexaTrace_System/backend/vendor/laravel/framework/src/Illuminate/Database/Migrations/Migrator.php(450): Illuminate/Database/Connection->transaction(Object(Closure))
#11 C:/Ecosystem/NexaTrace_System/backend/vendor/laravel/framework/src/Illuminate/Database/Migrations/Migrator.php(253): Illuminate/Database/Migrations/Migrator->runMigration(Object(Illuminate/Database/Migrations/Migration@anonymous), 'up')
#12 C:/Ecosystem/NexaTrace_System/backend/vendor/laravel/framework/src/Illuminate/Console/View/Components/Task.php(41): Illuminate/Database/Migrations/Migrator->Illuminate/Database/Migrations/{closure}()
#13 C:/Ecosystem/NexaTrace_System/backend/vendor/laravel/framework/src/Illuminate/Database/Migrations/Migrator.php(814): Illuminate/Console/View/Components/Task->render('2026_03_20_0001...', Object(Closure))
#14 C:/Ecosystem/NexaTrace_System/backend/vendor/laravel/framework/src/Illuminate/Database/Migrations/Migrator.php(253): Illuminate/Database/Migrations/Migrator->write('Illuminate//Cons...', '2026_03_20_0001...', Object(Closure))
#15 C:/Ecosystem/NexaTrace_System/backend/vendor/laravel/framework/src/Illuminate/Database/Migrations/Migrator.php(211): Illuminate/Database/Migrations/Migrator->runUp('C://Ecosystem//Ne...', 2, false)
#16 C:/Ecosystem/NexaTrace_System/backend/vendor/laravel/framework/src/Illuminate/Database/Migrations/Migrator.php(138): Illuminate/Database/Migrations/Migrator->runPending(Array, Array)
#17 C:/Ecosystem/NexaTrace_System/backend/vendor/laravel/framework/src/Illuminate/Database/Console/Migrations/MigrateCommand.php(116): Illuminate/Database/Migrations/Migrator->run(Array, Array)
#18 C:/Ecosystem/NexaTrace_System/backend/vendor/laravel/framework/src/Illuminate/Database/Migrations/Migrator.php(671): Illuminate/Database/Console/Migrations/MigrateCommand->Illuminate/Database/Console/Migrations/{closure}()
#19 C:/Ecosystem/NexaTrace_System/backend/vendor/laravel/framework/src/Illuminate/Database/Console/Migrations/MigrateCommand.php(109): Illuminate/Database/Migrations/Migrator->usingConnection(NULL, Object(Closure))
#20 C:/Ecosystem/NexaTrace_System/backend/vendor/laravel/framework/src/Illuminate/Database/Console/Migrations/MigrateCommand.php(88): Illuminate/Database/Console/Migrations/MigrateCommand->runMigrations()
#21 C:/Ecosystem/NexaTrace_System/backend/vendor/laravel/framework/src/Illuminate/Container/BoundMethod.php(36): Illuminate/Database/Console/Migrations/MigrateCommand->handle()
#22 C:/Ecosystem/NexaTrace_System/backend/vendor/laravel/framework/src/Illuminate/Container/Util.php(43): Illuminate/Container/BoundMethod::Illuminate/Container/{closure}()
#23 C:/Ecosystem/NexaTrace_System/backend/vendor/laravel/framework/src/Illuminate/Container/BoundMethod.php(96): Illuminate/Container/Util::unwrapIfClosure(Object(Closure))
#24 C:/Ecosystem/NexaTrace_System/backend/vendor/laravel/framework/src/Illuminate/Container/BoundMethod.php(35): Illuminate/Container/BoundMethod::callBoundMethod(Object(Illuminate/Foundation/Application), Array, Object(Closure))
#25 C:/Ecosystem/NexaTrace_System/backend/vendor/laravel/framework/src/Illuminate/Container/Container.php(799): Illuminate/Container/BoundMethod::call(Object(Illuminate/Foundation/Application), Array, Array, NULL)
#26 C:/Ecosystem/NexaTrace_System/backend/vendor/laravel/framework/src/Illuminate/Console/Command.php(211): Illuminate/Container/Container->call(Array)
#27 C:/Ecosystem/NexaTrace_System/backend/vendor/symfony/console/Command/Command.php(341): Illuminate/Console/Command->execute(Object(Symfony/Component/Console/Input/ArgvInput), Object(Illuminate/Console/OutputStyle))
#28 C:/Ecosystem/NexaTrace_System/backend/vendor/laravel/framework/src/Illuminate/Console/Command.php(180): Symfony/Component/Console/Command/Command->run(Object(Symfony/Component/Console/Input/ArgvInput), Object(Illuminate/Console/OutputStyle))
#29 C:/Ecosystem/NexaTrace_System/backend/vendor/symfony/console/Application.php(1117): Illuminate/Console/Command->run(Object(Symfony/Component/Console/Input/ArgvInput), Object(Symfony/Component/Console/Output/ConsoleOutput))
#30 C:/Ecosystem/NexaTrace_System/backend/vendor/symfony/console/Application.php(356): Symfony/Component/Console/Application->doRunCommand(Object(Illuminate/Database/Console/Migrations/MigrateCommand), Object(Symfony/Component/Console/Input/ArgvInput), Object(Symfony/Component/Console/Output/ConsoleOutput))
#31 C:/Ecosystem/NexaTrace_System/backend/vendor/symfony/console/Application.php(195): Symfony/Component/Console/Application->doRun(Object(Symfony/Component/Console/Input/ArgvInput), Object(Symfony/Component/Console/Output/ConsoleOutput))
#32 C:/Ecosystem/NexaTrace_System/backend/vendor/laravel/framework/src/Illuminate/Foundation/Console/Kernel.php(198): Symfony/Component/Console/Application->run(Object(Symfony/Component/Console/Input/ArgvInput), Object(Symfony/Component/Console/Output/ConsoleOutput))
#33 C:/Ecosystem/NexaTrace_System/backend/vendor/laravel/framework/src/Illuminate/Foundation/Application.php(1235): Illuminate/Foundation/Console/Kernel->handle(Object(Symfony/Component/Console/Input/ArgvInput), Object(Symfony/Component/Console/Output/ConsoleOutput))
#34 C:/Ecosystem/NexaTrace_System/backend/artisan(16): Illuminate/Foundation/Application->handleCommand(Object(Symfony/Component/Console/Input/ArgvInput))
#35 {main}
"} 
[2026-03-20 13:42:09] local.ERROR: SQLSTATE[42601]: Syntax error: 7 ERRORE:  errore di sintassi alla fine dell'input
LINE 594: 
          ^ (Connection: pgsql, Host: localhost, Port: 5444, Database: nexasystem_db, SQL: -- NexaTrace System - Initial Database Migration
-- Migration ID: 001_initial_schema
-- Created: 2024-01-01
-- Description: Creates initial database schema for NexaTrace System

-- Enable required extensions
CREATE EXTENSION IF NOT EXISTS "uuid-ossp";
CREATE EXTENSION IF NOT EXISTS pgcrypto;

-- ============================================
-- SUPER ADMIN TABLES (Platform Management)
-- ============================================

-- Companies (Factories/Client Companies)
CREATE TABLE companies (
    id UUID PRIMARY KEY DEFAULT uuid_generate_v4(),
    name VARCHAR(255) NOT NULL,
    business_registration_number VARCHAR(100) UNIQUE NOT NULL,
    tax_id VARCHAR(100),
    company_type VARCHAR(50) NOT NULL DEFAULT 'manufacturing',
    industry_type VARCHAR(50) NOT NULL DEFAULT 'other',

    -- Contact Information
    email VARCHAR(255) UNIQUE NOT NULL,
    phone VARCHAR(50),
    website VARCHAR(255),
    country VARCHAR(100) NOT NULL,
    city VARCHAR(100) NOT NULL,
    address TEXT,
    postal_code VARCHAR(50),

    -- Contact Person
    contact_person_name VARCHAR(255) NOT NULL,
    contact_person_email VARCHAR(255) NOT NULL,
    contact_person_phone VARCHAR(50) NOT NULL,
    contact_person_position VARCHAR(100),

    -- Status & Verification
    status VARCHAR(20) NOT NULL DEFAULT 'pending',
    verification_status VARCHAR(20) NOT NULL DEFAULT 'notSubmitted',
    verification_notes TEXT,
    verified_at TIMESTAMP WITH TIME ZONE,
    verified_by UUID,

    -- Settings
    timezone VARCHAR(50) DEFAULT 'UTC',
    language VARCHAR(10) DEFAULT 'en',
    currency VARCHAR(3) DEFAULT 'USD',
    logo_url TEXT,

    -- Usage Tracking
    total_codes_generated INTEGER DEFAULT 0,
    active_users_count INTEGER DEFAULT 0,
    last_activity_at TIMESTAMP WITH TIME ZONE,

    -- Metadata
    metadata JSONB DEFAULT '{}',
    is_deleted BOOLEAN DEFAULT FALSE,
    created_at TIMESTAMP WITH TIME ZONE DEFAULT NOW(),
    updated_at TIMESTAMP WITH TIME ZONE DEFAULT NOW(),
    deleted_at TIMESTAMP WITH TIME ZONE
);

-- Company Documents
CREATE TABLE company_documents (
    id UUID PRIMARY KEY DEFAULT uuid_generate_v4(),
    company_id UUID NOT NULL REFERENCES companies(id) ON DELETE CASCADE,
    document_type VARCHAR(50) NOT NULL,
    document_name VARCHAR(255) NOT NULL,
    document_url TEXT NOT NULL,
    file_size INTEGER,
    mime_type VARCHAR(100),

    -- Verification
    verification_status VARCHAR(20) DEFAULT 'pending',
    verification_notes TEXT,
    verified_at TIMESTAMP WITH TIME ZONE,
    verified_by UUID,

    -- Metadata
    is_deleted BOOLEAN DEFAULT FALSE,
    created_at TIMESTAMP WITH TIME ZONE DEFAULT NOW(),
    updated_at TIMESTAMP WITH TIME ZONE DEFAULT NOW()
);

-- Subscription Plans
CREATE TABLE subscription_plans (
    id UUID PRIMARY KEY DEFAULT uuid_generate_v4(),
    name VARCHAR(100) NOT NULL,
    type VARCHAR(20) NOT NULL DEFAULT 'basic',
    description TEXT,

    -- Pricing
    monthly_price DECIMAL(10,2) NOT NULL DEFAULT 0.00,
    yearly_price DECIMAL(10,2),
    setup_fee DECIMAL(10,2) DEFAULT 0.00,
    currency VARCHAR(3) DEFAULT 'USD',

    -- Code Generation Limits (Monthly)
    monthly_unit_codes INTEGER NOT NULL DEFAULT 0,
    monthly_packet_codes INTEGER NOT NULL DEFAULT 0,
    monthly_carton_codes INTEGER NOT NULL DEFAULT 0,
    monthly_bundle_codes INTEGER NOT NULL DEFAULT 0,

    -- User Limits
    max_users INTEGER NOT NULL DEFAULT 1,
    max_stores INTEGER NOT NULL DEFAULT 1,
    max_drivers INTEGER NOT NULL DEFAULT 1,

    -- Features
    features JSONB DEFAULT '[]',
    is_custom BOOLEAN DEFAULT FALSE,
    is_recommended BOOLEAN DEFAULT FALSE,

    -- Status
    status VARCHAR(20) DEFAULT 'active',
    company_count INTEGER DEFAULT 0,

    -- Metadata
    metadata JSONB DEFAULT '{}',
    created_at TIMESTAMP WITH TIME ZONE DEFAULT NOW(),
    updated_at TIMESTAMP WITH TIME ZONE DEFAULT NOW(),
    archived_at TIMESTAMP WITH TIME ZONE
);

-- Company Subscriptions
CREATE TABLE company_subscriptions (
    id UUID PRIMARY KEY DEFAULT uuid_generate_v4(),
    company_id UUID NOT NULL REFERENCES companies(id) ON DELETE CASCADE,
    plan_id UUID NOT NULL REFERENCES subscription_plans(id),

    -- Subscription Details
    billing_cycle VARCHAR(20) NOT NULL DEFAULT 'monthly',
    start_date DATE NOT NULL,
    end_date DATE,
    renewal_date DATE,
    auto_renew BOOLEAN DEFAULT TRUE,

    -- Payment Information
    payment_method VARCHAR(50),
    payment_status VARCHAR(20) DEFAULT 'pending',
    last_payment_date DATE,
    next_payment_date DATE,

    -- Usage Tracking (Current Period)
    current_unit_codes_used INTEGER DEFAULT 0,
    current_packet_codes_used INTEGER DEFAULT 0,
    current_carton_codes_used INTEGER DEFAULT 0,
    current_bundle_codes_used INTEGER DEFAULT 0,

    -- Status
    status VARCHAR(20) DEFAULT 'active',
    cancellation_reason TEXT,
    cancelled_at TIMESTAMP WITH TIME ZONE,

    -- Metadata
    metadata JSONB DEFAULT '{}',
    created_at TIMESTAMP WITH TIME ZONE DEFAULT NOW(),
    updated_at TIMESTAMP WITH TIME ZONE DEFAULT NOW()
);

CREATE UNIQUE INDEX idx_company_subscriptions_active_unique
    ON company_subscriptions(company_id, plan_id)
    WHERE status = 'active';

-- Invoices
CREATE TABLE invoices (
    id UUID PRIMARY KEY DEFAULT uuid_generate_v4(),
    company_id UUID NOT NULL REFERENCES companies(id) ON DELETE CASCADE,
    subscription_id UUID REFERENCES company_subscriptions(id) ON DELETE SET NULL,
    invoice_number VARCHAR(100) UNIQUE NOT NULL,

    -- Invoice Details
    period_start DATE NOT NULL,
    period_end DATE NOT NULL,
    issue_date DATE NOT NULL,
    due_date DATE NOT NULL,

    -- Amounts
    subtotal DECIMAL(10,2) NOT NULL,
    tax_amount DECIMAL(10,2) DEFAULT 0.00,
    discount_amount DECIMAL(10,2) DEFAULT 0.00,
    total_amount DECIMAL(10,2) NOT NULL,
    currency VARCHAR(3) DEFAULT 'USD',

    -- Items
    items JSONB DEFAULT '[]',

    -- Payment Status
    status VARCHAR(20) DEFAULT 'pending',
    payment_date DATE,
    payment_method VARCHAR(50),
    payment_reference VARCHAR(255),

    -- Metadata
    notes TEXT,
    metadata JSONB DEFAULT '{}',
    created_at TIMESTAMP WITH TIME ZONE DEFAULT NOW(),
    updated_at TIMESTAMP WITH TIME ZONE DEFAULT NOW()
);

-- ============================================
-- FACTORY ADMIN TABLES (Code Management)
-- ============================================

-- Factory Users (Admins, Store Keepers, Drivers)
CREATE TABLE factory_users (
    id UUID PRIMARY KEY DEFAULT uuid_generate_v4(),
    company_id UUID NOT NULL REFERENCES companies(id) ON DELETE CASCADE,

    -- User Information
    email VARCHAR(255) NOT NULL,
    phone VARCHAR(50),
    full_name VARCHAR(255) NOT NULL,
    position VARCHAR(100) NOT NULL,

    -- Authentication
    password_hash VARCHAR(255) NOT NULL,
    password_salt VARCHAR(255) NOT NULL,
    email_verified BOOLEAN DEFAULT FALSE,
    phone_verified BOOLEAN DEFAULT FALSE,

    -- Permissions
    permissions JSONB DEFAULT '[]',
    is_active BOOLEAN DEFAULT TRUE,
    last_login_at TIMESTAMP WITH TIME ZONE,

    -- Metadata
    metadata JSONB DEFAULT '{}',
    created_at TIMESTAMP WITH TIME ZONE DEFAULT NOW(),
    updated_at TIMESTAMP WITH TIME ZONE DEFAULT NOW(),
    deleted_at TIMESTAMP WITH TIME ZONE,

    -- Constraints
    UNIQUE(company_id, email)
);

-- Products
CREATE TABLE products (
    id UUID PRIMARY KEY DEFAULT uuid_generate_v4(),
    company_id UUID NOT NULL REFERENCES companies(id) ON DELETE CASCADE,

    -- Product Information
    name VARCHAR(255) NOT NULL,
    sku VARCHAR(100) UNIQUE NOT NULL,
    description TEXT,
    category VARCHAR(100),

    -- Product Type Specific Fields
    product_type VARCHAR(50) NOT NULL DEFAULT 'other',
    requires_manufacturing_date BOOLEAN DEFAULT FALSE,
    requires_expiry_date BOOLEAN DEFAULT FALSE,
    requires_warranty BOOLEAN DEFAULT FALSE,

    -- Default Values
    default_warranty_months INTEGER,
    default_storage_conditions TEXT,
    default_handling_instructions TEXT,

    -- Images
    image_urls TEXT[] DEFAULT '{}',

    -- Metadata
    metadata JSONB DEFAULT '{}',
    is_deleted BOOLEAN DEFAULT FALSE,
    created_at TIMESTAMP WITH TIME ZONE DEFAULT NOW(),
    updated_at TIMESTAMP WITH TIME ZONE DEFAULT NOW()
);

-- Base Codes Table (Common fields for all code types)
CREATE TABLE base_codes (
    id UUID PRIMARY KEY DEFAULT uuid_generate_v4(),
    company_id UUID NOT NULL REFERENCES companies(id) ON DELETE CASCADE,
    subscription_plan_id UUID NOT NULL REFERENCES subscription_plans(id),

    -- Code Information
    code VARCHAR(100) UNIQUE NOT NULL,
    code_type VARCHAR(20) NOT NULL,
    status VARCHAR(20) NOT NULL DEFAULT 'generated',

    -- Internal Tracking
    store_keeper_code VARCHAR(100) NOT NULL,
    international_code VARCHAR(255),
    batch_id VARCHAR(100) NOT NULL,

    -- Timestamps
    generated_at TIMESTAMP WITH TIME ZONE NOT NULL DEFAULT NOW(),
    linked_at TIMESTAMP WITH TIME ZONE,
    published_at TIMESTAMP WITH TIME ZONE,
    deactivated_at TIMESTAMP WITH TIME ZONE,

    -- Product Linking
    product_id UUID REFERENCES products(id) ON DELETE SET NULL,
    product_batch_number VARCHAR(100),
    manufacturing_date DATE,
    expiry_date DATE,
    warranty_months INTEGER,

    -- Code Data
    qr_code_data TEXT,
    barcode_data TEXT,

    -- Metadata
    metadata JSONB DEFAULT '{}',
    version INTEGER DEFAULT 1,
    is_deleted BOOLEAN DEFAULT FALSE,
    created_at TIMESTAMP WITH TIME ZONE DEFAULT NOW(),
    updated_at TIMESTAMP WITH TIME ZONE DEFAULT NOW()
);

-- Bundle Codes (Extends base_codes)
CREATE TABLE bundle_codes (
    id UUID PRIMARY KEY REFERENCES base_codes(id) ON DELETE CASCADE,

    -- Bundle Specific Fields
    cartons_per_bundle INTEGER NOT NULL,
    bundle_weight_kg DECIMAL(10,2),
    bundle_dimensions VARCHAR(100),

    -- Shipping Information
    storage_location VARCHAR(255),
    shipping_method VARCHAR(100),
    expected_delivery_date DATE,

    -- Additional Information
    category VARCHAR(100),
    handling_instructions TEXT,
    customs_declaration_number VARCHAR(100),
    insurance_value DECIMAL(10,2),
    priority INTEGER DEFAULT 2
);

-- Carton Codes (Extends base_codes)
CREATE TABLE carton_codes (
    id UUID PRIMARY KEY REFERENCES base_codes(id) ON DELETE CASCADE,

    -- Hierarchy
    bundle_code_id UUID REFERENCES bundle_codes(id) ON DELETE CASCADE,

    -- Carton Specific Fields
    packet_count INTEGER NOT NULL,
    packet_codes UUID[] DEFAULT '{}',
    sequence_number INTEGER NOT NULL,
    total_units INTEGER NOT NULL,

    -- Physical Properties
    weight_kg DECIMAL(10,2),
    dimensions VARCHAR(100),
    carton_type VARCHAR(50),
    grade VARCHAR(20),
    max_weight_capacity_kg DECIMAL(10,2),

    -- Sealing Information
    is_sealed BOOLEAN DEFAULT FALSE,
    sealed_at TIMESTAMP WITH TIME ZONE,
    sealed_by UUID REFERENCES factory_users(id),

    -- Handling Requirements
    temperature_requirements VARCHAR(100),
    handling_instructions TEXT,

    -- Additional Codes
    carton_barcode VARCHAR(255),
    carton_qr_code VARCHAR(255),

    -- Condition & Inspection
    condition VARCHAR(50) DEFAULT 'New',
    last_inspection_date DATE,
    inspection_notes TEXT
);

-- Packet Codes (Extends base_codes)
CREATE TABLE packet_codes (
    id UUID PRIMARY KEY REFERENCES base_codes(id) ON DELETE CASCADE,

    -- Hierarchy
    carton_code_id UUID REFERENCES carton_codes(id) ON DELETE CASCADE,

    -- Packet Specific Fields
    unit_count INTEGER NOT NULL,
    unit_codes UUID[] DEFAULT '{}',
    sequence_number INTEGER NOT NULL,

    -- Physical Properties
    weight_grams DECIMAL(10,2),
    dimensions VARCHAR(100),
    packet_type VARCHAR(50),
    material VARCHAR(50),

    -- Sealing Information
    is_sealed BOOLEAN DEFAULT FALSE,
    sealed_at TIMESTAMP WITH TIME ZONE,
    sealed_by UUID REFERENCES factory_users(id),
    sealing_method VARCHAR(50),

    -- Additional Codes
    packet_barcode VARCHAR(255),
    packet_qr_code VARCHAR(255),

    -- Safety Features
    condition VARCHAR(50) DEFAULT 'Intact',
    has_tamper_evidence BOOLEAN DEFAULT FALSE,
    has_child_safety BOOLEAN DEFAULT FALSE,
    has_instructions BOOLEAN DEFAULT FALSE,

    -- Identification
    packet_batch_number VARCHAR(100),
    serial_number VARCHAR(100)
);

-- Unit Codes (Authentication Codes - Extends base_codes)
CREATE TABLE unit_codes (
    id UUID PRIMARY KEY REFERENCES base_codes(id) ON DELETE CASCADE,

    -- Hierarchy
    packet_code_id UUID REFERENCES packet_codes(id) ON DELETE CASCADE,

    -- Unit Specific Fields
    sequence_number INTEGER NOT NULL,
    authentication_code VARCHAR(255) NOT NULL UNIQUE,

    -- Authentication Hierarchy
    is_master_code BOOLEAN DEFAULT FALSE,
    master_code_id UUID REFERENCES unit_codes(id),

    -- Verification Tracking
    verification_count INTEGER DEFAULT 0,
    first_verified_at TIMESTAMP WITH TIME ZONE,
    last_verified_at TIMESTAMP WITH TIME ZONE,
    verification_location VARCHAR(255),
    verified_by UUID,

    -- Fake Reporting
    is_reported_fake BOOLEAN DEFAULT FALSE,
    fake_reported_at TIMESTAMP WITH TIME ZONE,
    fake_reported_by UUID,
    fake_report_reason TEXT,

    -- Blocking
    is_blocked BOOLEAN DEFAULT FALSE,
    blocked_at TIMESTAMP WITH TIME ZONE,
    blocked_by UUID REFERENCES factory_users(id),
    block_reason TEXT,

    -- Identification
    serial_number VARCHAR(100) NOT NULL UNIQUE,
    model VARCHAR(100)
);

-- Code Verification History
CREATE TABLE code_verification_history (
    id UUID PRIMARY KEY DEFAULT uuid_generate_v4(),
    unit_code_id UUID NOT NULL REFERENCES unit_codes(id) ON DELETE CASCADE,

    -- Verification Details
    verification_type VARCHAR(50) NOT NULL,
    verification_method VARCHAR(50),
    verification_result VARCHAR(50) NOT NULL,

    -- Location & Device
    latitude DECIMAL(10,8),
    longitude DECIMAL(11,8),
    location_address TEXT,
    device_id VARCHAR(255),
    device_type VARCHAR(50),

    -- User Information
    user_id UUID,
    user_type VARCHAR(50),

    -- Timestamps
    verified_at TIMESTAMP WITH TIME ZONE DEFAULT NOW(),

    -- Additional Data
    notes TEXT,
    metadata JSONB DEFAULT '{}'
);

-- Customer Users (for verification tracking)
CREATE TABLE customer_users (
    id UUID PRIMARY KEY DEFAULT uuid_generate_v4(),

    -- User Information
    email VARCHAR(255) UNIQUE,
    phone VARCHAR(50) UNIQUE,
    full_name VARCHAR(255),

    -- Authentication (optional for registered customers)
    password_hash VARCHAR(255),
    password_salt VARCHAR(255),

    -- Preferences
    language VARCHAR(10) DEFAULT 'en',
    notification_preferences JSONB DEFAULT '{"email": true, "push": true}',

    -- Statistics
    total_verifications INTEGER DEFAULT 0,
    fake_reports_count INTEGER DEFAULT 0,
    last_verification_at TIMESTAMP WITH TIME ZONE,

    -- Metadata
    metadata JSONB DEFAULT '{}',
    created_at TIMESTAMP WITH TIME ZONE DEFAULT NOW(),
    updated_at TIMESTAMP WITH TIME ZONE DEFAULT NOW()
);

-- ============================================
-- AUDIT & LOGGING TABLES
-- ============================================

-- Audit Logs (Track all important actions)
CREATE TABLE audit_logs (
    id UUID PRIMARY KEY DEFAULT uuid_generate_v4(),

    -- Action Details
    action_type VARCHAR(100) NOT NULL,
    entity_type VARCHAR(100) NOT NULL,
    entity_id UUID NOT NULL,

    -- User Information
    user_id UUID,
    user_type VARCHAR(50),
    user_ip INET,
    user_agent TEXT,

    -- Changes
    old_values JSONB,
    new_values JSONB,
    changes JSONB,

    -- Result
    success BOOLEAN DEFAULT TRUE,
    error_message TEXT,

    -- Timestamps
    performed_at TIMESTAMP WITH TIME ZONE DEFAULT NOW()
);

-- System Logs (For debugging and monitoring)
CREATE TABLE system_logs (
    id UUID PRIMARY KEY DEFAULT uuid_generate_v4(),

    -- Log Details
    log_level VARCHAR(20) NOT NULL,
    logger_name VARCHAR(255) NOT NULL,
    message TEXT NOT NULL,

    -- Context
    context JSONB DEFAULT '{}',
    stack_trace TEXT,

    -- Source
    source_file VARCHAR(255),
    source_line INTEGER,
    source_function VARCHAR(255),

    -- Environment
    environment VARCHAR(50) DEFAULT 'production',
    version VARCHAR(50),

    -- Timestamps
    logged_at TIMESTAMP WITH TIME ZONE DEFAULT NOW()
);

-- ============================================
-- CREATE INDEXES
-- ============================================

-- Companies indexes
CREATE INDEX idx_companies_status ON companies(status);
CREATE INDEX idx_companies_verification_status ON companies(verification_status);
CREATE INDEX idx_companies_country ON companies(country);
CREATE INDEX idx_companies_created_at ON companies(created_at DESC);

-- Company documents indexes
CREATE INDEX idx_company_documents_company ON company_documents(company_id);
CREATE INDEX idx_company_documents_type ON company_documents(document_type);
CREATE INDEX idx_company_documents_status ON company_documents(verification_status);

-- Subscription plans indexes
CREATE INDEX idx_subscription_plans_type ON subscription_plans(type);
CREATE INDEX idx_subscription_plans_status ON subscription_plans(status);
CREATE INDEX idx_subscription_plans_price ON subscription_plans(monthly_price);

-- Company subscriptions indexes
CREATE INDEX idx_company_subscriptions_company ON company_subscriptions(company_id);
CREATE INDEX idx_company_subscriptions_plan ON company_subscriptions(plan_id);
CREATE INDEX idx_company_subscriptions_status ON company_subscriptions(status);
CREATE INDEX idx_company_subscriptions_dates ON company_subscriptions(start_date, end_date);

-- Invoices indexes
CREATE INDEX idx_invoices_company ON invoices(company_id);
CREATE INDEX idx
) {"exception":"[object] (Illuminate\\Database\\QueryException(code: 42601): SQLSTATE[42601]: Syntax error: 7 ERRORE:  errore di sintassi alla fine dell'input
LINE 594: 
          ^ (Connection: pgsql, Host: localhost, Port: 5444, Database: nexasystem_db, SQL: -- NexaTrace System - Initial Database Migration

-- Migration ID: 001_initial_schema

-- Created: 2024-01-01

-- Description: Creates initial database schema for NexaTrace System



-- Enable required extensions

CREATE EXTENSION IF NOT EXISTS \"uuid-ossp\";

CREATE EXTENSION IF NOT EXISTS pgcrypto;



-- ============================================

-- SUPER ADMIN TABLES (Platform Management)

-- ============================================



-- Companies (Factories/Client Companies)

CREATE TABLE companies (

    id UUID PRIMARY KEY DEFAULT uuid_generate_v4(),

    name VARCHAR(255) NOT NULL,

    business_registration_number VARCHAR(100) UNIQUE NOT NULL,

    tax_id VARCHAR(100),

    company_type VARCHAR(50) NOT NULL DEFAULT 'manufacturing',

    industry_type VARCHAR(50) NOT NULL DEFAULT 'other',



    -- Contact Information

    email VARCHAR(255) UNIQUE NOT NULL,

    phone VARCHAR(50),

    website VARCHAR(255),

    country VARCHAR(100) NOT NULL,

    city VARCHAR(100) NOT NULL,

    address TEXT,

    postal_code VARCHAR(50),



    -- Contact Person

    contact_person_name VARCHAR(255) NOT NULL,

    contact_person_email VARCHAR(255) NOT NULL,

    contact_person_phone VARCHAR(50) NOT NULL,

    contact_person_position VARCHAR(100),



    -- Status & Verification

    status VARCHAR(20) NOT NULL DEFAULT 'pending',

    verification_status VARCHAR(20) NOT NULL DEFAULT 'notSubmitted',

    verification_notes TEXT,

    verified_at TIMESTAMP WITH TIME ZONE,

    verified_by UUID,



    -- Settings

    timezone VARCHAR(50) DEFAULT 'UTC',

    language VARCHAR(10) DEFAULT 'en',

    currency VARCHAR(3) DEFAULT 'USD',

    logo_url TEXT,



    -- Usage Tracking

    total_codes_generated INTEGER DEFAULT 0,

    active_users_count INTEGER DEFAULT 0,

    last_activity_at TIMESTAMP WITH TIME ZONE,



    -- Metadata

    metadata JSONB DEFAULT '{}',

    is_deleted BOOLEAN DEFAULT FALSE,

    created_at TIMESTAMP WITH TIME ZONE DEFAULT NOW(),

    updated_at TIMESTAMP WITH TIME ZONE DEFAULT NOW(),

    deleted_at TIMESTAMP WITH TIME ZONE

);



-- Company Documents

CREATE TABLE company_documents (

    id UUID PRIMARY KEY DEFAULT uuid_generate_v4(),

    company_id UUID NOT NULL REFERENCES companies(id) ON DELETE CASCADE,

    document_type VARCHAR(50) NOT NULL,

    document_name VARCHAR(255) NOT NULL,

    document_url TEXT NOT NULL,

    file_size INTEGER,

    mime_type VARCHAR(100),



    -- Verification

    verification_status VARCHAR(20) DEFAULT 'pending',

    verification_notes TEXT,

    verified_at TIMESTAMP WITH TIME ZONE,

    verified_by UUID,



    -- Metadata

    is_deleted BOOLEAN DEFAULT FALSE,

    created_at TIMESTAMP WITH TIME ZONE DEFAULT NOW(),

    updated_at TIMESTAMP WITH TIME ZONE DEFAULT NOW()

);



-- Subscription Plans

CREATE TABLE subscription_plans (

    id UUID PRIMARY KEY DEFAULT uuid_generate_v4(),

    name VARCHAR(100) NOT NULL,

    type VARCHAR(20) NOT NULL DEFAULT 'basic',

    description TEXT,



    -- Pricing

    monthly_price DECIMAL(10,2) NOT NULL DEFAULT 0.00,

    yearly_price DECIMAL(10,2),

    setup_fee DECIMAL(10,2) DEFAULT 0.00,

    currency VARCHAR(3) DEFAULT 'USD',



    -- Code Generation Limits (Monthly)

    monthly_unit_codes INTEGER NOT NULL DEFAULT 0,

    monthly_packet_codes INTEGER NOT NULL DEFAULT 0,

    monthly_carton_codes INTEGER NOT NULL DEFAULT 0,

    monthly_bundle_codes INTEGER NOT NULL DEFAULT 0,



    -- User Limits

    max_users INTEGER NOT NULL DEFAULT 1,

    max_stores INTEGER NOT NULL DEFAULT 1,

    max_drivers INTEGER NOT NULL DEFAULT 1,



    -- Features

    features JSONB DEFAULT '[]',

    is_custom BOOLEAN DEFAULT FALSE,

    is_recommended BOOLEAN DEFAULT FALSE,



    -- Status

    status VARCHAR(20) DEFAULT 'active',

    company_count INTEGER DEFAULT 0,



    -- Metadata

    metadata JSONB DEFAULT '{}',

    created_at TIMESTAMP WITH TIME ZONE DEFAULT NOW(),

    updated_at TIMESTAMP WITH TIME ZONE DEFAULT NOW(),

    archived_at TIMESTAMP WITH TIME ZONE

);



-- Company Subscriptions

CREATE TABLE company_subscriptions (

    id UUID PRIMARY KEY DEFAULT uuid_generate_v4(),

    company_id UUID NOT NULL REFERENCES companies(id) ON DELETE CASCADE,

    plan_id UUID NOT NULL REFERENCES subscription_plans(id),



    -- Subscription Details

    billing_cycle VARCHAR(20) NOT NULL DEFAULT 'monthly',

    start_date DATE NOT NULL,

    end_date DATE,

    renewal_date DATE,

    auto_renew BOOLEAN DEFAULT TRUE,



    -- Payment Information

    payment_method VARCHAR(50),

    payment_status VARCHAR(20) DEFAULT 'pending',

    last_payment_date DATE,

    next_payment_date DATE,



    -- Usage Tracking (Current Period)

    current_unit_codes_used INTEGER DEFAULT 0,

    current_packet_codes_used INTEGER DEFAULT 0,

    current_carton_codes_used INTEGER DEFAULT 0,

    current_bundle_codes_used INTEGER DEFAULT 0,



    -- Status

    status VARCHAR(20) DEFAULT 'active',

    cancellation_reason TEXT,

    cancelled_at TIMESTAMP WITH TIME ZONE,



    -- Metadata

    metadata JSONB DEFAULT '{}',

    created_at TIMESTAMP WITH TIME ZONE DEFAULT NOW(),

    updated_at TIMESTAMP WITH TIME ZONE DEFAULT NOW()
);


CREATE UNIQUE INDEX idx_company_subscriptions_active_unique
    ON company_subscriptions(company_id, plan_id)
    WHERE status = 'active';


-- Invoices

CREATE TABLE invoices (

    id UUID PRIMARY KEY DEFAULT uuid_generate_v4(),

    company_id UUID NOT NULL REFERENCES companies(id) ON DELETE CASCADE,

    subscription_id UUID REFERENCES company_subscriptions(id) ON DELETE SET NULL,

    invoice_number VARCHAR(100) UNIQUE NOT NULL,



    -- Invoice Details

    period_start DATE NOT NULL,

    period_end DATE NOT NULL,

    issue_date DATE NOT NULL,

    due_date DATE NOT NULL,



    -- Amounts

    subtotal DECIMAL(10,2) NOT NULL,

    tax_amount DECIMAL(10,2) DEFAULT 0.00,

    discount_amount DECIMAL(10,2) DEFAULT 0.00,

    total_amount DECIMAL(10,2) NOT NULL,

    currency VARCHAR(3) DEFAULT 'USD',



    -- Items

    items JSONB DEFAULT '[]',



    -- Payment Status

    status VARCHAR(20) DEFAULT 'pending',

    payment_date DATE,

    payment_method VARCHAR(50),

    payment_reference VARCHAR(255),



    -- Metadata

    notes TEXT,

    metadata JSONB DEFAULT '{}',

    created_at TIMESTAMP WITH TIME ZONE DEFAULT NOW(),

    updated_at TIMESTAMP WITH TIME ZONE DEFAULT NOW()

);



-- ============================================

-- FACTORY ADMIN TABLES (Code Management)

-- ============================================



-- Factory Users (Admins, Store Keepers, Drivers)

CREATE TABLE factory_users (

    id UUID PRIMARY KEY DEFAULT uuid_generate_v4(),

    company_id UUID NOT NULL REFERENCES companies(id) ON DELETE CASCADE,



    -- User Information

    email VARCHAR(255) NOT NULL,

    phone VARCHAR(50),

    full_name VARCHAR(255) NOT NULL,

    position VARCHAR(100) NOT NULL,



    -- Authentication

    password_hash VARCHAR(255) NOT NULL,

    password_salt VARCHAR(255) NOT NULL,

    email_verified BOOLEAN DEFAULT FALSE,

    phone_verified BOOLEAN DEFAULT FALSE,



    -- Permissions

    permissions JSONB DEFAULT '[]',

    is_active BOOLEAN DEFAULT TRUE,

    last_login_at TIMESTAMP WITH TIME ZONE,



    -- Metadata

    metadata JSONB DEFAULT '{}',

    created_at TIMESTAMP WITH TIME ZONE DEFAULT NOW(),

    updated_at TIMESTAMP WITH TIME ZONE DEFAULT NOW(),

    deleted_at TIMESTAMP WITH TIME ZONE,



    -- Constraints

    UNIQUE(company_id, email)

);



-- Products

CREATE TABLE products (

    id UUID PRIMARY KEY DEFAULT uuid_generate_v4(),

    company_id UUID NOT NULL REFERENCES companies(id) ON DELETE CASCADE,



    -- Product Information

    name VARCHAR(255) NOT NULL,

    sku VARCHAR(100) UNIQUE NOT NULL,

    description TEXT,

    category VARCHAR(100),



    -- Product Type Specific Fields

    product_type VARCHAR(50) NOT NULL DEFAULT 'other',

    requires_manufacturing_date BOOLEAN DEFAULT FALSE,

    requires_expiry_date BOOLEAN DEFAULT FALSE,

    requires_warranty BOOLEAN DEFAULT FALSE,



    -- Default Values

    default_warranty_months INTEGER,

    default_storage_conditions TEXT,

    default_handling_instructions TEXT,



    -- Images

    image_urls TEXT[] DEFAULT '{}',



    -- Metadata

    metadata JSONB DEFAULT '{}',

    is_deleted BOOLEAN DEFAULT FALSE,

    created_at TIMESTAMP WITH TIME ZONE DEFAULT NOW(),

    updated_at TIMESTAMP WITH TIME ZONE DEFAULT NOW()

);



-- Base Codes Table (Common fields for all code types)

CREATE TABLE base_codes (

    id UUID PRIMARY KEY DEFAULT uuid_generate_v4(),

    company_id UUID NOT NULL REFERENCES companies(id) ON DELETE CASCADE,

    subscription_plan_id UUID NOT NULL REFERENCES subscription_plans(id),



    -- Code Information

    code VARCHAR(100) UNIQUE NOT NULL,

    code_type VARCHAR(20) NOT NULL,

    status VARCHAR(20) NOT NULL DEFAULT 'generated',



    -- Internal Tracking

    store_keeper_code VARCHAR(100) NOT NULL,

    international_code VARCHAR(255),

    batch_id VARCHAR(100) NOT NULL,



    -- Timestamps

    generated_at TIMESTAMP WITH TIME ZONE NOT NULL DEFAULT NOW(),

    linked_at TIMESTAMP WITH TIME ZONE,

    published_at TIMESTAMP WITH TIME ZONE,

    deactivated_at TIMESTAMP WITH TIME ZONE,



    -- Product Linking

    product_id UUID REFERENCES products(id) ON DELETE SET NULL,

    product_batch_number VARCHAR(100),

    manufacturing_date DATE,

    expiry_date DATE,

    warranty_months INTEGER,



    -- Code Data

    qr_code_data TEXT,

    barcode_data TEXT,



    -- Metadata

    metadata JSONB DEFAULT '{}',

    version INTEGER DEFAULT 1,

    is_deleted BOOLEAN DEFAULT FALSE,

    created_at TIMESTAMP WITH TIME ZONE DEFAULT NOW(),

    updated_at TIMESTAMP WITH TIME ZONE DEFAULT NOW()

);



-- Bundle Codes (Extends base_codes)

CREATE TABLE bundle_codes (

    id UUID PRIMARY KEY REFERENCES base_codes(id) ON DELETE CASCADE,



    -- Bundle Specific Fields

    cartons_per_bundle INTEGER NOT NULL,

    bundle_weight_kg DECIMAL(10,2),

    bundle_dimensions VARCHAR(100),



    -- Shipping Information

    storage_location VARCHAR(255),

    shipping_method VARCHAR(100),

    expected_delivery_date DATE,



    -- Additional Information

    category VARCHAR(100),

    handling_instructions TEXT,

    customs_declaration_number VARCHAR(100),

    insurance_value DECIMAL(10,2),

    priority INTEGER DEFAULT 2

);



-- Carton Codes (Extends base_codes)

CREATE TABLE carton_codes (

    id UUID PRIMARY KEY REFERENCES base_codes(id) ON DELETE CASCADE,



    -- Hierarchy

    bundle_code_id UUID REFERENCES bundle_codes(id) ON DELETE CASCADE,



    -- Carton Specific Fields

    packet_count INTEGER NOT NULL,

    packet_codes UUID[] DEFAULT '{}',

    sequence_number INTEGER NOT NULL,

    total_units INTEGER NOT NULL,



    -- Physical Properties

    weight_kg DECIMAL(10,2),

    dimensions VARCHAR(100),

    carton_type VARCHAR(50),

    grade VARCHAR(20),

    max_weight_capacity_kg DECIMAL(10,2),



    -- Sealing Information

    is_sealed BOOLEAN DEFAULT FALSE,

    sealed_at TIMESTAMP WITH TIME ZONE,

    sealed_by UUID REFERENCES factory_users(id),



    -- Handling Requirements

    temperature_requirements VARCHAR(100),

    handling_instructions TEXT,



    -- Additional Codes

    carton_barcode VARCHAR(255),

    carton_qr_code VARCHAR(255),



    -- Condition & Inspection

    condition VARCHAR(50) DEFAULT 'New',

    last_inspection_date DATE,

    inspection_notes TEXT

);



-- Packet Codes (Extends base_codes)

CREATE TABLE packet_codes (

    id UUID PRIMARY KEY REFERENCES base_codes(id) ON DELETE CASCADE,



    -- Hierarchy

    carton_code_id UUID REFERENCES carton_codes(id) ON DELETE CASCADE,



    -- Packet Specific Fields

    unit_count INTEGER NOT NULL,

    unit_codes UUID[] DEFAULT '{}',

    sequence_number INTEGER NOT NULL,



    -- Physical Properties

    weight_grams DECIMAL(10,2),

    dimensions VARCHAR(100),

    packet_type VARCHAR(50),

    material VARCHAR(50),



    -- Sealing Information

    is_sealed BOOLEAN DEFAULT FALSE,

    sealed_at TIMESTAMP WITH TIME ZONE,

    sealed_by UUID REFERENCES factory_users(id),

    sealing_method VARCHAR(50),



    -- Additional Codes

    packet_barcode VARCHAR(255),

    packet_qr_code VARCHAR(255),



    -- Safety Features

    condition VARCHAR(50) DEFAULT 'Intact',

    has_tamper_evidence BOOLEAN DEFAULT FALSE,

    has_child_safety BOOLEAN DEFAULT FALSE,

    has_instructions BOOLEAN DEFAULT FALSE,



    -- Identification

    packet_batch_number VARCHAR(100),

    serial_number VARCHAR(100)

);



-- Unit Codes (Authentication Codes - Extends base_codes)

CREATE TABLE unit_codes (

    id UUID PRIMARY KEY REFERENCES base_codes(id) ON DELETE CASCADE,



    -- Hierarchy

    packet_code_id UUID REFERENCES packet_codes(id) ON DELETE CASCADE,



    -- Unit Specific Fields

    sequence_number INTEGER NOT NULL,

    authentication_code VARCHAR(255) NOT NULL UNIQUE,



    -- Authentication Hierarchy

    is_master_code BOOLEAN DEFAULT FALSE,

    master_code_id UUID REFERENCES unit_codes(id),



    -- Verification Tracking

    verification_count INTEGER DEFAULT 0,

    first_verified_at TIMESTAMP WITH TIME ZONE,

    last_verified_at TIMESTAMP WITH TIME ZONE,

    verification_location VARCHAR(255),

    verified_by UUID,



    -- Fake Reporting

    is_reported_fake BOOLEAN DEFAULT FALSE,

    fake_reported_at TIMESTAMP WITH TIME ZONE,

    fake_reported_by UUID,

    fake_report_reason TEXT,



    -- Blocking

    is_blocked BOOLEAN DEFAULT FALSE,

    blocked_at TIMESTAMP WITH TIME ZONE,

    blocked_by UUID REFERENCES factory_users(id),

    block_reason TEXT,



    -- Identification

    serial_number VARCHAR(100) NOT NULL UNIQUE,

    model VARCHAR(100)

);



-- Code Verification History

CREATE TABLE code_verification_history (

    id UUID PRIMARY KEY DEFAULT uuid_generate_v4(),

    unit_code_id UUID NOT NULL REFERENCES unit_codes(id) ON DELETE CASCADE,



    -- Verification Details

    verification_type VARCHAR(50) NOT NULL,

    verification_method VARCHAR(50),

    verification_result VARCHAR(50) NOT NULL,



    -- Location & Device

    latitude DECIMAL(10,8),

    longitude DECIMAL(11,8),

    location_address TEXT,

    device_id VARCHAR(255),

    device_type VARCHAR(50),



    -- User Information

    user_id UUID,

    user_type VARCHAR(50),



    -- Timestamps

    verified_at TIMESTAMP WITH TIME ZONE DEFAULT NOW(),



    -- Additional Data

    notes TEXT,

    metadata JSONB DEFAULT '{}'

);



-- Customer Users (for verification tracking)

CREATE TABLE customer_users (

    id UUID PRIMARY KEY DEFAULT uuid_generate_v4(),



    -- User Information

    email VARCHAR(255) UNIQUE,

    phone VARCHAR(50) UNIQUE,

    full_name VARCHAR(255),



    -- Authentication (optional for registered customers)

    password_hash VARCHAR(255),

    password_salt VARCHAR(255),



    -- Preferences

    language VARCHAR(10) DEFAULT 'en',

    notification_preferences JSONB DEFAULT '{\"email\": true, \"push\": true}',



    -- Statistics

    total_verifications INTEGER DEFAULT 0,

    fake_reports_count INTEGER DEFAULT 0,

    last_verification_at TIMESTAMP WITH TIME ZONE,



    -- Metadata

    metadata JSONB DEFAULT '{}',

    created_at TIMESTAMP WITH TIME ZONE DEFAULT NOW(),

    updated_at TIMESTAMP WITH TIME ZONE DEFAULT NOW()

);



-- ============================================

-- AUDIT & LOGGING TABLES

-- ============================================



-- Audit Logs (Track all important actions)

CREATE TABLE audit_logs (

    id UUID PRIMARY KEY DEFAULT uuid_generate_v4(),



    -- Action Details

    action_type VARCHAR(100) NOT NULL,

    entity_type VARCHAR(100) NOT NULL,

    entity_id UUID NOT NULL,



    -- User Information

    user_id UUID,

    user_type VARCHAR(50),

    user_ip INET,

    user_agent TEXT,



    -- Changes

    old_values JSONB,

    new_values JSONB,

    changes JSONB,



    -- Result

    success BOOLEAN DEFAULT TRUE,

    error_message TEXT,



    -- Timestamps

    performed_at TIMESTAMP WITH TIME ZONE DEFAULT NOW()

);



-- System Logs (For debugging and monitoring)

CREATE TABLE system_logs (

    id UUID PRIMARY KEY DEFAULT uuid_generate_v4(),



    -- Log Details

    log_level VARCHAR(20) NOT NULL,

    logger_name VARCHAR(255) NOT NULL,

    message TEXT NOT NULL,



    -- Context

    context JSONB DEFAULT '{}',

    stack_trace TEXT,



    -- Source

    source_file VARCHAR(255),

    source_line INTEGER,

    source_function VARCHAR(255),



    -- Environment

    environment VARCHAR(50) DEFAULT 'production',

    version VARCHAR(50),



    -- Timestamps

    logged_at TIMESTAMP WITH TIME ZONE DEFAULT NOW()

);



-- ============================================

-- CREATE INDEXES

-- ============================================



-- Companies indexes

CREATE INDEX idx_companies_status ON companies(status);

CREATE INDEX idx_companies_verification_status ON companies(verification_status);

CREATE INDEX idx_companies_country ON companies(country);

CREATE INDEX idx_companies_created_at ON companies(created_at DESC);



-- Company documents indexes

CREATE INDEX idx_company_documents_company ON company_documents(company_id);

CREATE INDEX idx_company_documents_type ON company_documents(document_type);

CREATE INDEX idx_company_documents_status ON company_documents(verification_status);



-- Subscription plans indexes

CREATE INDEX idx_subscription_plans_type ON subscription_plans(type);

CREATE INDEX idx_subscription_plans_status ON subscription_plans(status);

CREATE INDEX idx_subscription_plans_price ON subscription_plans(monthly_price);



-- Company subscriptions indexes

CREATE INDEX idx_company_subscriptions_company ON company_subscriptions(company_id);

CREATE INDEX idx_company_subscriptions_plan ON company_subscriptions(plan_id);

CREATE INDEX idx_company_subscriptions_status ON company_subscriptions(status);

CREATE INDEX idx_company_subscriptions_dates ON company_subscriptions(start_date, end_date);



-- Invoices indexes

CREATE INDEX idx_invoices_company ON invoices(company_id);

CREATE INDEX idx

) at C:/Ecosystem/NexaTrace_System/backend/vendor/laravel/framework/src/Illuminate/Database/Connection.php:838)
[stacktrace]
#0 C:/Ecosystem/NexaTrace_System/backend/vendor/laravel/framework/src/Illuminate/Database/Connection.php(794): Illuminate/Database/Connection->runQueryCallback('-- NexaTrace Sy...', Array, Object(Closure))
#1 C:/Ecosystem/NexaTrace_System/backend/vendor/laravel/framework/src/Illuminate/Database/Connection.php(627): Illuminate/Database/Connection->run('-- NexaTrace Sy...', Array, Object(Closure))
#2 C:/Ecosystem/NexaTrace_System/backend/vendor/laravel/framework/src/Illuminate/Database/DatabaseManager.php(491): Illuminate/Database/Connection->unprepared('-- NexaTrace Sy...')
#3 C:/Ecosystem/NexaTrace_System/backend/vendor/laravel/framework/src/Illuminate/Support/Facades/Facade.php(363): Illuminate/Database/DatabaseManager->__call('unprepared', Array)
#4 C:/Ecosystem/NexaTrace_System/backend/database/migrations/2026_03_20_000100_run_core_schema_sql.php(17): Illuminate/Support/Facades/Facade::__callStatic('unprepared', Array)
#5 C:/Ecosystem/NexaTrace_System/backend/vendor/laravel/framework/src/Illuminate/Database/Migrations/Migrator.php(517): Illuminate/Database/Migrations/Migration@anonymous->up()
#6 C:/Ecosystem/NexaTrace_System/backend/vendor/laravel/framework/src/Illuminate/Database/Migrations/Migrator.php(442): Illuminate/Database/Migrations/Migrator->runMethod(Object(Illuminate/Database/PostgresConnection), Object(Illuminate/Database/Migrations/Migration@anonymous), 'up')
#7 C:/Ecosystem/NexaTrace_System/backend/vendor/laravel/framework/src/Illuminate/Database/Concerns/ManagesTransactions.php(35): Illuminate/Database/Migrations/Migrator->Illuminate/Database/Migrations/{closure}(Object(Illuminate/Database/PostgresConnection))
#8 C:/Ecosystem/NexaTrace_System/backend/vendor/laravel/framework/src/Illuminate/Database/Migrations/Migrator.php(450): Illuminate/Database/Connection->transaction(Object(Closure))
#9 C:/Ecosystem/NexaTrace_System/backend/vendor/laravel/framework/src/Illuminate/Database/Migrations/Migrator.php(253): Illuminate/Database/Migrations/Migrator->runMigration(Object(Illuminate/Database/Migrations/Migration@anonymous), 'up')
#10 C:/Ecosystem/NexaTrace_System/backend/vendor/laravel/framework/src/Illuminate/Console/View/Components/Task.php(41): Illuminate/Database/Migrations/Migrator->Illuminate/Database/Migrations/{closure}()
#11 C:/Ecosystem/NexaTrace_System/backend/vendor/laravel/framework/src/Illuminate/Database/Migrations/Migrator.php(814): Illuminate/Console/View/Components/Task->render('2026_03_20_0001...', Object(Closure))
#12 C:/Ecosystem/NexaTrace_System/backend/vendor/laravel/framework/src/Illuminate/Database/Migrations/Migrator.php(253): Illuminate/Database/Migrations/Migrator->write('Illuminate//Cons...', '2026_03_20_0001...', Object(Closure))
#13 C:/Ecosystem/NexaTrace_System/backend/vendor/laravel/framework/src/Illuminate/Database/Migrations/Migrator.php(211): Illuminate/Database/Migrations/Migrator->runUp('C://Ecosystem//Ne...', 1, false)
#14 C:/Ecosystem/NexaTrace_System/backend/vendor/laravel/framework/src/Illuminate/Database/Migrations/Migrator.php(138): Illuminate/Database/Migrations/Migrator->runPending(Array, Array)
#15 C:/Ecosystem/NexaTrace_System/backend/vendor/laravel/framework/src/Illuminate/Database/Console/Migrations/MigrateCommand.php(116): Illuminate/Database/Migrations/Migrator->run(Array, Array)
#16 C:/Ecosystem/NexaTrace_System/backend/vendor/laravel/framework/src/Illuminate/Database/Migrations/Migrator.php(671): Illuminate/Database/Console/Migrations/MigrateCommand->Illuminate/Database/Console/Migrations/{closure}()
#17 C:/Ecosystem/NexaTrace_System/backend/vendor/laravel/framework/src/Illuminate/Database/Console/Migrations/MigrateCommand.php(109): Illuminate/Database/Migrations/Migrator->usingConnection(NULL, Object(Closure))
#18 C:/Ecosystem/NexaTrace_System/backend/vendor/laravel/framework/src/Illuminate/Database/Console/Migrations/MigrateCommand.php(88): Illuminate/Database/Console/Migrations/MigrateCommand->runMigrations()
#19 C:/Ecosystem/NexaTrace_System/backend/vendor/laravel/framework/src/Illuminate/Container/BoundMethod.php(36): Illuminate/Database/Console/Migrations/MigrateCommand->handle()
#20 C:/Ecosystem/NexaTrace_System/backend/vendor/laravel/framework/src/Illuminate/Container/Util.php(43): Illuminate/Container/BoundMethod::Illuminate/Container/{closure}()
#21 C:/Ecosystem/NexaTrace_System/backend/vendor/laravel/framework/src/Illuminate/Container/BoundMethod.php(96): Illuminate/Container/Util::unwrapIfClosure(Object(Closure))
#22 C:/Ecosystem/NexaTrace_System/backend/vendor/laravel/framework/src/Illuminate/Container/BoundMethod.php(35): Illuminate/Container/BoundMethod::callBoundMethod(Object(Illuminate/Foundation/Application), Array, Object(Closure))
#23 C:/Ecosystem/NexaTrace_System/backend/vendor/laravel/framework/src/Illuminate/Container/Container.php(799): Illuminate/Container/BoundMethod::call(Object(Illuminate/Foundation/Application), Array, Array, NULL)
#24 C:/Ecosystem/NexaTrace_System/backend/vendor/laravel/framework/src/Illuminate/Console/Command.php(211): Illuminate/Container/Container->call(Array)
#25 C:/Ecosystem/NexaTrace_System/backend/vendor/symfony/console/Command/Command.php(341): Illuminate/Console/Command->execute(Object(Symfony/Component/Console/Input/ArrayInput), Object(Illuminate/Console/OutputStyle))
#26 C:/Ecosystem/NexaTrace_System/backend/vendor/laravel/framework/src/Illuminate/Console/Command.php(180): Symfony/Component/Console/Command/Command->run(Object(Symfony/Component/Console/Input/ArrayInput), Object(Illuminate/Console/OutputStyle))
#27 C:/Ecosystem/NexaTrace_System/backend/vendor/laravel/framework/src/Illuminate/Console/Concerns/CallsCommands.php(68): Illuminate/Console/Command->run(Object(Symfony/Component/Console/Input/ArrayInput), Object(Illuminate/Console/OutputStyle))
#28 C:/Ecosystem/NexaTrace_System/backend/vendor/laravel/framework/src/Illuminate/Console/Concerns/CallsCommands.php(29): Illuminate/Console/Command->runCommand('migrate', Array, Object(Illuminate/Console/OutputStyle))
#29 C:/Ecosystem/NexaTrace_System/backend/vendor/laravel/framework/src/Illuminate/Database/Console/Migrations/FreshCommand.php(88): Illuminate/Console/Command->call('migrate', Array)
#30 C:/Ecosystem/NexaTrace_System/backend/vendor/laravel/framework/src/Illuminate/Container/BoundMethod.php(36): Illuminate/Database/Console/Migrations/FreshCommand->handle()
#31 C:/Ecosystem/NexaTrace_System/backend/vendor/laravel/framework/src/Illuminate/Container/Util.php(43): Illuminate/Container/BoundMethod::Illuminate/Container/{closure}()
#32 C:/Ecosystem/NexaTrace_System/backend/vendor/laravel/framework/src/Illuminate/Container/BoundMethod.php(96): Illuminate/Container/Util::unwrapIfClosure(Object(Closure))
#33 C:/Ecosystem/NexaTrace_System/backend/vendor/laravel/framework/src/Illuminate/Container/BoundMethod.php(35): Illuminate/Container/BoundMethod::callBoundMethod(Object(Illuminate/Foundation/Application), Array, Object(Closure))
#34 C:/Ecosystem/NexaTrace_System/backend/vendor/laravel/framework/src/Illuminate/Container/Container.php(799): Illuminate/Container/BoundMethod::call(Object(Illuminate/Foundation/Application), Array, Array, NULL)
#35 C:/Ecosystem/NexaTrace_System/backend/vendor/laravel/framework/src/Illuminate/Console/Command.php(211): Illuminate/Container/Container->call(Array)
#36 C:/Ecosystem/NexaTrace_System/backend/vendor/symfony/console/Command/Command.php(341): Illuminate/Console/Command->execute(Object(Symfony/Component/Console/Input/ArgvInput), Object(Illuminate/Console/OutputStyle))
#37 C:/Ecosystem/NexaTrace_System/backend/vendor/laravel/framework/src/Illuminate/Console/Command.php(180): Symfony/Component/Console/Command/Command->run(Object(Symfony/Component/Console/Input/ArgvInput), Object(Illuminate/Console/OutputStyle))
#38 C:/Ecosystem/NexaTrace_System/backend/vendor/symfony/console/Application.php(1117): Illuminate/Console/Command->run(Object(Symfony/Component/Console/Input/ArgvInput), Object(Symfony/Component/Console/Output/ConsoleOutput))
#39 C:/Ecosystem/NexaTrace_System/backend/vendor/symfony/console/Application.php(356): Symfony/Component/Console/Application->doRunCommand(Object(Illuminate/Database/Console/Migrations/FreshCommand), Object(Symfony/Component/Console/Input/ArgvInput), Object(Symfony/Component/Console/Output/ConsoleOutput))
#40 C:/Ecosystem/NexaTrace_System/backend/vendor/symfony/console/Application.php(195): Symfony/Component/Console/Application->doRun(Object(Symfony/Component/Console/Input/ArgvInput), Object(Symfony/Component/Console/Output/ConsoleOutput))
#41 C:/Ecosystem/NexaTrace_System/backend/vendor/laravel/framework/src/Illuminate/Foundation/Console/Kernel.php(198): Symfony/Component/Console/Application->run(Object(Symfony/Component/Console/Input/ArgvInput), Object(Symfony/Component/Console/Output/ConsoleOutput))
#42 C:/Ecosystem/NexaTrace_System/backend/vendor/laravel/framework/src/Illuminate/Foundation/Application.php(1235): Illuminate/Foundation/Console/Kernel->handle(Object(Symfony/Component/Console/Input/ArgvInput), Object(Symfony/Component/Console/Output/ConsoleOutput))
#43 C:/Ecosystem/NexaTrace_System/backend/artisan(16): Illuminate/Foundation/Application->handleCommand(Object(Symfony/Component/Console/Input/ArgvInput))
#44 {main}

[previous exception] [object] (PDOException(code: 42601): SQLSTATE[42601]: Syntax error: 7 ERRORE:  errore di sintassi alla fine dell'input
LINE 594: 
          ^ at C:/Ecosystem/NexaTrace_System/backend/vendor/laravel/framework/src/Illuminate/Database/Connection.php:633)
[stacktrace]
#0 C:/Ecosystem/NexaTrace_System/backend/vendor/laravel/framework/src/Illuminate/Database/Connection.php(633): PDO->exec('-- NexaTrace Sy...')
#1 C:/Ecosystem/NexaTrace_System/backend/vendor/laravel/framework/src/Illuminate/Database/Connection.php(827): Illuminate/Database/Connection->Illuminate/Database/{closure}('-- NexaTrace Sy...', Array)
#2 C:/Ecosystem/NexaTrace_System/backend/vendor/laravel/framework/src/Illuminate/Database/Connection.php(794): Illuminate/Database/Connection->runQueryCallback('-- NexaTrace Sy...', Array, Object(Closure))
#3 C:/Ecosystem/NexaTrace_System/backend/vendor/laravel/framework/src/Illuminate/Database/Connection.php(627): Illuminate/Database/Connection->run('-- NexaTrace Sy...', Array, Object(Closure))
#4 C:/Ecosystem/NexaTrace_System/backend/vendor/laravel/framework/src/Illuminate/Database/DatabaseManager.php(491): Illuminate/Database/Connection->unprepared('-- NexaTrace Sy...')
#5 C:/Ecosystem/NexaTrace_System/backend/vendor/laravel/framework/src/Illuminate/Support/Facades/Facade.php(363): Illuminate/Database/DatabaseManager->__call('unprepared', Array)
#6 C:/Ecosystem/NexaTrace_System/backend/database/migrations/2026_03_20_000100_run_core_schema_sql.php(17): Illuminate/Support/Facades/Facade::__callStatic('unprepared', Array)
#7 C:/Ecosystem/NexaTrace_System/backend/vendor/laravel/framework/src/Illuminate/Database/Migrations/Migrator.php(517): Illuminate/Database/Migrations/Migration@anonymous->up()
#8 C:/Ecosystem/NexaTrace_System/backend/vendor/laravel/framework/src/Illuminate/Database/Migrations/Migrator.php(442): Illuminate/Database/Migrations/Migrator->runMethod(Object(Illuminate/Database/PostgresConnection), Object(Illuminate/Database/Migrations/Migration@anonymous), 'up')
#9 C:/Ecosystem/NexaTrace_System/backend/vendor/laravel/framework/src/Illuminate/Database/Concerns/ManagesTransactions.php(35): Illuminate/Database/Migrations/Migrator->Illuminate/Database/Migrations/{closure}(Object(Illuminate/Database/PostgresConnection))
#10 C:/Ecosystem/NexaTrace_System/backend/vendor/laravel/framework/src/Illuminate/Database/Migrations/Migrator.php(450): Illuminate/Database/Connection->transaction(Object(Closure))
#11 C:/Ecosystem/NexaTrace_System/backend/vendor/laravel/framework/src/Illuminate/Database/Migrations/Migrator.php(253): Illuminate/Database/Migrations/Migrator->runMigration(Object(Illuminate/Database/Migrations/Migration@anonymous), 'up')
#12 C:/Ecosystem/NexaTrace_System/backend/vendor/laravel/framework/src/Illuminate/Console/View/Components/Task.php(41): Illuminate/Database/Migrations/Migrator->Illuminate/Database/Migrations/{closure}()
#13 C:/Ecosystem/NexaTrace_System/backend/vendor/laravel/framework/src/Illuminate/Database/Migrations/Migrator.php(814): Illuminate/Console/View/Components/Task->render('2026_03_20_0001...', Object(Closure))
#14 C:/Ecosystem/NexaTrace_System/backend/vendor/laravel/framework/src/Illuminate/Database/Migrations/Migrator.php(253): Illuminate/Database/Migrations/Migrator->write('Illuminate//Cons...', '2026_03_20_0001...', Object(Closure))
#15 C:/Ecosystem/NexaTrace_System/backend/vendor/laravel/framework/src/Illuminate/Database/Migrations/Migrator.php(211): Illuminate/Database/Migrations/Migrator->runUp('C://Ecosystem//Ne...', 1, false)
#16 C:/Ecosystem/NexaTrace_System/backend/vendor/laravel/framework/src/Illuminate/Database/Migrations/Migrator.php(138): Illuminate/Database/Migrations/Migrator->runPending(Array, Array)
#17 C:/Ecosystem/NexaTrace_System/backend/vendor/laravel/framework/src/Illuminate/Database/Console/Migrations/MigrateCommand.php(116): Illuminate/Database/Migrations/Migrator->run(Array, Array)
#18 C:/Ecosystem/NexaTrace_System/backend/vendor/laravel/framework/src/Illuminate/Database/Migrations/Migrator.php(671): Illuminate/Database/Console/Migrations/MigrateCommand->Illuminate/Database/Console/Migrations/{closure}()
#19 C:/Ecosystem/NexaTrace_System/backend/vendor/laravel/framework/src/Illuminate/Database/Console/Migrations/MigrateCommand.php(109): Illuminate/Database/Migrations/Migrator->usingConnection(NULL, Object(Closure))
#20 C:/Ecosystem/NexaTrace_System/backend/vendor/laravel/framework/src/Illuminate/Database/Console/Migrations/MigrateCommand.php(88): Illuminate/Database/Console/Migrations/MigrateCommand->runMigrations()
#21 C:/Ecosystem/NexaTrace_System/backend/vendor/laravel/framework/src/Illuminate/Container/BoundMethod.php(36): Illuminate/Database/Console/Migrations/MigrateCommand->handle()
#22 C:/Ecosystem/NexaTrace_System/backend/vendor/laravel/framework/src/Illuminate/Container/Util.php(43): Illuminate/Container/BoundMethod::Illuminate/Container/{closure}()
#23 C:/Ecosystem/NexaTrace_System/backend/vendor/laravel/framework/src/Illuminate/Container/BoundMethod.php(96): Illuminate/Container/Util::unwrapIfClosure(Object(Closure))
#24 C:/Ecosystem/NexaTrace_System/backend/vendor/laravel/framework/src/Illuminate/Container/BoundMethod.php(35): Illuminate/Container/BoundMethod::callBoundMethod(Object(Illuminate/Foundation/Application), Array, Object(Closure))
#25 C:/Ecosystem/NexaTrace_System/backend/vendor/laravel/framework/src/Illuminate/Container/Container.php(799): Illuminate/Container/BoundMethod::call(Object(Illuminate/Foundation/Application), Array, Array, NULL)
#26 C:/Ecosystem/NexaTrace_System/backend/vendor/laravel/framework/src/Illuminate/Console/Command.php(211): Illuminate/Container/Container->call(Array)
#27 C:/Ecosystem/NexaTrace_System/backend/vendor/symfony/console/Command/Command.php(341): Illuminate/Console/Command->execute(Object(Symfony/Component/Console/Input/ArrayInput), Object(Illuminate/Console/OutputStyle))
#28 C:/Ecosystem/NexaTrace_System/backend/vendor/laravel/framework/src/Illuminate/Console/Command.php(180): Symfony/Component/Console/Command/Command->run(Object(Symfony/Component/Console/Input/ArrayInput), Object(Illuminate/Console/OutputStyle))
#29 C:/Ecosystem/NexaTrace_System/backend/vendor/laravel/framework/src/Illuminate/Console/Concerns/CallsCommands.php(68): Illuminate/Console/Command->run(Object(Symfony/Component/Console/Input/ArrayInput), Object(Illuminate/Console/OutputStyle))
#30 C:/Ecosystem/NexaTrace_System/backend/vendor/laravel/framework/src/Illuminate/Console/Concerns/CallsCommands.php(29): Illuminate/Console/Command->runCommand('migrate', Array, Object(Illuminate/Console/OutputStyle))
#31 C:/Ecosystem/NexaTrace_System/backend/vendor/laravel/framework/src/Illuminate/Database/Console/Migrations/FreshCommand.php(88): Illuminate/Console/Command->call('migrate', Array)
#32 C:/Ecosystem/NexaTrace_System/backend/vendor/laravel/framework/src/Illuminate/Container/BoundMethod.php(36): Illuminate/Database/Console/Migrations/FreshCommand->handle()
#33 C:/Ecosystem/NexaTrace_System/backend/vendor/laravel/framework/src/Illuminate/Container/Util.php(43): Illuminate/Container/BoundMethod::Illuminate/Container/{closure}()
#34 C:/Ecosystem/NexaTrace_System/backend/vendor/laravel/framework/src/Illuminate/Container/BoundMethod.php(96): Illuminate/Container/Util::unwrapIfClosure(Object(Closure))
#35 C:/Ecosystem/NexaTrace_System/backend/vendor/laravel/framework/src/Illuminate/Container/BoundMethod.php(35): Illuminate/Container/BoundMethod::callBoundMethod(Object(Illuminate/Foundation/Application), Array, Object(Closure))
#36 C:/Ecosystem/NexaTrace_System/backend/vendor/laravel/framework/src/Illuminate/Container/Container.php(799): Illuminate/Container/BoundMethod::call(Object(Illuminate/Foundation/Application), Array, Array, NULL)
#37 C:/Ecosystem/NexaTrace_System/backend/vendor/laravel/framework/src/Illuminate/Console/Command.php(211): Illuminate/Container/Container->call(Array)
#38 C:/Ecosystem/NexaTrace_System/backend/vendor/symfony/console/Command/Command.php(341): Illuminate/Console/Command->execute(Object(Symfony/Component/Console/Input/ArgvInput), Object(Illuminate/Console/OutputStyle))
#39 C:/Ecosystem/NexaTrace_System/backend/vendor/laravel/framework/src/Illuminate/Console/Command.php(180): Symfony/Component/Console/Command/Command->run(Object(Symfony/Component/Console/Input/ArgvInput), Object(Illuminate/Console/OutputStyle))
#40 C:/Ecosystem/NexaTrace_System/backend/vendor/symfony/console/Application.php(1117): Illuminate/Console/Command->run(Object(Symfony/Component/Console/Input/ArgvInput), Object(Symfony/Component/Console/Output/ConsoleOutput))
#41 C:/Ecosystem/NexaTrace_System/backend/vendor/symfony/console/Application.php(356): Symfony/Component/Console/Application->doRunCommand(Object(Illuminate/Database/Console/Migrations/FreshCommand), Object(Symfony/Component/Console/Input/ArgvInput), Object(Symfony/Component/Console/Output/ConsoleOutput))
#42 C:/Ecosystem/NexaTrace_System/backend/vendor/symfony/console/Application.php(195): Symfony/Component/Console/Application->doRun(Object(Symfony/Component/Console/Input/ArgvInput), Object(Symfony/Component/Console/Output/ConsoleOutput))
#43 C:/Ecosystem/NexaTrace_System/backend/vendor/laravel/framework/src/Illuminate/Foundation/Console/Kernel.php(198): Symfony/Component/Console/Application->run(Object(Symfony/Component/Console/Input/ArgvInput), Object(Symfony/Component/Console/Output/ConsoleOutput))
#44 C:/Ecosystem/NexaTrace_System/backend/vendor/laravel/framework/src/Illuminate/Foundation/Application.php(1235): Illuminate/Foundation/Console/Kernel->handle(Object(Symfony/Component/Console/Input/ArgvInput), Object(Symfony/Component/Console/Output/ConsoleOutput))
#45 C:/Ecosystem/NexaTrace_System/backend/artisan(16): Illuminate/Foundation/Application->handleCommand(Object(Symfony/Component/Console/Input/ArgvInput))
#46 {main}
"} 
[2026-03-20 13:44:55] local.ERROR: SQLSTATE[23502]: Not null violation: 7 ERRORE:  il valore nullo nella colonna "password_hash" della relazione "factory_users" viola il vincolo non nullo
DETAIL:  La riga in errore contiene (5569342a-5366-4eb0-9137-edb710fe0708, 0db4f3ac-16a1-47e5-9a17-8bb5e54ede97, factory-admin@nexatrace.local, 0000000000, Factory Admin, admin, null, null, t, t, [], t, null, [], 2026-03-20 13:44:55+01, 2026-03-20 13:44:55+01, null). (Connection: pgsql, Host: localhost, Port: 5444, Database: nexasystem_db, SQL: insert into "factory_users" ("id", "company_id", "email", "phone", "full_name", "position", "email_verified", "phone_verified", "permissions", "is_active", "metadata", "updated_at", "created_at") values (5569342a-5366-4eb0-9137-edb710fe0708, 0db4f3ac-16a1-47e5-9a17-8bb5e54ede97, factory-admin@nexatrace.local, 0000000000, Factory Admin, admin, 1, 1, [], 1, [], 2026-03-20 13:44:55, 2026-03-20 13:44:55)) {"exception":"[object] (Illuminate\\Database\\QueryException(code: 23502): SQLSTATE[23502]: Not null violation: 7 ERRORE:  il valore nullo nella colonna \"password_hash\" della relazione \"factory_users\" viola il vincolo non nullo
DETAIL:  La riga in errore contiene (5569342a-5366-4eb0-9137-edb710fe0708, 0db4f3ac-16a1-47e5-9a17-8bb5e54ede97, factory-admin@nexatrace.local, 0000000000, Factory Admin, admin, null, null, t, t, [], t, null, [], 2026-03-20 13:44:55+01, 2026-03-20 13:44:55+01, null). (Connection: pgsql, Host: localhost, Port: 5444, Database: nexasystem_db, SQL: insert into \"factory_users\" (\"id\", \"company_id\", \"email\", \"phone\", \"full_name\", \"position\", \"email_verified\", \"phone_verified\", \"permissions\", \"is_active\", \"metadata\", \"updated_at\", \"created_at\") values (5569342a-5366-4eb0-9137-edb710fe0708, 0db4f3ac-16a1-47e5-9a17-8bb5e54ede97, factory-admin@nexatrace.local, 0000000000, Factory Admin, admin, 1, 1, [], 1, [], 2026-03-20 13:44:55, 2026-03-20 13:44:55)) at C:/Ecosystem/NexaTrace_System/backend/vendor/laravel/framework/src/Illuminate/Database/Connection.php:838)
[stacktrace]
#0 C:/Ecosystem/NexaTrace_System/backend/vendor/laravel/framework/src/Illuminate/Database/Connection.php(794): Illuminate/Database/Connection->runQueryCallback('insert into \"fa...', Array, Object(Closure))
#1 C:/Ecosystem/NexaTrace_System/backend/vendor/laravel/framework/src/Illuminate/Database/Connection.php(573): Illuminate/Database/Connection->run('insert into \"fa...', Array, Object(Closure))
#2 C:/Ecosystem/NexaTrace_System/backend/vendor/laravel/framework/src/Illuminate/Database/Connection.php(537): Illuminate/Database/Connection->statement('insert into \"fa...', Array)
#3 C:/Ecosystem/NexaTrace_System/backend/vendor/laravel/framework/src/Illuminate/Database/Query/Builder.php(4121): Illuminate/Database/Connection->insert('insert into \"fa...', Array)
#4 C:/Ecosystem/NexaTrace_System/backend/vendor/laravel/framework/src/Illuminate/Database/Eloquent/Builder.php(2237): Illuminate/Database/Query/Builder->insert(Array)
#5 C:/Ecosystem/NexaTrace_System/backend/vendor/laravel/framework/src/Illuminate/Database/Eloquent/Model.php(1412): Illuminate/Database/Eloquent/Builder->__call('insert', Array)
#6 C:/Ecosystem/NexaTrace_System/backend/vendor/laravel/framework/src/Illuminate/Database/Eloquent/Model.php(1240): Illuminate/Database/Eloquent/Model->performInsert(Object(Illuminate/Database/Eloquent/Builder))
#7 C:/Ecosystem/NexaTrace_System/backend/vendor/laravel/framework/src/Illuminate/Database/Eloquent/Builder.php(1219): Illuminate/Database/Eloquent/Model->save()
#8 C:/Ecosystem/NexaTrace_System/backend/vendor/laravel/framework/src/Illuminate/Support/helpers.php(393): Illuminate/Database/Eloquent/Builder->Illuminate/Database/Eloquent/{closure}(Object(App/Models/FactoryUser))
#9 C:/Ecosystem/NexaTrace_System/backend/vendor/laravel/framework/src/Illuminate/Database/Eloquent/Builder.php(1218): tap(Object(App/Models/FactoryUser), Object(Closure))
#10 C:/Ecosystem/NexaTrace_System/backend/database/seeders/NexaBootstrapSeeder.php(106): Illuminate/Database/Eloquent/Builder->create(Array)
#11 C:/Ecosystem/NexaTrace_System/backend/vendor/laravel/framework/src/Illuminate/Database/Concerns/ManagesTransactions.php(35): Database/Seeders/NexaBootstrapSeeder->Database/Seeders/{closure}(Object(Illuminate/Database/PostgresConnection))
#12 C:/Ecosystem/NexaTrace_System/backend/vendor/laravel/framework/src/Illuminate/Database/DatabaseManager.php(491): Illuminate/Database/Connection->transaction(Object(Closure))
#13 C:/Ecosystem/NexaTrace_System/backend/vendor/laravel/framework/src/Illuminate/Support/Facades/Facade.php(363): Illuminate/Database/DatabaseManager->__call('transaction', Array)
#14 C:/Ecosystem/NexaTrace_System/backend/database/seeders/NexaBootstrapSeeder.php(18): Illuminate/Support/Facades/Facade::__callStatic('transaction', Array)
#15 C:/Ecosystem/NexaTrace_System/backend/vendor/laravel/framework/src/Illuminate/Container/BoundMethod.php(36): Database/Seeders/NexaBootstrapSeeder->run()
#16 C:/Ecosystem/NexaTrace_System/backend/vendor/laravel/framework/src/Illuminate/Container/Util.php(43): Illuminate/Container/BoundMethod::Illuminate/Container/{closure}()
#17 C:/Ecosystem/NexaTrace_System/backend/vendor/laravel/framework/src/Illuminate/Container/BoundMethod.php(96): Illuminate/Container/Util::unwrapIfClosure(Object(Closure))
#18 C:/Ecosystem/NexaTrace_System/backend/vendor/laravel/framework/src/Illuminate/Container/BoundMethod.php(35): Illuminate/Container/BoundMethod::callBoundMethod(Object(Illuminate/Foundation/Application), Array, Object(Closure))
#19 C:/Ecosystem/NexaTrace_System/backend/vendor/laravel/framework/src/Illuminate/Container/Container.php(799): Illuminate/Container/BoundMethod::call(Object(Illuminate/Foundation/Application), Array, Array, NULL)
#20 C:/Ecosystem/NexaTrace_System/backend/vendor/laravel/framework/src/Illuminate/Database/Seeder.php(184): Illuminate/Container/Container->call(Array, Array)
#21 C:/Ecosystem/NexaTrace_System/backend/vendor/laravel/framework/src/Illuminate/Database/Seeder.php(193): Illuminate/Database/Seeder->Illuminate/Database/{closure}()
#22 C:/Ecosystem/NexaTrace_System/backend/vendor/laravel/framework/src/Illuminate/Database/Seeder.php(59): Illuminate/Database/Seeder->__invoke(Array)
#23 C:/Ecosystem/NexaTrace_System/backend/database/seeders/DatabaseSeeder.php(17): Illuminate/Database/Seeder->call('Database//Seeder...')
#24 C:/Ecosystem/NexaTrace_System/backend/vendor/laravel/framework/src/Illuminate/Container/BoundMethod.php(36): Database/Seeders/DatabaseSeeder->run()
#25 C:/Ecosystem/NexaTrace_System/backend/vendor/laravel/framework/src/Illuminate/Container/Util.php(43): Illuminate/Container/BoundMethod::Illuminate/Container/{closure}()
#26 C:/Ecosystem/NexaTrace_System/backend/vendor/laravel/framework/src/Illuminate/Container/BoundMethod.php(96): Illuminate/Container/Util::unwrapIfClosure(Object(Closure))
#27 C:/Ecosystem/NexaTrace_System/backend/vendor/laravel/framework/src/Illuminate/Container/BoundMethod.php(35): Illuminate/Container/BoundMethod::callBoundMethod(Object(Illuminate/Foundation/Application), Array, Object(Closure))
#28 C:/Ecosystem/NexaTrace_System/backend/vendor/laravel/framework/src/Illuminate/Container/Container.php(799): Illuminate/Container/BoundMethod::call(Object(Illuminate/Foundation/Application), Array, Array, NULL)
#29 C:/Ecosystem/NexaTrace_System/backend/vendor/laravel/framework/src/Illuminate/Database/Seeder.php(184): Illuminate/Container/Container->call(Array, Array)
#30 C:/Ecosystem/NexaTrace_System/backend/vendor/laravel/framework/src/Illuminate/Database/Eloquent/Concerns/HasEvents.php(454): Illuminate/Database/Seeder->Illuminate/Database/{closure}()
#31 C:/Ecosystem/NexaTrace_System/backend/vendor/laravel/framework/src/Illuminate/Database/Console/Seeds/WithoutModelEvents.php(17): Illuminate/Database/Eloquent/Model::withoutEvents(Object(Closure))
#32 C:/Ecosystem/NexaTrace_System/backend/vendor/laravel/framework/src/Illuminate/Database/Seeder.php(193): Database/Seeders/DatabaseSeeder->Illuminate/Database/Console/Seeds/{closure}()
#33 C:/Ecosystem/NexaTrace_System/backend/vendor/laravel/framework/src/Illuminate/Database/Console/Seeds/SeedCommand.php(71): Illuminate/Database/Seeder->__invoke()
#34 C:/Ecosystem/NexaTrace_System/backend/vendor/laravel/framework/src/Illuminate/Database/Eloquent/Concerns/GuardsAttributes.php(157): Illuminate/Database/Console/Seeds/SeedCommand->Illuminate/Database/Console/Seeds/{closure}()
#35 C:/Ecosystem/NexaTrace_System/backend/vendor/laravel/framework/src/Illuminate/Database/Console/Seeds/SeedCommand.php(70): Illuminate/Database/Eloquent/Model::unguarded(Object(Closure))
#36 C:/Ecosystem/NexaTrace_System/backend/vendor/laravel/framework/src/Illuminate/Container/BoundMethod.php(36): Illuminate/Database/Console/Seeds/SeedCommand->handle()
#37 C:/Ecosystem/NexaTrace_System/backend/vendor/laravel/framework/src/Illuminate/Container/Util.php(43): Illuminate/Container/BoundMethod::Illuminate/Container/{closure}()
#38 C:/Ecosystem/NexaTrace_System/backend/vendor/laravel/framework/src/Illuminate/Container/BoundMethod.php(96): Illuminate/Container/Util::unwrapIfClosure(Object(Closure))
#39 C:/Ecosystem/NexaTrace_System/backend/vendor/laravel/framework/src/Illuminate/Container/BoundMethod.php(35): Illuminate/Container/BoundMethod::callBoundMethod(Object(Illuminate/Foundation/Application), Array, Object(Closure))
#40 C:/Ecosystem/NexaTrace_System/backend/vendor/laravel/framework/src/Illuminate/Container/Container.php(799): Illuminate/Container/BoundMethod::call(Object(Illuminate/Foundation/Application), Array, Array, NULL)
#41 C:/Ecosystem/NexaTrace_System/backend/vendor/laravel/framework/src/Illuminate/Console/Command.php(211): Illuminate/Container/Container->call(Array)
#42 C:/Ecosystem/NexaTrace_System/backend/vendor/symfony/console/Command/Command.php(341): Illuminate/Console/Command->execute(Object(Symfony/Component/Console/Input/ArgvInput), Object(Illuminate/Console/OutputStyle))
#43 C:/Ecosystem/NexaTrace_System/backend/vendor/laravel/framework/src/Illuminate/Console/Command.php(180): Symfony/Component/Console/Command/Command->run(Object(Symfony/Component/Console/Input/ArgvInput), Object(Illuminate/Console/OutputStyle))
#44 C:/Ecosystem/NexaTrace_System/backend/vendor/symfony/console/Application.php(1117): Illuminate/Console/Command->run(Object(Symfony/Component/Console/Input/ArgvInput), Object(Symfony/Component/Console/Output/ConsoleOutput))
#45 C:/Ecosystem/NexaTrace_System/backend/vendor/symfony/console/Application.php(356): Symfony/Component/Console/Application->doRunCommand(Object(Illuminate/Database/Console/Seeds/SeedCommand), Object(Symfony/Component/Console/Input/ArgvInput), Object(Symfony/Component/Console/Output/ConsoleOutput))
#46 C:/Ecosystem/NexaTrace_System/backend/vendor/symfony/console/Application.php(195): Symfony/Component/Console/Application->doRun(Object(Symfony/Component/Console/Input/ArgvInput), Object(Symfony/Component/Console/Output/ConsoleOutput))
#47 C:/Ecosystem/NexaTrace_System/backend/vendor/laravel/framework/src/Illuminate/Foundation/Console/Kernel.php(198): Symfony/Component/Console/Application->run(Object(Symfony/Component/Console/Input/ArgvInput), Object(Symfony/Component/Console/Output/ConsoleOutput))
#48 C:/Ecosystem/NexaTrace_System/backend/vendor/laravel/framework/src/Illuminate/Foundation/Application.php(1235): Illuminate/Foundation/Console/Kernel->handle(Object(Symfony/Component/Console/Input/ArgvInput), Object(Symfony/Component/Console/Output/ConsoleOutput))
#49 C:/Ecosystem/NexaTrace_System/backend/artisan(16): Illuminate/Foundation/Application->handleCommand(Object(Symfony/Component/Console/Input/ArgvInput))
#50 {main}

[previous exception] [object] (PDOException(code: 23502): SQLSTATE[23502]: Not null violation: 7 ERRORE:  il valore nullo nella colonna \"password_hash\" della relazione \"factory_users\" viola il vincolo non nullo
DETAIL:  La riga in errore contiene (5569342a-5366-4eb0-9137-edb710fe0708, 0db4f3ac-16a1-47e5-9a17-8bb5e54ede97, factory-admin@nexatrace.local, 0000000000, Factory Admin, admin, null, null, t, t, [], t, null, [], 2026-03-20 13:44:55+01, 2026-03-20 13:44:55+01, null). at C:/Ecosystem/NexaTrace_System/backend/vendor/laravel/framework/src/Illuminate/Database/Connection.php:584)
[stacktrace]
#0 C:/Ecosystem/NexaTrace_System/backend/vendor/laravel/framework/src/Illuminate/Database/Connection.php(584): PDOStatement->execute()
#1 C:/Ecosystem/NexaTrace_System/backend/vendor/laravel/framework/src/Illuminate/Database/Connection.php(827): Illuminate/Database/Connection->Illuminate/Database/{closure}('insert into \"fa...', Array)
#2 C:/Ecosystem/NexaTrace_System/backend/vendor/laravel/framework/src/Illuminate/Database/Connection.php(794): Illuminate/Database/Connection->runQueryCallback('insert into \"fa...', Array, Object(Closure))
#3 C:/Ecosystem/NexaTrace_System/backend/vendor/laravel/framework/src/Illuminate/Database/Connection.php(573): Illuminate/Database/Connection->run('insert into \"fa...', Array, Object(Closure))
#4 C:/Ecosystem/NexaTrace_System/backend/vendor/laravel/framework/src/Illuminate/Database/Connection.php(537): Illuminate/Database/Connection->statement('insert into \"fa...', Array)
#5 C:/Ecosystem/NexaTrace_System/backend/vendor/laravel/framework/src/Illuminate/Database/Query/Builder.php(4121): Illuminate/Database/Connection->insert('insert into \"fa...', Array)
#6 C:/Ecosystem/NexaTrace_System/backend/vendor/laravel/framework/src/Illuminate/Database/Eloquent/Builder.php(2237): Illuminate/Database/Query/Builder->insert(Array)
#7 C:/Ecosystem/NexaTrace_System/backend/vendor/laravel/framework/src/Illuminate/Database/Eloquent/Model.php(1412): Illuminate/Database/Eloquent/Builder->__call('insert', Array)
#8 C:/Ecosystem/NexaTrace_System/backend/vendor/laravel/framework/src/Illuminate/Database/Eloquent/Model.php(1240): Illuminate/Database/Eloquent/Model->performInsert(Object(Illuminate/Database/Eloquent/Builder))
#9 C:/Ecosystem/NexaTrace_System/backend/vendor/laravel/framework/src/Illuminate/Database/Eloquent/Builder.php(1219): Illuminate/Database/Eloquent/Model->save()
#10 C:/Ecosystem/NexaTrace_System/backend/vendor/laravel/framework/src/Illuminate/Support/helpers.php(393): Illuminate/Database/Eloquent/Builder->Illuminate/Database/Eloquent/{closure}(Object(App/Models/FactoryUser))
#11 C:/Ecosystem/NexaTrace_System/backend/vendor/laravel/framework/src/Illuminate/Database/Eloquent/Builder.php(1218): tap(Object(App/Models/FactoryUser), Object(Closure))
#12 C:/Ecosystem/NexaTrace_System/backend/database/seeders/NexaBootstrapSeeder.php(106): Illuminate/Database/Eloquent/Builder->create(Array)
#13 C:/Ecosystem/NexaTrace_System/backend/vendor/laravel/framework/src/Illuminate/Database/Concerns/ManagesTransactions.php(35): Database/Seeders/NexaBootstrapSeeder->Database/Seeders/{closure}(Object(Illuminate/Database/PostgresConnection))
#14 C:/Ecosystem/NexaTrace_System/backend/vendor/laravel/framework/src/Illuminate/Database/DatabaseManager.php(491): Illuminate/Database/Connection->transaction(Object(Closure))
#15 C:/Ecosystem/NexaTrace_System/backend/vendor/laravel/framework/src/Illuminate/Support/Facades/Facade.php(363): Illuminate/Database/DatabaseManager->__call('transaction', Array)
#16 C:/Ecosystem/NexaTrace_System/backend/database/seeders/NexaBootstrapSeeder.php(18): Illuminate/Support/Facades/Facade::__callStatic('transaction', Array)
#17 C:/Ecosystem/NexaTrace_System/backend/vendor/laravel/framework/src/Illuminate/Container/BoundMethod.php(36): Database/Seeders/NexaBootstrapSeeder->run()
#18 C:/Ecosystem/NexaTrace_System/backend/vendor/laravel/framework/src/Illuminate/Container/Util.php(43): Illuminate/Container/BoundMethod::Illuminate/Container/{closure}()
#19 C:/Ecosystem/NexaTrace_System/backend/vendor/laravel/framework/src/Illuminate/Container/BoundMethod.php(96): Illuminate/Container/Util::unwrapIfClosure(Object(Closure))
#20 C:/Ecosystem/NexaTrace_System/backend/vendor/laravel/framework/src/Illuminate/Container/BoundMethod.php(35): Illuminate/Container/BoundMethod::callBoundMethod(Object(Illuminate/Foundation/Application), Array, Object(Closure))
#21 C:/Ecosystem/NexaTrace_System/backend/vendor/laravel/framework/src/Illuminate/Container/Container.php(799): Illuminate/Container/BoundMethod::call(Object(Illuminate/Foundation/Application), Array, Array, NULL)
#22 C:/Ecosystem/NexaTrace_System/backend/vendor/laravel/framework/src/Illuminate/Database/Seeder.php(184): Illuminate/Container/Container->call(Array, Array)
#23 C:/Ecosystem/NexaTrace_System/backend/vendor/laravel/framework/src/Illuminate/Database/Seeder.php(193): Illuminate/Database/Seeder->Illuminate/Database/{closure}()
#24 C:/Ecosystem/NexaTrace_System/backend/vendor/laravel/framework/src/Illuminate/Database/Seeder.php(59): Illuminate/Database/Seeder->__invoke(Array)
#25 C:/Ecosystem/NexaTrace_System/backend/database/seeders/DatabaseSeeder.php(17): Illuminate/Database/Seeder->call('Database//Seeder...')
#26 C:/Ecosystem/NexaTrace_System/backend/vendor/laravel/framework/src/Illuminate/Container/BoundMethod.php(36): Database/Seeders/DatabaseSeeder->run()
#27 C:/Ecosystem/NexaTrace_System/backend/vendor/laravel/framework/src/Illuminate/Container/Util.php(43): Illuminate/Container/BoundMethod::Illuminate/Container/{closure}()
#28 C:/Ecosystem/NexaTrace_System/backend/vendor/laravel/framework/src/Illuminate/Container/BoundMethod.php(96): Illuminate/Container/Util::unwrapIfClosure(Object(Closure))
#29 C:/Ecosystem/NexaTrace_System/backend/vendor/laravel/framework/src/Illuminate/Container/BoundMethod.php(35): Illuminate/Container/BoundMethod::callBoundMethod(Object(Illuminate/Foundation/Application), Array, Object(Closure))
#30 C:/Ecosystem/NexaTrace_System/backend/vendor/laravel/framework/src/Illuminate/Container/Container.php(799): Illuminate/Container/BoundMethod::call(Object(Illuminate/Foundation/Application), Array, Array, NULL)
#31 C:/Ecosystem/NexaTrace_System/backend/vendor/laravel/framework/src/Illuminate/Database/Seeder.php(184): Illuminate/Container/Container->call(Array, Array)
#32 C:/Ecosystem/NexaTrace_System/backend/vendor/laravel/framework/src/Illuminate/Database/Eloquent/Concerns/HasEvents.php(454): Illuminate/Database/Seeder->Illuminate/Database/{closure}()
#33 C:/Ecosystem/NexaTrace_System/backend/vendor/laravel/framework/src/Illuminate/Database/Console/Seeds/WithoutModelEvents.php(17): Illuminate/Database/Eloquent/Model::withoutEvents(Object(Closure))
#34 C:/Ecosystem/NexaTrace_System/backend/vendor/laravel/framework/src/Illuminate/Database/Seeder.php(193): Database/Seeders/DatabaseSeeder->Illuminate/Database/Console/Seeds/{closure}()
#35 C:/Ecosystem/NexaTrace_System/backend/vendor/laravel/framework/src/Illuminate/Database/Console/Seeds/SeedCommand.php(71): Illuminate/Database/Seeder->__invoke()
#36 C:/Ecosystem/NexaTrace_System/backend/vendor/laravel/framework/src/Illuminate/Database/Eloquent/Concerns/GuardsAttributes.php(157): Illuminate/Database/Console/Seeds/SeedCommand->Illuminate/Database/Console/Seeds/{closure}()
#37 C:/Ecosystem/NexaTrace_System/backend/vendor/laravel/framework/src/Illuminate/Database/Console/Seeds/SeedCommand.php(70): Illuminate/Database/Eloquent/Model::unguarded(Object(Closure))
#38 C:/Ecosystem/NexaTrace_System/backend/vendor/laravel/framework/src/Illuminate/Container/BoundMethod.php(36): Illuminate/Database/Console/Seeds/SeedCommand->handle()
#39 C:/Ecosystem/NexaTrace_System/backend/vendor/laravel/framework/src/Illuminate/Container/Util.php(43): Illuminate/Container/BoundMethod::Illuminate/Container/{closure}()
#40 C:/Ecosystem/NexaTrace_System/backend/vendor/laravel/framework/src/Illuminate/Container/BoundMethod.php(96): Illuminate/Container/Util::unwrapIfClosure(Object(Closure))
#41 C:/Ecosystem/NexaTrace_System/backend/vendor/laravel/framework/src/Illuminate/Container/BoundMethod.php(35): Illuminate/Container/BoundMethod::callBoundMethod(Object(Illuminate/Foundation/Application), Array, Object(Closure))
#42 C:/Ecosystem/NexaTrace_System/backend/vendor/laravel/framework/src/Illuminate/Container/Container.php(799): Illuminate/Container/BoundMethod::call(Object(Illuminate/Foundation/Application), Array, Array, NULL)
#43 C:/Ecosystem/NexaTrace_System/backend/vendor/laravel/framework/src/Illuminate/Console/Command.php(211): Illuminate/Container/Container->call(Array)
#44 C:/Ecosystem/NexaTrace_System/backend/vendor/symfony/console/Command/Command.php(341): Illuminate/Console/Command->execute(Object(Symfony/Component/Console/Input/ArgvInput), Object(Illuminate/Console/OutputStyle))
#45 C:/Ecosystem/NexaTrace_System/backend/vendor/laravel/framework/src/Illuminate/Console/Command.php(180): Symfony/Component/Console/Command/Command->run(Object(Symfony/Component/Console/Input/ArgvInput), Object(Illuminate/Console/OutputStyle))
#46 C:/Ecosystem/NexaTrace_System/backend/vendor/symfony/console/Application.php(1117): Illuminate/Console/Command->run(Object(Symfony/Component/Console/Input/ArgvInput), Object(Symfony/Component/Console/Output/ConsoleOutput))
#47 C:/Ecosystem/NexaTrace_System/backend/vendor/symfony/console/Application.php(356): Symfony/Component/Console/Application->doRunCommand(Object(Illuminate/Database/Console/Seeds/SeedCommand), Object(Symfony/Component/Console/Input/ArgvInput), Object(Symfony/Component/Console/Output/ConsoleOutput))
#48 C:/Ecosystem/NexaTrace_System/backend/vendor/symfony/console/Application.php(195): Symfony/Component/Console/Application->doRun(Object(Symfony/Component/Console/Input/ArgvInput), Object(Symfony/Component/Console/Output/ConsoleOutput))
#49 C:/Ecosystem/NexaTrace_System/backend/vendor/laravel/framework/src/Illuminate/Foundation/Console/Kernel.php(198): Symfony/Component/Console/Application->run(Object(Symfony/Component/Console/Input/ArgvInput), Object(Symfony/Component/Console/Output/ConsoleOutput))
#50 C:/Ecosystem/NexaTrace_System/backend/vendor/laravel/framework/src/Illuminate/Foundation/Application.php(1235): Illuminate/Foundation/Console/Kernel->handle(Object(Symfony/Component/Console/Input/ArgvInput), Object(Symfony/Component/Console/Output/ConsoleOutput))
#51 C:/Ecosystem/NexaTrace_System/backend/artisan(16): Illuminate/Foundation/Application->handleCommand(Object(Symfony/Component/Console/Input/ArgvInput))
#52 {main}
"} 
[2026-03-20 13:49:41] local.ERROR: SQLSTATE[22P02]: Invalid text representation: 7 ERRORE:  sintassi di input non valida per il tipo uuid: "2"
CONTEXT:  parametro portale senza nome $5 = '...' (Connection: pgsql, Host: localhost, Port: 5444, Database: nexasystem_db, SQL: insert into "personal_access_tokens" ("name", "token", "abilities", "expires_at", "tokenable_id", "tokenable_type", "updated_at", "created_at") values (admin, be5330e5bcff267f1d2bf749413cac2b5a6377b865ea8f6887caa32a1228cf9b, ["*"], ?, 2, App\Models\AdminUser, 2026-03-20 13:49:41, 2026-03-20 13:49:41) returning "id") {"exception":"[object] (Illuminate\\Database\\QueryException(code: 22P02): SQLSTATE[22P02]: Invalid text representation: 7 ERRORE:  sintassi di input non valida per il tipo uuid: \"2\"
CONTEXT:  parametro portale senza nome $5 = '...' (Connection: pgsql, Host: localhost, Port: 5444, Database: nexasystem_db, SQL: insert into \"personal_access_tokens\" (\"name\", \"token\", \"abilities\", \"expires_at\", \"tokenable_id\", \"tokenable_type\", \"updated_at\", \"created_at\") values (admin, be5330e5bcff267f1d2bf749413cac2b5a6377b865ea8f6887caa32a1228cf9b, [\"*\"], ?, 2, App\\Models\\AdminUser, 2026-03-20 13:49:41, 2026-03-20 13:49:41) returning \"id\") at C:/Ecosystem/NexaTrace_System/backend/vendor/laravel/framework/src/Illuminate/Database/Connection.php:838)
[stacktrace]
#0 C:/Ecosystem/NexaTrace_System/backend/vendor/laravel/framework/src/Illuminate/Database/Connection.php(794): Illuminate/Database/Connection->runQueryCallback('insert into \"pe...', Array, Object(Closure))
#1 C:/Ecosystem/NexaTrace_System/backend/vendor/laravel/framework/src/Illuminate/Database/Connection.php(411): Illuminate/Database/Connection->run('insert into \"pe...', Array, Object(Closure))
#2 C:/Ecosystem/NexaTrace_System/backend/vendor/laravel/framework/src/Illuminate/Database/Connection.php(398): Illuminate/Database/Connection->select('insert into \"pe...', Array, false)
#3 C:/Ecosystem/NexaTrace_System/backend/vendor/laravel/framework/src/Illuminate/Database/Query/Processors/PostgresProcessor.php(24): Illuminate/Database/Connection->selectFromWriteConnection('insert into \"pe...', Array)
#4 C:/Ecosystem/NexaTrace_System/backend/vendor/laravel/framework/src/Illuminate/Database/Query/Builder.php(4170): Illuminate/Database/Query/Processors/PostgresProcessor->processInsertGetId(Object(Illuminate/Database/Query/Builder), 'insert into \"pe...', Array, 'id')
#5 C:/Ecosystem/NexaTrace_System/backend/vendor/laravel/framework/src/Illuminate/Database/Eloquent/Builder.php(2237): Illuminate/Database/Query/Builder->insertGetId(Array, 'id')
#6 C:/Ecosystem/NexaTrace_System/backend/vendor/laravel/framework/src/Illuminate/Database/Eloquent/Model.php(1436): Illuminate/Database/Eloquent/Builder->__call('insertGetId', Array)
#7 C:/Ecosystem/NexaTrace_System/backend/vendor/laravel/framework/src/Illuminate/Database/Eloquent/Model.php(1401): Illuminate/Database/Eloquent/Model->insertAndSetId(Object(Illuminate/Database/Eloquent/Builder), Array)
#8 C:/Ecosystem/NexaTrace_System/backend/vendor/laravel/framework/src/Illuminate/Database/Eloquent/Model.php(1240): Illuminate/Database/Eloquent/Model->performInsert(Object(Illuminate/Database/Eloquent/Builder))
#9 C:/Ecosystem/NexaTrace_System/backend/vendor/laravel/framework/src/Illuminate/Database/Eloquent/Relations/HasOneOrMany.php(391): Illuminate/Database/Eloquent/Model->save()
#10 C:/Ecosystem/NexaTrace_System/backend/vendor/laravel/framework/src/Illuminate/Support/helpers.php(393): Illuminate/Database/Eloquent/Relations/HasOneOrMany->Illuminate/Database/Eloquent/Relations/{closure}(Object(Laravel/Sanctum/PersonalAccessToken))
#11 C:/Ecosystem/NexaTrace_System/backend/vendor/laravel/framework/src/Illuminate/Database/Eloquent/Relations/HasOneOrMany.php(388): tap(Object(Laravel/Sanctum/PersonalAccessToken), Object(Closure))
#12 C:/Ecosystem/NexaTrace_System/backend/vendor/laravel/sanctum/src/HasApiTokens.php(64): Illuminate/Database/Eloquent/Relations/HasOneOrMany->create(Array)
#13 C:/Ecosystem/NexaTrace_System/backend/app/Http/Controllers/Auth/AdminAuthController.php(38): App/Models/AdminUser->createToken('admin')
#14 C:/Ecosystem/NexaTrace_System/backend/vendor/laravel/framework/src/Illuminate/Routing/ControllerDispatcher.php(46): App/Http/Controllers/Auth/AdminAuthController->login(Object(Illuminate/Http/Request))
#15 C:/Ecosystem/NexaTrace_System/backend/vendor/laravel/framework/src/Illuminate/Routing/Route.php(265): Illuminate/Routing/ControllerDispatcher->dispatch(Object(Illuminate/Routing/Route), Object(App/Http/Controllers/Auth/AdminAuthController), 'login')
#16 C:/Ecosystem/NexaTrace_System/backend/vendor/laravel/framework/src/Illuminate/Routing/Route.php(211): Illuminate/Routing/Route->runController()
#17 C:/Ecosystem/NexaTrace_System/backend/vendor/laravel/framework/src/Illuminate/Routing/Router.php(822): Illuminate/Routing/Route->run()
#18 C:/Ecosystem/NexaTrace_System/backend/vendor/laravel/framework/src/Illuminate/Pipeline/Pipeline.php(180): Illuminate/Routing/Router->Illuminate/Routing/{closure}(Object(Illuminate/Http/Request))
#19 C:/Ecosystem/NexaTrace_System/backend/vendor/laravel/framework/src/Illuminate/Routing/Middleware/SubstituteBindings.php(50): Illuminate/Pipeline/Pipeline->Illuminate/Pipeline/{closure}(Object(Illuminate/Http/Request))
#20 C:/Ecosystem/NexaTrace_System/backend/vendor/laravel/framework/src/Illuminate/Pipeline/Pipeline.php(219): Illuminate/Routing/Middleware/SubstituteBindings->handle(Object(Illuminate/Http/Request), Object(Closure))
#21 C:/Ecosystem/NexaTrace_System/backend/vendor/laravel/framework/src/Illuminate/Pipeline/Pipeline.php(137): Illuminate/Pipeline/Pipeline->Illuminate/Pipeline/{closure}(Object(Illuminate/Http/Request))
#22 C:/Ecosystem/NexaTrace_System/backend/vendor/laravel/framework/src/Illuminate/Routing/Router.php(821): Illuminate/Pipeline/Pipeline->then(Object(Closure))
#23 C:/Ecosystem/NexaTrace_System/backend/vendor/laravel/framework/src/Illuminate/Routing/Router.php(800): Illuminate/Routing/Router->runRouteWithinStack(Object(Illuminate/Routing/Route), Object(Illuminate/Http/Request))
#24 C:/Ecosystem/NexaTrace_System/backend/vendor/laravel/framework/src/Illuminate/Routing/Router.php(764): Illuminate/Routing/Router->runRoute(Object(Illuminate/Http/Request), Object(Illuminate/Routing/Route))
#25 C:/Ecosystem/NexaTrace_System/backend/vendor/laravel/framework/src/Illuminate/Routing/Router.php(753): Illuminate/Routing/Router->dispatchToRoute(Object(Illuminate/Http/Request))
#26 C:/Ecosystem/NexaTrace_System/backend/vendor/laravel/framework/src/Illuminate/Foundation/Http/Kernel.php(200): Illuminate/Routing/Router->dispatch(Object(Illuminate/Http/Request))
#27 C:/Ecosystem/NexaTrace_System/backend/vendor/laravel/framework/src/Illuminate/Pipeline/Pipeline.php(180): Illuminate/Foundation/Http/Kernel->Illuminate/Foundation/Http/{closure}(Object(Illuminate/Http/Request))
#28 C:/Ecosystem/NexaTrace_System/backend/vendor/laravel/framework/src/Illuminate/Foundation/Http/Middleware/TransformsRequest.php(21): Illuminate/Pipeline/Pipeline->Illuminate/Pipeline/{closure}(Object(Illuminate/Http/Request))
#29 C:/Ecosystem/NexaTrace_System/backend/vendor/laravel/framework/src/Illuminate/Foundation/Http/Middleware/ConvertEmptyStringsToNull.php(31): Illuminate/Foundation/Http/Middleware/TransformsRequest->handle(Object(Illuminate/Http/Request), Object(Closure))
#30 C:/Ecosystem/NexaTrace_System/backend/vendor/laravel/framework/src/Illuminate/Pipeline/Pipeline.php(219): Illuminate/Foundation/Http/Middleware/ConvertEmptyStringsToNull->handle(Object(Illuminate/Http/Request), Object(Closure))
#31 C:/Ecosystem/NexaTrace_System/backend/vendor/laravel/framework/src/Illuminate/Foundation/Http/Middleware/TransformsRequest.php(21): Illuminate/Pipeline/Pipeline->Illuminate/Pipeline/{closure}(Object(Illuminate/Http/Request))
#32 C:/Ecosystem/NexaTrace_System/backend/vendor/laravel/framework/src/Illuminate/Foundation/Http/Middleware/TrimStrings.php(51): Illuminate/Foundation/Http/Middleware/TransformsRequest->handle(Object(Illuminate/Http/Request), Object(Closure))
#33 C:/Ecosystem/NexaTrace_System/backend/vendor/laravel/framework/src/Illuminate/Pipeline/Pipeline.php(219): Illuminate/Foundation/Http/Middleware/TrimStrings->handle(Object(Illuminate/Http/Request), Object(Closure))
#34 C:/Ecosystem/NexaTrace_System/backend/vendor/laravel/framework/src/Illuminate/Http/Middleware/ValidatePostSize.php(27): Illuminate/Pipeline/Pipeline->Illuminate/Pipeline/{closure}(Object(Illuminate/Http/Request))
#35 C:/Ecosystem/NexaTrace_System/backend/vendor/laravel/framework/src/Illuminate/Pipeline/Pipeline.php(219): Illuminate/Http/Middleware/ValidatePostSize->handle(Object(Illuminate/Http/Request), Object(Closure))
#36 C:/Ecosystem/NexaTrace_System/backend/vendor/laravel/framework/src/Illuminate/Foundation/Http/Middleware/PreventRequestsDuringMaintenance.php(109): Illuminate/Pipeline/Pipeline->Illuminate/Pipeline/{closure}(Object(Illuminate/Http/Request))
#37 C:/Ecosystem/NexaTrace_System/backend/vendor/laravel/framework/src/Illuminate/Pipeline/Pipeline.php(219): Illuminate/Foundation/Http/Middleware/PreventRequestsDuringMaintenance->handle(Object(Illuminate/Http/Request), Object(Closure))
#38 C:/Ecosystem/NexaTrace_System/backend/vendor/laravel/framework/src/Illuminate/Http/Middleware/HandleCors.php(74): Illuminate/Pipeline/Pipeline->Illuminate/Pipeline/{closure}(Object(Illuminate/Http/Request))
#39 C:/Ecosystem/NexaTrace_System/backend/vendor/laravel/framework/src/Illuminate/Pipeline/Pipeline.php(219): Illuminate/Http/Middleware/HandleCors->handle(Object(Illuminate/Http/Request), Object(Closure))
#40 C:/Ecosystem/NexaTrace_System/backend/vendor/laravel/framework/src/Illuminate/Http/Middleware/TrustProxies.php(58): Illuminate/Pipeline/Pipeline->Illuminate/Pipeline/{closure}(Object(Illuminate/Http/Request))
#41 C:/Ecosystem/NexaTrace_System/backend/vendor/laravel/framework/src/Illuminate/Pipeline/Pipeline.php(219): Illuminate/Http/Middleware/TrustProxies->handle(Object(Illuminate/Http/Request), Object(Closure))
#42 C:/Ecosystem/NexaTrace_System/backend/vendor/laravel/framework/src/Illuminate/Foundation/Http/Middleware/InvokeDeferredCallbacks.php(22): Illuminate/Pipeline/Pipeline->Illuminate/Pipeline/{closure}(Object(Illuminate/Http/Request))
#43 C:/Ecosystem/NexaTrace_System/backend/vendor/laravel/framework/src/Illuminate/Pipeline/Pipeline.php(219): Illuminate/Foundation/Http/Middleware/InvokeDeferredCallbacks->handle(Object(Illuminate/Http/Request), Object(Closure))
#44 C:/Ecosystem/NexaTrace_System/backend/vendor/laravel/framework/src/Illuminate/Http/Middleware/ValidatePathEncoding.php(26): Illuminate/Pipeline/Pipeline->Illuminate/Pipeline/{closure}(Object(Illuminate/Http/Request))
#45 C:/Ecosystem/NexaTrace_System/backend/vendor/laravel/framework/src/Illuminate/Pipeline/Pipeline.php(219): Illuminate/Http/Middleware/ValidatePathEncoding->handle(Object(Illuminate/Http/Request), Object(Closure))
#46 C:/Ecosystem/NexaTrace_System/backend/vendor/laravel/framework/src/Illuminate/Pipeline/Pipeline.php(137): Illuminate/Pipeline/Pipeline->Illuminate/Pipeline/{closure}(Object(Illuminate/Http/Request))
#47 C:/Ecosystem/NexaTrace_System/backend/vendor/laravel/framework/src/Illuminate/Foundation/Http/Kernel.php(175): Illuminate/Pipeline/Pipeline->then(Object(Closure))
#48 C:/Ecosystem/NexaTrace_System/backend/vendor/laravel/framework/src/Illuminate/Foundation/Http/Kernel.php(144): Illuminate/Foundation/Http/Kernel->sendRequestThroughRouter(Object(Illuminate/Http/Request))
#49 C:/Ecosystem/NexaTrace_System/backend/vendor/laravel/framework/src/Illuminate/Foundation/Application.php(1220): Illuminate/Foundation/Http/Kernel->handle(Object(Illuminate/Http/Request))
#50 C:/Ecosystem/NexaTrace_System/backend/public/index.php(20): Illuminate/Foundation/Application->handleRequest(Object(Illuminate/Http/Request))
#51 C:/Ecosystem/NexaTrace_System/backend/vendor/laravel/framework/src/Illuminate/Foundation/resources/server.php(23): require_once('C://Ecosystem//Ne...')
#52 {main}

[previous exception] [object] (PDOException(code: 22P02): SQLSTATE[22P02]: Invalid text representation: 7 ERRORE:  sintassi di input non valida per il tipo uuid: \"2\"
CONTEXT:  parametro portale senza nome $5 = '...' at C:/Ecosystem/NexaTrace_System/backend/vendor/laravel/framework/src/Illuminate/Database/Connection.php:425)
[stacktrace]
#0 C:/Ecosystem/NexaTrace_System/backend/vendor/laravel/framework/src/Illuminate/Database/Connection.php(425): PDOStatement->execute()
#1 C:/Ecosystem/NexaTrace_System/backend/vendor/laravel/framework/src/Illuminate/Database/Connection.php(827): Illuminate/Database/Connection->Illuminate/Database/{closure}('insert into \"pe...', Array)
#2 C:/Ecosystem/NexaTrace_System/backend/vendor/laravel/framework/src/Illuminate/Database/Connection.php(794): Illuminate/Database/Connection->runQueryCallback('insert into \"pe...', Array, Object(Closure))
#3 C:/Ecosystem/NexaTrace_System/backend/vendor/laravel/framework/src/Illuminate/Database/Connection.php(411): Illuminate/Database/Connection->run('insert into \"pe...', Array, Object(Closure))
#4 C:/Ecosystem/NexaTrace_System/backend/vendor/laravel/framework/src/Illuminate/Database/Connection.php(398): Illuminate/Database/Connection->select('insert into \"pe...', Array, false)
#5 C:/Ecosystem/NexaTrace_System/backend/vendor/laravel/framework/src/Illuminate/Database/Query/Processors/PostgresProcessor.php(24): Illuminate/Database/Connection->selectFromWriteConnection('insert into \"pe...', Array)
#6 C:/Ecosystem/NexaTrace_System/backend/vendor/laravel/framework/src/Illuminate/Database/Query/Builder.php(4170): Illuminate/Database/Query/Processors/PostgresProcessor->processInsertGetId(Object(Illuminate/Database/Query/Builder), 'insert into \"pe...', Array, 'id')
#7 C:/Ecosystem/NexaTrace_System/backend/vendor/laravel/framework/src/Illuminate/Database/Eloquent/Builder.php(2237): Illuminate/Database/Query/Builder->insertGetId(Array, 'id')
#8 C:/Ecosystem/NexaTrace_System/backend/vendor/laravel/framework/src/Illuminate/Database/Eloquent/Model.php(1436): Illuminate/Database/Eloquent/Builder->__call('insertGetId', Array)
#9 C:/Ecosystem/NexaTrace_System/backend/vendor/laravel/framework/src/Illuminate/Database/Eloquent/Model.php(1401): Illuminate/Database/Eloquent/Model->insertAndSetId(Object(Illuminate/Database/Eloquent/Builder), Array)
#10 C:/Ecosystem/NexaTrace_System/backend/vendor/laravel/framework/src/Illuminate/Database/Eloquent/Model.php(1240): Illuminate/Database/Eloquent/Model->performInsert(Object(Illuminate/Database/Eloquent/Builder))
#11 C:/Ecosystem/NexaTrace_System/backend/vendor/laravel/framework/src/Illuminate/Database/Eloquent/Relations/HasOneOrMany.php(391): Illuminate/Database/Eloquent/Model->save()
#12 C:/Ecosystem/NexaTrace_System/backend/vendor/laravel/framework/src/Illuminate/Support/helpers.php(393): Illuminate/Database/Eloquent/Relations/HasOneOrMany->Illuminate/Database/Eloquent/Relations/{closure}(Object(Laravel/Sanctum/PersonalAccessToken))
#13 C:/Ecosystem/NexaTrace_System/backend/vendor/laravel/framework/src/Illuminate/Database/Eloquent/Relations/HasOneOrMany.php(388): tap(Object(Laravel/Sanctum/PersonalAccessToken), Object(Closure))
#14 C:/Ecosystem/NexaTrace_System/backend/vendor/laravel/sanctum/src/HasApiTokens.php(64): Illuminate/Database/Eloquent/Relations/HasOneOrMany->create(Array)
#15 C:/Ecosystem/NexaTrace_System/backend/app/Http/Controllers/Auth/AdminAuthController.php(38): App/Models/AdminUser->createToken('admin')
#16 C:/Ecosystem/NexaTrace_System/backend/vendor/laravel/framework/src/Illuminate/Routing/ControllerDispatcher.php(46): App/Http/Controllers/Auth/AdminAuthController->login(Object(Illuminate/Http/Request))
#17 C:/Ecosystem/NexaTrace_System/backend/vendor/laravel/framework/src/Illuminate/Routing/Route.php(265): Illuminate/Routing/ControllerDispatcher->dispatch(Object(Illuminate/Routing/Route), Object(App/Http/Controllers/Auth/AdminAuthController), 'login')
#18 C:/Ecosystem/NexaTrace_System/backend/vendor/laravel/framework/src/Illuminate/Routing/Route.php(211): Illuminate/Routing/Route->runController()
#19 C:/Ecosystem/NexaTrace_System/backend/vendor/laravel/framework/src/Illuminate/Routing/Router.php(822): Illuminate/Routing/Route->run()
#20 C:/Ecosystem/NexaTrace_System/backend/vendor/laravel/framework/src/Illuminate/Pipeline/Pipeline.php(180): Illuminate/Routing/Router->Illuminate/Routing/{closure}(Object(Illuminate/Http/Request))
#21 C:/Ecosystem/NexaTrace_System/backend/vendor/laravel/framework/src/Illuminate/Routing/Middleware/SubstituteBindings.php(50): Illuminate/Pipeline/Pipeline->Illuminate/Pipeline/{closure}(Object(Illuminate/Http/Request))
#22 C:/Ecosystem/NexaTrace_System/backend/vendor/laravel/framework/src/Illuminate/Pipeline/Pipeline.php(219): Illuminate/Routing/Middleware/SubstituteBindings->handle(Object(Illuminate/Http/Request), Object(Closure))
#23 C:/Ecosystem/NexaTrace_System/backend/vendor/laravel/framework/src/Illuminate/Pipeline/Pipeline.php(137): Illuminate/Pipeline/Pipeline->Illuminate/Pipeline/{closure}(Object(Illuminate/Http/Request))
#24 C:/Ecosystem/NexaTrace_System/backend/vendor/laravel/framework/src/Illuminate/Routing/Router.php(821): Illuminate/Pipeline/Pipeline->then(Object(Closure))
#25 C:/Ecosystem/NexaTrace_System/backend/vendor/laravel/framework/src/Illuminate/Routing/Router.php(800): Illuminate/Routing/Router->runRouteWithinStack(Object(Illuminate/Routing/Route), Object(Illuminate/Http/Request))
#26 C:/Ecosystem/NexaTrace_System/backend/vendor/laravel/framework/src/Illuminate/Routing/Router.php(764): Illuminate/Routing/Router->runRoute(Object(Illuminate/Http/Request), Object(Illuminate/Routing/Route))
#27 C:/Ecosystem/NexaTrace_System/backend/vendor/laravel/framework/src/Illuminate/Routing/Router.php(753): Illuminate/Routing/Router->dispatchToRoute(Object(Illuminate/Http/Request))
#28 C:/Ecosystem/NexaTrace_System/backend/vendor/laravel/framework/src/Illuminate/Foundation/Http/Kernel.php(200): Illuminate/Routing/Router->dispatch(Object(Illuminate/Http/Request))
#29 C:/Ecosystem/NexaTrace_System/backend/vendor/laravel/framework/src/Illuminate/Pipeline/Pipeline.php(180): Illuminate/Foundation/Http/Kernel->Illuminate/Foundation/Http/{closure}(Object(Illuminate/Http/Request))
#30 C:/Ecosystem/NexaTrace_System/backend/vendor/laravel/framework/src/Illuminate/Foundation/Http/Middleware/TransformsRequest.php(21): Illuminate/Pipeline/Pipeline->Illuminate/Pipeline/{closure}(Object(Illuminate/Http/Request))
#31 C:/Ecosystem/NexaTrace_System/backend/vendor/laravel/framework/src/Illuminate/Foundation/Http/Middleware/ConvertEmptyStringsToNull.php(31): Illuminate/Foundation/Http/Middleware/TransformsRequest->handle(Object(Illuminate/Http/Request), Object(Closure))
#32 C:/Ecosystem/NexaTrace_System/backend/vendor/laravel/framework/src/Illuminate/Pipeline/Pipeline.php(219): Illuminate/Foundation/Http/Middleware/ConvertEmptyStringsToNull->handle(Object(Illuminate/Http/Request), Object(Closure))
#33 C:/Ecosystem/NexaTrace_System/backend/vendor/laravel/framework/src/Illuminate/Foundation/Http/Middleware/TransformsRequest.php(21): Illuminate/Pipeline/Pipeline->Illuminate/Pipeline/{closure}(Object(Illuminate/Http/Request))
#34 C:/Ecosystem/NexaTrace_System/backend/vendor/laravel/framework/src/Illuminate/Foundation/Http/Middleware/TrimStrings.php(51): Illuminate/Foundation/Http/Middleware/TransformsRequest->handle(Object(Illuminate/Http/Request), Object(Closure))
#35 C:/Ecosystem/NexaTrace_System/backend/vendor/laravel/framework/src/Illuminate/Pipeline/Pipeline.php(219): Illuminate/Foundation/Http/Middleware/TrimStrings->handle(Object(Illuminate/Http/Request), Object(Closure))
#36 C:/Ecosystem/NexaTrace_System/backend/vendor/laravel/framework/src/Illuminate/Http/Middleware/ValidatePostSize.php(27): Illuminate/Pipeline/Pipeline->Illuminate/Pipeline/{closure}(Object(Illuminate/Http/Request))
#37 C:/Ecosystem/NexaTrace_System/backend/vendor/laravel/framework/src/Illuminate/Pipeline/Pipeline.php(219): Illuminate/Http/Middleware/ValidatePostSize->handle(Object(Illuminate/Http/Request), Object(Closure))
#38 C:/Ecosystem/NexaTrace_System/backend/vendor/laravel/framework/src/Illuminate/Foundation/Http/Middleware/PreventRequestsDuringMaintenance.php(109): Illuminate/Pipeline/Pipeline->Illuminate/Pipeline/{closure}(Object(Illuminate/Http/Request))
#39 C:/Ecosystem/NexaTrace_System/backend/vendor/laravel/framework/src/Illuminate/Pipeline/Pipeline.php(219): Illuminate/Foundation/Http/Middleware/PreventRequestsDuringMaintenance->handle(Object(Illuminate/Http/Request), Object(Closure))
#40 C:/Ecosystem/NexaTrace_System/backend/vendor/laravel/framework/src/Illuminate/Http/Middleware/HandleCors.php(74): Illuminate/Pipeline/Pipeline->Illuminate/Pipeline/{closure}(Object(Illuminate/Http/Request))
#41 C:/Ecosystem/NexaTrace_System/backend/vendor/laravel/framework/src/Illuminate/Pipeline/Pipeline.php(219): Illuminate/Http/Middleware/HandleCors->handle(Object(Illuminate/Http/Request), Object(Closure))
#42 C:/Ecosystem/NexaTrace_System/backend/vendor/laravel/framework/src/Illuminate/Http/Middleware/TrustProxies.php(58): Illuminate/Pipeline/Pipeline->Illuminate/Pipeline/{closure}(Object(Illuminate/Http/Request))
#43 C:/Ecosystem/NexaTrace_System/backend/vendor/laravel/framework/src/Illuminate/Pipeline/Pipeline.php(219): Illuminate/Http/Middleware/TrustProxies->handle(Object(Illuminate/Http/Request), Object(Closure))
#44 C:/Ecosystem/NexaTrace_System/backend/vendor/laravel/framework/src/Illuminate/Foundation/Http/Middleware/InvokeDeferredCallbacks.php(22): Illuminate/Pipeline/Pipeline->Illuminate/Pipeline/{closure}(Object(Illuminate/Http/Request))
#45 C:/Ecosystem/NexaTrace_System/backend/vendor/laravel/framework/src/Illuminate/Pipeline/Pipeline.php(219): Illuminate/Foundation/Http/Middleware/InvokeDeferredCallbacks->handle(Object(Illuminate/Http/Request), Object(Closure))
#46 C:/Ecosystem/NexaTrace_System/backend/vendor/laravel/framework/src/Illuminate/Http/Middleware/ValidatePathEncoding.php(26): Illuminate/Pipeline/Pipeline->Illuminate/Pipeline/{closure}(Object(Illuminate/Http/Request))
#47 C:/Ecosystem/NexaTrace_System/backend/vendor/laravel/framework/src/Illuminate/Pipeline/Pipeline.php(219): Illuminate/Http/Middleware/ValidatePathEncoding->handle(Object(Illuminate/Http/Request), Object(Closure))
#48 C:/Ecosystem/NexaTrace_System/backend/vendor/laravel/framework/src/Illuminate/Pipeline/Pipeline.php(137): Illuminate/Pipeline/Pipeline->Illuminate/Pipeline/{closure}(Object(Illuminate/Http/Request))
#49 C:/Ecosystem/NexaTrace_System/backend/vendor/laravel/framework/src/Illuminate/Foundation/Http/Kernel.php(175): Illuminate/Pipeline/Pipeline->then(Object(Closure))
#50 C:/Ecosystem/NexaTrace_System/backend/vendor/laravel/framework/src/Illuminate/Foundation/Http/Kernel.php(144): Illuminate/Foundation/Http/Kernel->sendRequestThroughRouter(Object(Illuminate/Http/Request))
#51 C:/Ecosystem/NexaTrace_System/backend/vendor/laravel/framework/src/Illuminate/Foundation/Application.php(1220): Illuminate/Foundation/Http/Kernel->handle(Object(Illuminate/Http/Request))
#52 C:/Ecosystem/NexaTrace_System/backend/public/index.php(20): Illuminate/Foundation/Application->handleRequest(Object(Illuminate/Http/Request))
#53 C:/Ecosystem/NexaTrace_System/backend/vendor/laravel/framework/src/Illuminate/Foundation/resources/server.php(23): require_once('C://Ecosystem//Ne...')
#54 {main}
"} 
[2026-03-20 13:55:01] local.ERROR: SQLSTATE[22P02]: Invalid text representation: 7 ERRORE:  sintassi di input non valida per il tipo uuid: "2"
CONTEXT:  parametro portale senza nome $5 = '...' (Connection: pgsql, Host: localhost, Port: 5444, Database: nexasystem_db, SQL: insert into "personal_access_tokens" ("name", "token", "abilities", "expires_at", "tokenable_id", "tokenable_type", "updated_at", "created_at") values (admin, 351b149e94973ac4b754ba89749080a5d6736be4ced682e96f1a403f49deed59, ["*"], ?, 2, App\Models\AdminUser, 2026-03-20 13:55:01, 2026-03-20 13:55:01) returning "id") {"exception":"[object] (Illuminate\\Database\\QueryException(code: 22P02): SQLSTATE[22P02]: Invalid text representation: 7 ERRORE:  sintassi di input non valida per il tipo uuid: \"2\"
CONTEXT:  parametro portale senza nome $5 = '...' (Connection: pgsql, Host: localhost, Port: 5444, Database: nexasystem_db, SQL: insert into \"personal_access_tokens\" (\"name\", \"token\", \"abilities\", \"expires_at\", \"tokenable_id\", \"tokenable_type\", \"updated_at\", \"created_at\") values (admin, 351b149e94973ac4b754ba89749080a5d6736be4ced682e96f1a403f49deed59, [\"*\"], ?, 2, App\\Models\\AdminUser, 2026-03-20 13:55:01, 2026-03-20 13:55:01) returning \"id\") at C:/Ecosystem/NexaTrace_System/backend/vendor/laravel/framework/src/Illuminate/Database/Connection.php:838)
[stacktrace]
#0 C:/Ecosystem/NexaTrace_System/backend/vendor/laravel/framework/src/Illuminate/Database/Connection.php(794): Illuminate/Database/Connection->runQueryCallback('insert into \"pe...', Array, Object(Closure))
#1 C:/Ecosystem/NexaTrace_System/backend/vendor/laravel/framework/src/Illuminate/Database/Connection.php(411): Illuminate/Database/Connection->run('insert into \"pe...', Array, Object(Closure))
#2 C:/Ecosystem/NexaTrace_System/backend/vendor/laravel/framework/src/Illuminate/Database/Connection.php(398): Illuminate/Database/Connection->select('insert into \"pe...', Array, false)
#3 C:/Ecosystem/NexaTrace_System/backend/vendor/laravel/framework/src/Illuminate/Database/Query/Processors/PostgresProcessor.php(24): Illuminate/Database/Connection->selectFromWriteConnection('insert into \"pe...', Array)
#4 C:/Ecosystem/NexaTrace_System/backend/vendor/laravel/framework/src/Illuminate/Database/Query/Builder.php(4170): Illuminate/Database/Query/Processors/PostgresProcessor->processInsertGetId(Object(Illuminate/Database/Query/Builder), 'insert into \"pe...', Array, 'id')
#5 C:/Ecosystem/NexaTrace_System/backend/vendor/laravel/framework/src/Illuminate/Database/Eloquent/Builder.php(2237): Illuminate/Database/Query/Builder->insertGetId(Array, 'id')
#6 C:/Ecosystem/NexaTrace_System/backend/vendor/laravel/framework/src/Illuminate/Database/Eloquent/Model.php(1436): Illuminate/Database/Eloquent/Builder->__call('insertGetId', Array)
#7 C:/Ecosystem/NexaTrace_System/backend/vendor/laravel/framework/src/Illuminate/Database/Eloquent/Model.php(1401): Illuminate/Database/Eloquent/Model->insertAndSetId(Object(Illuminate/Database/Eloquent/Builder), Array)
#8 C:/Ecosystem/NexaTrace_System/backend/vendor/laravel/framework/src/Illuminate/Database/Eloquent/Model.php(1240): Illuminate/Database/Eloquent/Model->performInsert(Object(Illuminate/Database/Eloquent/Builder))
#9 C:/Ecosystem/NexaTrace_System/backend/vendor/laravel/framework/src/Illuminate/Database/Eloquent/Relations/HasOneOrMany.php(391): Illuminate/Database/Eloquent/Model->save()
#10 C:/Ecosystem/NexaTrace_System/backend/vendor/laravel/framework/src/Illuminate/Support/helpers.php(393): Illuminate/Database/Eloquent/Relations/HasOneOrMany->Illuminate/Database/Eloquent/Relations/{closure}(Object(Laravel/Sanctum/PersonalAccessToken))
#11 C:/Ecosystem/NexaTrace_System/backend/vendor/laravel/framework/src/Illuminate/Database/Eloquent/Relations/HasOneOrMany.php(388): tap(Object(Laravel/Sanctum/PersonalAccessToken), Object(Closure))
#12 C:/Ecosystem/NexaTrace_System/backend/vendor/laravel/sanctum/src/HasApiTokens.php(64): Illuminate/Database/Eloquent/Relations/HasOneOrMany->create(Array)
#13 C:/Ecosystem/NexaTrace_System/backend/app/Http/Controllers/Auth/AdminAuthController.php(38): App/Models/AdminUser->createToken('admin')
#14 C:/Ecosystem/NexaTrace_System/backend/vendor/laravel/framework/src/Illuminate/Routing/ControllerDispatcher.php(46): App/Http/Controllers/Auth/AdminAuthController->login(Object(Illuminate/Http/Request))
#15 C:/Ecosystem/NexaTrace_System/backend/vendor/laravel/framework/src/Illuminate/Routing/Route.php(265): Illuminate/Routing/ControllerDispatcher->dispatch(Object(Illuminate/Routing/Route), Object(App/Http/Controllers/Auth/AdminAuthController), 'login')
#16 C:/Ecosystem/NexaTrace_System/backend/vendor/laravel/framework/src/Illuminate/Routing/Route.php(211): Illuminate/Routing/Route->runController()
#17 C:/Ecosystem/NexaTrace_System/backend/vendor/laravel/framework/src/Illuminate/Routing/Router.php(822): Illuminate/Routing/Route->run()
#18 C:/Ecosystem/NexaTrace_System/backend/vendor/laravel/framework/src/Illuminate/Pipeline/Pipeline.php(180): Illuminate/Routing/Router->Illuminate/Routing/{closure}(Object(Illuminate/Http/Request))
#19 C:/Ecosystem/NexaTrace_System/backend/vendor/laravel/framework/src/Illuminate/Routing/Middleware/SubstituteBindings.php(50): Illuminate/Pipeline/Pipeline->Illuminate/Pipeline/{closure}(Object(Illuminate/Http/Request))
#20 C:/Ecosystem/NexaTrace_System/backend/vendor/laravel/framework/src/Illuminate/Pipeline/Pipeline.php(219): Illuminate/Routing/Middleware/SubstituteBindings->handle(Object(Illuminate/Http/Request), Object(Closure))
#21 C:/Ecosystem/NexaTrace_System/backend/vendor/laravel/framework/src/Illuminate/Pipeline/Pipeline.php(137): Illuminate/Pipeline/Pipeline->Illuminate/Pipeline/{closure}(Object(Illuminate/Http/Request))
#22 C:/Ecosystem/NexaTrace_System/backend/vendor/laravel/framework/src/Illuminate/Routing/Router.php(821): Illuminate/Pipeline/Pipeline->then(Object(Closure))
#23 C:/Ecosystem/NexaTrace_System/backend/vendor/laravel/framework/src/Illuminate/Routing/Router.php(800): Illuminate/Routing/Router->runRouteWithinStack(Object(Illuminate/Routing/Route), Object(Illuminate/Http/Request))
#24 C:/Ecosystem/NexaTrace_System/backend/vendor/laravel/framework/src/Illuminate/Routing/Router.php(764): Illuminate/Routing/Router->runRoute(Object(Illuminate/Http/Request), Object(Illuminate/Routing/Route))
#25 C:/Ecosystem/NexaTrace_System/backend/vendor/laravel/framework/src/Illuminate/Routing/Router.php(753): Illuminate/Routing/Router->dispatchToRoute(Object(Illuminate/Http/Request))
#26 C:/Ecosystem/NexaTrace_System/backend/vendor/laravel/framework/src/Illuminate/Foundation/Http/Kernel.php(200): Illuminate/Routing/Router->dispatch(Object(Illuminate/Http/Request))
#27 C:/Ecosystem/NexaTrace_System/backend/vendor/laravel/framework/src/Illuminate/Pipeline/Pipeline.php(180): Illuminate/Foundation/Http/Kernel->Illuminate/Foundation/Http/{closure}(Object(Illuminate/Http/Request))
#28 C:/Ecosystem/NexaTrace_System/backend/vendor/laravel/framework/src/Illuminate/Foundation/Http/Middleware/TransformsRequest.php(21): Illuminate/Pipeline/Pipeline->Illuminate/Pipeline/{closure}(Object(Illuminate/Http/Request))
#29 C:/Ecosystem/NexaTrace_System/backend/vendor/laravel/framework/src/Illuminate/Foundation/Http/Middleware/ConvertEmptyStringsToNull.php(31): Illuminate/Foundation/Http/Middleware/TransformsRequest->handle(Object(Illuminate/Http/Request), Object(Closure))
#30 C:/Ecosystem/NexaTrace_System/backend/vendor/laravel/framework/src/Illuminate/Pipeline/Pipeline.php(219): Illuminate/Foundation/Http/Middleware/ConvertEmptyStringsToNull->handle(Object(Illuminate/Http/Request), Object(Closure))
#31 C:/Ecosystem/NexaTrace_System/backend/vendor/laravel/framework/src/Illuminate/Foundation/Http/Middleware/TransformsRequest.php(21): Illuminate/Pipeline/Pipeline->Illuminate/Pipeline/{closure}(Object(Illuminate/Http/Request))
#32 C:/Ecosystem/NexaTrace_System/backend/vendor/laravel/framework/src/Illuminate/Foundation/Http/Middleware/TrimStrings.php(51): Illuminate/Foundation/Http/Middleware/TransformsRequest->handle(Object(Illuminate/Http/Request), Object(Closure))
#33 C:/Ecosystem/NexaTrace_System/backend/vendor/laravel/framework/src/Illuminate/Pipeline/Pipeline.php(219): Illuminate/Foundation/Http/Middleware/TrimStrings->handle(Object(Illuminate/Http/Request), Object(Closure))
#34 C:/Ecosystem/NexaTrace_System/backend/vendor/laravel/framework/src/Illuminate/Http/Middleware/ValidatePostSize.php(27): Illuminate/Pipeline/Pipeline->Illuminate/Pipeline/{closure}(Object(Illuminate/Http/Request))
#35 C:/Ecosystem/NexaTrace_System/backend/vendor/laravel/framework/src/Illuminate/Pipeline/Pipeline.php(219): Illuminate/Http/Middleware/ValidatePostSize->handle(Object(Illuminate/Http/Request), Object(Closure))
#36 C:/Ecosystem/NexaTrace_System/backend/vendor/laravel/framework/src/Illuminate/Foundation/Http/Middleware/PreventRequestsDuringMaintenance.php(109): Illuminate/Pipeline/Pipeline->Illuminate/Pipeline/{closure}(Object(Illuminate/Http/Request))
#37 C:/Ecosystem/NexaTrace_System/backend/vendor/laravel/framework/src/Illuminate/Pipeline/Pipeline.php(219): Illuminate/Foundation/Http/Middleware/PreventRequestsDuringMaintenance->handle(Object(Illuminate/Http/Request), Object(Closure))
#38 C:/Ecosystem/NexaTrace_System/backend/vendor/laravel/framework/src/Illuminate/Http/Middleware/HandleCors.php(74): Illuminate/Pipeline/Pipeline->Illuminate/Pipeline/{closure}(Object(Illuminate/Http/Request))
#39 C:/Ecosystem/NexaTrace_System/backend/vendor/laravel/framework/src/Illuminate/Pipeline/Pipeline.php(219): Illuminate/Http/Middleware/HandleCors->handle(Object(Illuminate/Http/Request), Object(Closure))
#40 C:/Ecosystem/NexaTrace_System/backend/vendor/laravel/framework/src/Illuminate/Http/Middleware/TrustProxies.php(58): Illuminate/Pipeline/Pipeline->Illuminate/Pipeline/{closure}(Object(Illuminate/Http/Request))
#41 C:/Ecosystem/NexaTrace_System/backend/vendor/laravel/framework/src/Illuminate/Pipeline/Pipeline.php(219): Illuminate/Http/Middleware/TrustProxies->handle(Object(Illuminate/Http/Request), Object(Closure))
#42 C:/Ecosystem/NexaTrace_System/backend/vendor/laravel/framework/src/Illuminate/Foundation/Http/Middleware/InvokeDeferredCallbacks.php(22): Illuminate/Pipeline/Pipeline->Illuminate/Pipeline/{closure}(Object(Illuminate/Http/Request))
#43 C:/Ecosystem/NexaTrace_System/backend/vendor/laravel/framework/src/Illuminate/Pipeline/Pipeline.php(219): Illuminate/Foundation/Http/Middleware/InvokeDeferredCallbacks->handle(Object(Illuminate/Http/Request), Object(Closure))
#44 C:/Ecosystem/NexaTrace_System/backend/vendor/laravel/framework/src/Illuminate/Http/Middleware/ValidatePathEncoding.php(26): Illuminate/Pipeline/Pipeline->Illuminate/Pipeline/{closure}(Object(Illuminate/Http/Request))
#45 C:/Ecosystem/NexaTrace_System/backend/vendor/laravel/framework/src/Illuminate/Pipeline/Pipeline.php(219): Illuminate/Http/Middleware/ValidatePathEncoding->handle(Object(Illuminate/Http/Request), Object(Closure))
#46 C:/Ecosystem/NexaTrace_System/backend/vendor/laravel/framework/src/Illuminate/Pipeline/Pipeline.php(137): Illuminate/Pipeline/Pipeline->Illuminate/Pipeline/{closure}(Object(Illuminate/Http/Request))
#47 C:/Ecosystem/NexaTrace_System/backend/vendor/laravel/framework/src/Illuminate/Foundation/Http/Kernel.php(175): Illuminate/Pipeline/Pipeline->then(Object(Closure))
#48 C:/Ecosystem/NexaTrace_System/backend/vendor/laravel/framework/src/Illuminate/Foundation/Http/Kernel.php(144): Illuminate/Foundation/Http/Kernel->sendRequestThroughRouter(Object(Illuminate/Http/Request))
#49 C:/Ecosystem/NexaTrace_System/backend/vendor/laravel/framework/src/Illuminate/Foundation/Application.php(1220): Illuminate/Foundation/Http/Kernel->handle(Object(Illuminate/Http/Request))
#50 C:/Ecosystem/NexaTrace_System/backend/public/index.php(20): Illuminate/Foundation/Application->handleRequest(Object(Illuminate/Http/Request))
#51 C:/Ecosystem/NexaTrace_System/backend/vendor/laravel/framework/src/Illuminate/Foundation/resources/server.php(23): require_once('C://Ecosystem//Ne...')
#52 {main}

[previous exception] [object] (PDOException(code: 22P02): SQLSTATE[22P02]: Invalid text representation: 7 ERRORE:  sintassi di input non valida per il tipo uuid: \"2\"
CONTEXT:  parametro portale senza nome $5 = '...' at C:/Ecosystem/NexaTrace_System/backend/vendor/laravel/framework/src/Illuminate/Database/Connection.php:425)
[stacktrace]
#0 C:/Ecosystem/NexaTrace_System/backend/vendor/laravel/framework/src/Illuminate/Database/Connection.php(425): PDOStatement->execute()
#1 C:/Ecosystem/NexaTrace_System/backend/vendor/laravel/framework/src/Illuminate/Database/Connection.php(827): Illuminate/Database/Connection->Illuminate/Database/{closure}('insert into \"pe...', Array)
#2 C:/Ecosystem/NexaTrace_System/backend/vendor/laravel/framework/src/Illuminate/Database/Connection.php(794): Illuminate/Database/Connection->runQueryCallback('insert into \"pe...', Array, Object(Closure))
#3 C:/Ecosystem/NexaTrace_System/backend/vendor/laravel/framework/src/Illuminate/Database/Connection.php(411): Illuminate/Database/Connection->run('insert into \"pe...', Array, Object(Closure))
#4 C:/Ecosystem/NexaTrace_System/backend/vendor/laravel/framework/src/Illuminate/Database/Connection.php(398): Illuminate/Database/Connection->select('insert into \"pe...', Array, false)
#5 C:/Ecosystem/NexaTrace_System/backend/vendor/laravel/framework/src/Illuminate/Database/Query/Processors/PostgresProcessor.php(24): Illuminate/Database/Connection->selectFromWriteConnection('insert into \"pe...', Array)
#6 C:/Ecosystem/NexaTrace_System/backend/vendor/laravel/framework/src/Illuminate/Database/Query/Builder.php(4170): Illuminate/Database/Query/Processors/PostgresProcessor->processInsertGetId(Object(Illuminate/Database/Query/Builder), 'insert into \"pe...', Array, 'id')
#7 C:/Ecosystem/NexaTrace_System/backend/vendor/laravel/framework/src/Illuminate/Database/Eloquent/Builder.php(2237): Illuminate/Database/Query/Builder->insertGetId(Array, 'id')
#8 C:/Ecosystem/NexaTrace_System/backend/vendor/laravel/framework/src/Illuminate/Database/Eloquent/Model.php(1436): Illuminate/Database/Eloquent/Builder->__call('insertGetId', Array)
#9 C:/Ecosystem/NexaTrace_System/backend/vendor/laravel/framework/src/Illuminate/Database/Eloquent/Model.php(1401): Illuminate/Database/Eloquent/Model->insertAndSetId(Object(Illuminate/Database/Eloquent/Builder), Array)
#10 C:/Ecosystem/NexaTrace_System/backend/vendor/laravel/framework/src/Illuminate/Database/Eloquent/Model.php(1240): Illuminate/Database/Eloquent/Model->performInsert(Object(Illuminate/Database/Eloquent/Builder))
#11 C:/Ecosystem/NexaTrace_System/backend/vendor/laravel/framework/src/Illuminate/Database/Eloquent/Relations/HasOneOrMany.php(391): Illuminate/Database/Eloquent/Model->save()
#12 C:/Ecosystem/NexaTrace_System/backend/vendor/laravel/framework/src/Illuminate/Support/helpers.php(393): Illuminate/Database/Eloquent/Relations/HasOneOrMany->Illuminate/Database/Eloquent/Relations/{closure}(Object(Laravel/Sanctum/PersonalAccessToken))
#13 C:/Ecosystem/NexaTrace_System/backend/vendor/laravel/framework/src/Illuminate/Database/Eloquent/Relations/HasOneOrMany.php(388): tap(Object(Laravel/Sanctum/PersonalAccessToken), Object(Closure))
#14 C:/Ecosystem/NexaTrace_System/backend/vendor/laravel/sanctum/src/HasApiTokens.php(64): Illuminate/Database/Eloquent/Relations/HasOneOrMany->create(Array)
#15 C:/Ecosystem/NexaTrace_System/backend/app/Http/Controllers/Auth/AdminAuthController.php(38): App/Models/AdminUser->createToken('admin')
#16 C:/Ecosystem/NexaTrace_System/backend/vendor/laravel/framework/src/Illuminate/Routing/ControllerDispatcher.php(46): App/Http/Controllers/Auth/AdminAuthController->login(Object(Illuminate/Http/Request))
#17 C:/Ecosystem/NexaTrace_System/backend/vendor/laravel/framework/src/Illuminate/Routing/Route.php(265): Illuminate/Routing/ControllerDispatcher->dispatch(Object(Illuminate/Routing/Route), Object(App/Http/Controllers/Auth/AdminAuthController), 'login')
#18 C:/Ecosystem/NexaTrace_System/backend/vendor/laravel/framework/src/Illuminate/Routing/Route.php(211): Illuminate/Routing/Route->runController()
#19 C:/Ecosystem/NexaTrace_System/backend/vendor/laravel/framework/src/Illuminate/Routing/Router.php(822): Illuminate/Routing/Route->run()
#20 C:/Ecosystem/NexaTrace_System/backend/vendor/laravel/framework/src/Illuminate/Pipeline/Pipeline.php(180): Illuminate/Routing/Router->Illuminate/Routing/{closure}(Object(Illuminate/Http/Request))
#21 C:/Ecosystem/NexaTrace_System/backend/vendor/laravel/framework/src/Illuminate/Routing/Middleware/SubstituteBindings.php(50): Illuminate/Pipeline/Pipeline->Illuminate/Pipeline/{closure}(Object(Illuminate/Http/Request))
#22 C:/Ecosystem/NexaTrace_System/backend/vendor/laravel/framework/src/Illuminate/Pipeline/Pipeline.php(219): Illuminate/Routing/Middleware/SubstituteBindings->handle(Object(Illuminate/Http/Request), Object(Closure))
#23 C:/Ecosystem/NexaTrace_System/backend/vendor/laravel/framework/src/Illuminate/Pipeline/Pipeline.php(137): Illuminate/Pipeline/Pipeline->Illuminate/Pipeline/{closure}(Object(Illuminate/Http/Request))
#24 C:/Ecosystem/NexaTrace_System/backend/vendor/laravel/framework/src/Illuminate/Routing/Router.php(821): Illuminate/Pipeline/Pipeline->then(Object(Closure))
#25 C:/Ecosystem/NexaTrace_System/backend/vendor/laravel/framework/src/Illuminate/Routing/Router.php(800): Illuminate/Routing/Router->runRouteWithinStack(Object(Illuminate/Routing/Route), Object(Illuminate/Http/Request))
#26 C:/Ecosystem/NexaTrace_System/backend/vendor/laravel/framework/src/Illuminate/Routing/Router.php(764): Illuminate/Routing/Router->runRoute(Object(Illuminate/Http/Request), Object(Illuminate/Routing/Route))
#27 C:/Ecosystem/NexaTrace_System/backend/vendor/laravel/framework/src/Illuminate/Routing/Router.php(753): Illuminate/Routing/Router->dispatchToRoute(Object(Illuminate/Http/Request))
#28 C:/Ecosystem/NexaTrace_System/backend/vendor/laravel/framework/src/Illuminate/Foundation/Http/Kernel.php(200): Illuminate/Routing/Router->dispatch(Object(Illuminate/Http/Request))
#29 C:/Ecosystem/NexaTrace_System/backend/vendor/laravel/framework/src/Illuminate/Pipeline/Pipeline.php(180): Illuminate/Foundation/Http/Kernel->Illuminate/Foundation/Http/{closure}(Object(Illuminate/Http/Request))
#30 C:/Ecosystem/NexaTrace_System/backend/vendor/laravel/framework/src/Illuminate/Foundation/Http/Middleware/TransformsRequest.php(21): Illuminate/Pipeline/Pipeline->Illuminate/Pipeline/{closure}(Object(Illuminate/Http/Request))
#31 C:/Ecosystem/NexaTrace_System/backend/vendor/laravel/framework/src/Illuminate/Foundation/Http/Middleware/ConvertEmptyStringsToNull.php(31): Illuminate/Foundation/Http/Middleware/TransformsRequest->handle(Object(Illuminate/Http/Request), Object(Closure))
#32 C:/Ecosystem/NexaTrace_System/backend/vendor/laravel/framework/src/Illuminate/Pipeline/Pipeline.php(219): Illuminate/Foundation/Http/Middleware/ConvertEmptyStringsToNull->handle(Object(Illuminate/Http/Request), Object(Closure))
#33 C:/Ecosystem/NexaTrace_System/backend/vendor/laravel/framework/src/Illuminate/Foundation/Http/Middleware/TransformsRequest.php(21): Illuminate/Pipeline/Pipeline->Illuminate/Pipeline/{closure}(Object(Illuminate/Http/Request))
#34 C:/Ecosystem/NexaTrace_System/backend/vendor/laravel/framework/src/Illuminate/Foundation/Http/Middleware/TrimStrings.php(51): Illuminate/Foundation/Http/Middleware/TransformsRequest->handle(Object(Illuminate/Http/Request), Object(Closure))
#35 C:/Ecosystem/NexaTrace_System/backend/vendor/laravel/framework/src/Illuminate/Pipeline/Pipeline.php(219): Illuminate/Foundation/Http/Middleware/TrimStrings->handle(Object(Illuminate/Http/Request), Object(Closure))
#36 C:/Ecosystem/NexaTrace_System/backend/vendor/laravel/framework/src/Illuminate/Http/Middleware/ValidatePostSize.php(27): Illuminate/Pipeline/Pipeline->Illuminate/Pipeline/{closure}(Object(Illuminate/Http/Request))
#37 C:/Ecosystem/NexaTrace_System/backend/vendor/laravel/framework/src/Illuminate/Pipeline/Pipeline.php(219): Illuminate/Http/Middleware/ValidatePostSize->handle(Object(Illuminate/Http/Request), Object(Closure))
#38 C:/Ecosystem/NexaTrace_System/backend/vendor/laravel/framework/src/Illuminate/Foundation/Http/Middleware/PreventRequestsDuringMaintenance.php(109): Illuminate/Pipeline/Pipeline->Illuminate/Pipeline/{closure}(Object(Illuminate/Http/Request))
#39 C:/Ecosystem/NexaTrace_System/backend/vendor/laravel/framework/src/Illuminate/Pipeline/Pipeline.php(219): Illuminate/Foundation/Http/Middleware/PreventRequestsDuringMaintenance->handle(Object(Illuminate/Http/Request), Object(Closure))
#40 C:/Ecosystem/NexaTrace_System/backend/vendor/laravel/framework/src/Illuminate/Http/Middleware/HandleCors.php(74): Illuminate/Pipeline/Pipeline->Illuminate/Pipeline/{closure}(Object(Illuminate/Http/Request))
#41 C:/Ecosystem/NexaTrace_System/backend/vendor/laravel/framework/src/Illuminate/Pipeline/Pipeline.php(219): Illuminate/Http/Middleware/HandleCors->handle(Object(Illuminate/Http/Request), Object(Closure))
#42 C:/Ecosystem/NexaTrace_System/backend/vendor/laravel/framework/src/Illuminate/Http/Middleware/TrustProxies.php(58): Illuminate/Pipeline/Pipeline->Illuminate/Pipeline/{closure}(Object(Illuminate/Http/Request))
#43 C:/Ecosystem/NexaTrace_System/backend/vendor/laravel/framework/src/Illuminate/Pipeline/Pipeline.php(219): Illuminate/Http/Middleware/TrustProxies->handle(Object(Illuminate/Http/Request), Object(Closure))
#44 C:/Ecosystem/NexaTrace_System/backend/vendor/laravel/framework/src/Illuminate/Foundation/Http/Middleware/InvokeDeferredCallbacks.php(22): Illuminate/Pipeline/Pipeline->Illuminate/Pipeline/{closure}(Object(Illuminate/Http/Request))
#45 C:/Ecosystem/NexaTrace_System/backend/vendor/laravel/framework/src/Illuminate/Pipeline/Pipeline.php(219): Illuminate/Foundation/Http/Middleware/InvokeDeferredCallbacks->handle(Object(Illuminate/Http/Request), Object(Closure))
#46 C:/Ecosystem/NexaTrace_System/backend/vendor/laravel/framework/src/Illuminate/Http/Middleware/ValidatePathEncoding.php(26): Illuminate/Pipeline/Pipeline->Illuminate/Pipeline/{closure}(Object(Illuminate/Http/Request))
#47 C:/Ecosystem/NexaTrace_System/backend/vendor/laravel/framework/src/Illuminate/Pipeline/Pipeline.php(219): Illuminate/Http/Middleware/ValidatePathEncoding->handle(Object(Illuminate/Http/Request), Object(Closure))
#48 C:/Ecosystem/NexaTrace_System/backend/vendor/laravel/framework/src/Illuminate/Pipeline/Pipeline.php(137): Illuminate/Pipeline/Pipeline->Illuminate/Pipeline/{closure}(Object(Illuminate/Http/Request))
#49 C:/Ecosystem/NexaTrace_System/backend/vendor/laravel/framework/src/Illuminate/Foundation/Http/Kernel.php(175): Illuminate/Pipeline/Pipeline->then(Object(Closure))
#50 C:/Ecosystem/NexaTrace_System/backend/vendor/laravel/framework/src/Illuminate/Foundation/Http/Kernel.php(144): Illuminate/Foundation/Http/Kernel->sendRequestThroughRouter(Object(Illuminate/Http/Request))
#51 C:/Ecosystem/NexaTrace_System/backend/vendor/laravel/framework/src/Illuminate/Foundation/Application.php(1220): Illuminate/Foundation/Http/Kernel->handle(Object(Illuminate/Http/Request))
#52 C:/Ecosystem/NexaTrace_System/backend/public/index.php(20): Illuminate/Foundation/Application->handleRequest(Object(Illuminate/Http/Request))
#53 C:/Ecosystem/NexaTrace_System/backend/vendor/laravel/framework/src/Illuminate/Foundation/resources/server.php(23): require_once('C://Ecosystem//Ne...')
#54 {main}
"} 
[2026-03-20 13:57:51] local.ERROR: SQLSTATE[22P02]: Invalid text representation: 7 ERRORE:  sintassi di input non valida per il tipo uuid: "2"
CONTEXT:  parametro portale senza nome $5 = '...' (Connection: pgsql, Host: localhost, Port: 5444, Database: nexasystem_db, SQL: insert into "personal_access_tokens" ("name", "token", "abilities", "expires_at", "tokenable_id", "tokenable_type", "updated_at", "created_at") values (admin, eb4ca71453867cc9f97cb239597429f0dc08645a02e312f1305e22daaed1c128, ["*"], ?, 2, App\Models\AdminUser, 2026-03-20 13:57:50, 2026-03-20 13:57:50) returning "id") {"exception":"[object] (Illuminate\\Database\\QueryException(code: 22P02): SQLSTATE[22P02]: Invalid text representation: 7 ERRORE:  sintassi di input non valida per il tipo uuid: \"2\"
CONTEXT:  parametro portale senza nome $5 = '...' (Connection: pgsql, Host: localhost, Port: 5444, Database: nexasystem_db, SQL: insert into \"personal_access_tokens\" (\"name\", \"token\", \"abilities\", \"expires_at\", \"tokenable_id\", \"tokenable_type\", \"updated_at\", \"created_at\") values (admin, eb4ca71453867cc9f97cb239597429f0dc08645a02e312f1305e22daaed1c128, [\"*\"], ?, 2, App\\Models\\AdminUser, 2026-03-20 13:57:50, 2026-03-20 13:57:50) returning \"id\") at C:/Ecosystem/NexaTrace_System/backend/vendor/laravel/framework/src/Illuminate/Database/Connection.php:838)
[stacktrace]
#0 C:/Ecosystem/NexaTrace_System/backend/vendor/laravel/framework/src/Illuminate/Database/Connection.php(794): Illuminate/Database/Connection->runQueryCallback('insert into \"pe...', Array, Object(Closure))
#1 C:/Ecosystem/NexaTrace_System/backend/vendor/laravel/framework/src/Illuminate/Database/Connection.php(411): Illuminate/Database/Connection->run('insert into \"pe...', Array, Object(Closure))
#2 C:/Ecosystem/NexaTrace_System/backend/vendor/laravel/framework/src/Illuminate/Database/Connection.php(398): Illuminate/Database/Connection->select('insert into \"pe...', Array, false)
#3 C:/Ecosystem/NexaTrace_System/backend/vendor/laravel/framework/src/Illuminate/Database/Query/Processors/PostgresProcessor.php(24): Illuminate/Database/Connection->selectFromWriteConnection('insert into \"pe...', Array)
#4 C:/Ecosystem/NexaTrace_System/backend/vendor/laravel/framework/src/Illuminate/Database/Query/Builder.php(4170): Illuminate/Database/Query/Processors/PostgresProcessor->processInsertGetId(Object(Illuminate/Database/Query/Builder), 'insert into \"pe...', Array, 'id')
#5 C:/Ecosystem/NexaTrace_System/backend/vendor/laravel/framework/src/Illuminate/Database/Eloquent/Builder.php(2237): Illuminate/Database/Query/Builder->insertGetId(Array, 'id')
#6 C:/Ecosystem/NexaTrace_System/backend/vendor/laravel/framework/src/Illuminate/Database/Eloquent/Model.php(1436): Illuminate/Database/Eloquent/Builder->__call('insertGetId', Array)
#7 C:/Ecosystem/NexaTrace_System/backend/vendor/laravel/framework/src/Illuminate/Database/Eloquent/Model.php(1401): Illuminate/Database/Eloquent/Model->insertAndSetId(Object(Illuminate/Database/Eloquent/Builder), Array)
#8 C:/Ecosystem/NexaTrace_System/backend/vendor/laravel/framework/src/Illuminate/Database/Eloquent/Model.php(1240): Illuminate/Database/Eloquent/Model->performInsert(Object(Illuminate/Database/Eloquent/Builder))
#9 C:/Ecosystem/NexaTrace_System/backend/vendor/laravel/framework/src/Illuminate/Database/Eloquent/Relations/HasOneOrMany.php(391): Illuminate/Database/Eloquent/Model->save()
#10 C:/Ecosystem/NexaTrace_System/backend/vendor/laravel/framework/src/Illuminate/Support/helpers.php(393): Illuminate/Database/Eloquent/Relations/HasOneOrMany->Illuminate/Database/Eloquent/Relations/{closure}(Object(Laravel/Sanctum/PersonalAccessToken))
#11 C:/Ecosystem/NexaTrace_System/backend/vendor/laravel/framework/src/Illuminate/Database/Eloquent/Relations/HasOneOrMany.php(388): tap(Object(Laravel/Sanctum/PersonalAccessToken), Object(Closure))
#12 C:/Ecosystem/NexaTrace_System/backend/vendor/laravel/sanctum/src/HasApiTokens.php(64): Illuminate/Database/Eloquent/Relations/HasOneOrMany->create(Array)
#13 C:/Ecosystem/NexaTrace_System/backend/app/Http/Controllers/Auth/AdminAuthController.php(38): App/Models/AdminUser->createToken('admin')
#14 C:/Ecosystem/NexaTrace_System/backend/vendor/laravel/framework/src/Illuminate/Routing/ControllerDispatcher.php(46): App/Http/Controllers/Auth/AdminAuthController->login(Object(Illuminate/Http/Request))
#15 C:/Ecosystem/NexaTrace_System/backend/vendor/laravel/framework/src/Illuminate/Routing/Route.php(265): Illuminate/Routing/ControllerDispatcher->dispatch(Object(Illuminate/Routing/Route), Object(App/Http/Controllers/Auth/AdminAuthController), 'login')
#16 C:/Ecosystem/NexaTrace_System/backend/vendor/laravel/framework/src/Illuminate/Routing/Route.php(211): Illuminate/Routing/Route->runController()
#17 C:/Ecosystem/NexaTrace_System/backend/vendor/laravel/framework/src/Illuminate/Routing/Router.php(822): Illuminate/Routing/Route->run()
#18 C:/Ecosystem/NexaTrace_System/backend/vendor/laravel/framework/src/Illuminate/Pipeline/Pipeline.php(180): Illuminate/Routing/Router->Illuminate/Routing/{closure}(Object(Illuminate/Http/Request))
#19 C:/Ecosystem/NexaTrace_System/backend/vendor/laravel/framework/src/Illuminate/Routing/Middleware/SubstituteBindings.php(50): Illuminate/Pipeline/Pipeline->Illuminate/Pipeline/{closure}(Object(Illuminate/Http/Request))
#20 C:/Ecosystem/NexaTrace_System/backend/vendor/laravel/framework/src/Illuminate/Pipeline/Pipeline.php(219): Illuminate/Routing/Middleware/SubstituteBindings->handle(Object(Illuminate/Http/Request), Object(Closure))
#21 C:/Ecosystem/NexaTrace_System/backend/vendor/laravel/framework/src/Illuminate/Pipeline/Pipeline.php(137): Illuminate/Pipeline/Pipeline->Illuminate/Pipeline/{closure}(Object(Illuminate/Http/Request))
#22 C:/Ecosystem/NexaTrace_System/backend/vendor/laravel/framework/src/Illuminate/Routing/Router.php(821): Illuminate/Pipeline/Pipeline->then(Object(Closure))
#23 C:/Ecosystem/NexaTrace_System/backend/vendor/laravel/framework/src/Illuminate/Routing/Router.php(800): Illuminate/Routing/Router->runRouteWithinStack(Object(Illuminate/Routing/Route), Object(Illuminate/Http/Request))
#24 C:/Ecosystem/NexaTrace_System/backend/vendor/laravel/framework/src/Illuminate/Routing/Router.php(764): Illuminate/Routing/Router->runRoute(Object(Illuminate/Http/Request), Object(Illuminate/Routing/Route))
#25 C:/Ecosystem/NexaTrace_System/backend/vendor/laravel/framework/src/Illuminate/Routing/Router.php(753): Illuminate/Routing/Router->dispatchToRoute(Object(Illuminate/Http/Request))
#26 C:/Ecosystem/NexaTrace_System/backend/vendor/laravel/framework/src/Illuminate/Foundation/Http/Kernel.php(200): Illuminate/Routing/Router->dispatch(Object(Illuminate/Http/Request))
#27 C:/Ecosystem/NexaTrace_System/backend/vendor/laravel/framework/src/Illuminate/Pipeline/Pipeline.php(180): Illuminate/Foundation/Http/Kernel->Illuminate/Foundation/Http/{closure}(Object(Illuminate/Http/Request))
#28 C:/Ecosystem/NexaTrace_System/backend/vendor/laravel/framework/src/Illuminate/Foundation/Http/Middleware/TransformsRequest.php(21): Illuminate/Pipeline/Pipeline->Illuminate/Pipeline/{closure}(Object(Illuminate/Http/Request))
#29 C:/Ecosystem/NexaTrace_System/backend/vendor/laravel/framework/src/Illuminate/Foundation/Http/Middleware/ConvertEmptyStringsToNull.php(31): Illuminate/Foundation/Http/Middleware/TransformsRequest->handle(Object(Illuminate/Http/Request), Object(Closure))
#30 C:/Ecosystem/NexaTrace_System/backend/vendor/laravel/framework/src/Illuminate/Pipeline/Pipeline.php(219): Illuminate/Foundation/Http/Middleware/ConvertEmptyStringsToNull->handle(Object(Illuminate/Http/Request), Object(Closure))
#31 C:/Ecosystem/NexaTrace_System/backend/vendor/laravel/framework/src/Illuminate/Foundation/Http/Middleware/TransformsRequest.php(21): Illuminate/Pipeline/Pipeline->Illuminate/Pipeline/{closure}(Object(Illuminate/Http/Request))
#32 C:/Ecosystem/NexaTrace_System/backend/vendor/laravel/framework/src/Illuminate/Foundation/Http/Middleware/TrimStrings.php(51): Illuminate/Foundation/Http/Middleware/TransformsRequest->handle(Object(Illuminate/Http/Request), Object(Closure))
#33 C:/Ecosystem/NexaTrace_System/backend/vendor/laravel/framework/src/Illuminate/Pipeline/Pipeline.php(219): Illuminate/Foundation/Http/Middleware/TrimStrings->handle(Object(Illuminate/Http/Request), Object(Closure))
#34 C:/Ecosystem/NexaTrace_System/backend/vendor/laravel/framework/src/Illuminate/Http/Middleware/ValidatePostSize.php(27): Illuminate/Pipeline/Pipeline->Illuminate/Pipeline/{closure}(Object(Illuminate/Http/Request))
#35 C:/Ecosystem/NexaTrace_System/backend/vendor/laravel/framework/src/Illuminate/Pipeline/Pipeline.php(219): Illuminate/Http/Middleware/ValidatePostSize->handle(Object(Illuminate/Http/Request), Object(Closure))
#36 C:/Ecosystem/NexaTrace_System/backend/vendor/laravel/framework/src/Illuminate/Foundation/Http/Middleware/PreventRequestsDuringMaintenance.php(109): Illuminate/Pipeline/Pipeline->Illuminate/Pipeline/{closure}(Object(Illuminate/Http/Request))
#37 C:/Ecosystem/NexaTrace_System/backend/vendor/laravel/framework/src/Illuminate/Pipeline/Pipeline.php(219): Illuminate/Foundation/Http/Middleware/PreventRequestsDuringMaintenance->handle(Object(Illuminate/Http/Request), Object(Closure))
#38 C:/Ecosystem/NexaTrace_System/backend/vendor/laravel/framework/src/Illuminate/Http/Middleware/HandleCors.php(74): Illuminate/Pipeline/Pipeline->Illuminate/Pipeline/{closure}(Object(Illuminate/Http/Request))
#39 C:/Ecosystem/NexaTrace_System/backend/vendor/laravel/framework/src/Illuminate/Pipeline/Pipeline.php(219): Illuminate/Http/Middleware/HandleCors->handle(Object(Illuminate/Http/Request), Object(Closure))
#40 C:/Ecosystem/NexaTrace_System/backend/vendor/laravel/framework/src/Illuminate/Http/Middleware/TrustProxies.php(58): Illuminate/Pipeline/Pipeline->Illuminate/Pipeline/{closure}(Object(Illuminate/Http/Request))
#41 C:/Ecosystem/NexaTrace_System/backend/vendor/laravel/framework/src/Illuminate/Pipeline/Pipeline.php(219): Illuminate/Http/Middleware/TrustProxies->handle(Object(Illuminate/Http/Request), Object(Closure))
#42 C:/Ecosystem/NexaTrace_System/backend/vendor/laravel/framework/src/Illuminate/Foundation/Http/Middleware/InvokeDeferredCallbacks.php(22): Illuminate/Pipeline/Pipeline->Illuminate/Pipeline/{closure}(Object(Illuminate/Http/Request))
#43 C:/Ecosystem/NexaTrace_System/backend/vendor/laravel/framework/src/Illuminate/Pipeline/Pipeline.php(219): Illuminate/Foundation/Http/Middleware/InvokeDeferredCallbacks->handle(Object(Illuminate/Http/Request), Object(Closure))
#44 C:/Ecosystem/NexaTrace_System/backend/vendor/laravel/framework/src/Illuminate/Http/Middleware/ValidatePathEncoding.php(26): Illuminate/Pipeline/Pipeline->Illuminate/Pipeline/{closure}(Object(Illuminate/Http/Request))
#45 C:/Ecosystem/NexaTrace_System/backend/vendor/laravel/framework/src/Illuminate/Pipeline/Pipeline.php(219): Illuminate/Http/Middleware/ValidatePathEncoding->handle(Object(Illuminate/Http/Request), Object(Closure))
#46 C:/Ecosystem/NexaTrace_System/backend/vendor/laravel/framework/src/Illuminate/Pipeline/Pipeline.php(137): Illuminate/Pipeline/Pipeline->Illuminate/Pipeline/{closure}(Object(Illuminate/Http/Request))
#47 C:/Ecosystem/NexaTrace_System/backend/vendor/laravel/framework/src/Illuminate/Foundation/Http/Kernel.php(175): Illuminate/Pipeline/Pipeline->then(Object(Closure))
#48 C:/Ecosystem/NexaTrace_System/backend/vendor/laravel/framework/src/Illuminate/Foundation/Http/Kernel.php(144): Illuminate/Foundation/Http/Kernel->sendRequestThroughRouter(Object(Illuminate/Http/Request))
#49 C:/Ecosystem/NexaTrace_System/backend/vendor/laravel/framework/src/Illuminate/Foundation/Application.php(1220): Illuminate/Foundation/Http/Kernel->handle(Object(Illuminate/Http/Request))
#50 C:/Ecosystem/NexaTrace_System/backend/public/index.php(20): Illuminate/Foundation/Application->handleRequest(Object(Illuminate/Http/Request))
#51 C:/Ecosystem/NexaTrace_System/backend/vendor/laravel/framework/src/Illuminate/Foundation/resources/server.php(23): require_once('C://Ecosystem//Ne...')
#52 {main}

[previous exception] [object] (PDOException(code: 22P02): SQLSTATE[22P02]: Invalid text representation: 7 ERRORE:  sintassi di input non valida per il tipo uuid: \"2\"
CONTEXT:  parametro portale senza nome $5 = '...' at C:/Ecosystem/NexaTrace_System/backend/vendor/laravel/framework/src/Illuminate/Database/Connection.php:425)
[stacktrace]
#0 C:/Ecosystem/NexaTrace_System/backend/vendor/laravel/framework/src/Illuminate/Database/Connection.php(425): PDOStatement->execute()
#1 C:/Ecosystem/NexaTrace_System/backend/vendor/laravel/framework/src/Illuminate/Database/Connection.php(827): Illuminate/Database/Connection->Illuminate/Database/{closure}('insert into \"pe...', Array)
#2 C:/Ecosystem/NexaTrace_System/backend/vendor/laravel/framework/src/Illuminate/Database/Connection.php(794): Illuminate/Database/Connection->runQueryCallback('insert into \"pe...', Array, Object(Closure))
#3 C:/Ecosystem/NexaTrace_System/backend/vendor/laravel/framework/src/Illuminate/Database/Connection.php(411): Illuminate/Database/Connection->run('insert into \"pe...', Array, Object(Closure))
#4 C:/Ecosystem/NexaTrace_System/backend/vendor/laravel/framework/src/Illuminate/Database/Connection.php(398): Illuminate/Database/Connection->select('insert into \"pe...', Array, false)
#5 C:/Ecosystem/NexaTrace_System/backend/vendor/laravel/framework/src/Illuminate/Database/Query/Processors/PostgresProcessor.php(24): Illuminate/Database/Connection->selectFromWriteConnection('insert into \"pe...', Array)
#6 C:/Ecosystem/NexaTrace_System/backend/vendor/laravel/framework/src/Illuminate/Database/Query/Builder.php(4170): Illuminate/Database/Query/Processors/PostgresProcessor->processInsertGetId(Object(Illuminate/Database/Query/Builder), 'insert into \"pe...', Array, 'id')
#7 C:/Ecosystem/NexaTrace_System/backend/vendor/laravel/framework/src/Illuminate/Database/Eloquent/Builder.php(2237): Illuminate/Database/Query/Builder->insertGetId(Array, 'id')
#8 C:/Ecosystem/NexaTrace_System/backend/vendor/laravel/framework/src/Illuminate/Database/Eloquent/Model.php(1436): Illuminate/Database/Eloquent/Builder->__call('insertGetId', Array)
#9 C:/Ecosystem/NexaTrace_System/backend/vendor/laravel/framework/src/Illuminate/Database/Eloquent/Model.php(1401): Illuminate/Database/Eloquent/Model->insertAndSetId(Object(Illuminate/Database/Eloquent/Builder), Array)
#10 C:/Ecosystem/NexaTrace_System/backend/vendor/laravel/framework/src/Illuminate/Database/Eloquent/Model.php(1240): Illuminate/Database/Eloquent/Model->performInsert(Object(Illuminate/Database/Eloquent/Builder))
#11 C:/Ecosystem/NexaTrace_System/backend/vendor/laravel/framework/src/Illuminate/Database/Eloquent/Relations/HasOneOrMany.php(391): Illuminate/Database/Eloquent/Model->save()
#12 C:/Ecosystem/NexaTrace_System/backend/vendor/laravel/framework/src/Illuminate/Support/helpers.php(393): Illuminate/Database/Eloquent/Relations/HasOneOrMany->Illuminate/Database/Eloquent/Relations/{closure}(Object(Laravel/Sanctum/PersonalAccessToken))
#13 C:/Ecosystem/NexaTrace_System/backend/vendor/laravel/framework/src/Illuminate/Database/Eloquent/Relations/HasOneOrMany.php(388): tap(Object(Laravel/Sanctum/PersonalAccessToken), Object(Closure))
#14 C:/Ecosystem/NexaTrace_System/backend/vendor/laravel/sanctum/src/HasApiTokens.php(64): Illuminate/Database/Eloquent/Relations/HasOneOrMany->create(Array)
#15 C:/Ecosystem/NexaTrace_System/backend/app/Http/Controllers/Auth/AdminAuthController.php(38): App/Models/AdminUser->createToken('admin')
#16 C:/Ecosystem/NexaTrace_System/backend/vendor/laravel/framework/src/Illuminate/Routing/ControllerDispatcher.php(46): App/Http/Controllers/Auth/AdminAuthController->login(Object(Illuminate/Http/Request))
#17 C:/Ecosystem/NexaTrace_System/backend/vendor/laravel/framework/src/Illuminate/Routing/Route.php(265): Illuminate/Routing/ControllerDispatcher->dispatch(Object(Illuminate/Routing/Route), Object(App/Http/Controllers/Auth/AdminAuthController), 'login')
#18 C:/Ecosystem/NexaTrace_System/backend/vendor/laravel/framework/src/Illuminate/Routing/Route.php(211): Illuminate/Routing/Route->runController()
#19 C:/Ecosystem/NexaTrace_System/backend/vendor/laravel/framework/src/Illuminate/Routing/Router.php(822): Illuminate/Routing/Route->run()
#20 C:/Ecosystem/NexaTrace_System/backend/vendor/laravel/framework/src/Illuminate/Pipeline/Pipeline.php(180): Illuminate/Routing/Router->Illuminate/Routing/{closure}(Object(Illuminate/Http/Request))
#21 C:/Ecosystem/NexaTrace_System/backend/vendor/laravel/framework/src/Illuminate/Routing/Middleware/SubstituteBindings.php(50): Illuminate/Pipeline/Pipeline->Illuminate/Pipeline/{closure}(Object(Illuminate/Http/Request))
#22 C:/Ecosystem/NexaTrace_System/backend/vendor/laravel/framework/src/Illuminate/Pipeline/Pipeline.php(219): Illuminate/Routing/Middleware/SubstituteBindings->handle(Object(Illuminate/Http/Request), Object(Closure))
#23 C:/Ecosystem/NexaTrace_System/backend/vendor/laravel/framework/src/Illuminate/Pipeline/Pipeline.php(137): Illuminate/Pipeline/Pipeline->Illuminate/Pipeline/{closure}(Object(Illuminate/Http/Request))
#24 C:/Ecosystem/NexaTrace_System/backend/vendor/laravel/framework/src/Illuminate/Routing/Router.php(821): Illuminate/Pipeline/Pipeline->then(Object(Closure))
#25 C:/Ecosystem/NexaTrace_System/backend/vendor/laravel/framework/src/Illuminate/Routing/Router.php(800): Illuminate/Routing/Router->runRouteWithinStack(Object(Illuminate/Routing/Route), Object(Illuminate/Http/Request))
#26 C:/Ecosystem/NexaTrace_System/backend/vendor/laravel/framework/src/Illuminate/Routing/Router.php(764): Illuminate/Routing/Router->runRoute(Object(Illuminate/Http/Request), Object(Illuminate/Routing/Route))
#27 C:/Ecosystem/NexaTrace_System/backend/vendor/laravel/framework/src/Illuminate/Routing/Router.php(753): Illuminate/Routing/Router->dispatchToRoute(Object(Illuminate/Http/Request))
#28 C:/Ecosystem/NexaTrace_System/backend/vendor/laravel/framework/src/Illuminate/Foundation/Http/Kernel.php(200): Illuminate/Routing/Router->dispatch(Object(Illuminate/Http/Request))
#29 C:/Ecosystem/NexaTrace_System/backend/vendor/laravel/framework/src/Illuminate/Pipeline/Pipeline.php(180): Illuminate/Foundation/Http/Kernel->Illuminate/Foundation/Http/{closure}(Object(Illuminate/Http/Request))
#30 C:/Ecosystem/NexaTrace_System/backend/vendor/laravel/framework/src/Illuminate/Foundation/Http/Middleware/TransformsRequest.php(21): Illuminate/Pipeline/Pipeline->Illuminate/Pipeline/{closure}(Object(Illuminate/Http/Request))
#31 C:/Ecosystem/NexaTrace_System/backend/vendor/laravel/framework/src/Illuminate/Foundation/Http/Middleware/ConvertEmptyStringsToNull.php(31): Illuminate/Foundation/Http/Middleware/TransformsRequest->handle(Object(Illuminate/Http/Request), Object(Closure))
#32 C:/Ecosystem/NexaTrace_System/backend/vendor/laravel/framework/src/Illuminate/Pipeline/Pipeline.php(219): Illuminate/Foundation/Http/Middleware/ConvertEmptyStringsToNull->handle(Object(Illuminate/Http/Request), Object(Closure))
#33 C:/Ecosystem/NexaTrace_System/backend/vendor/laravel/framework/src/Illuminate/Foundation/Http/Middleware/TransformsRequest.php(21): Illuminate/Pipeline/Pipeline->Illuminate/Pipeline/{closure}(Object(Illuminate/Http/Request))
#34 C:/Ecosystem/NexaTrace_System/backend/vendor/laravel/framework/src/Illuminate/Foundation/Http/Middleware/TrimStrings.php(51): Illuminate/Foundation/Http/Middleware/TransformsRequest->handle(Object(Illuminate/Http/Request), Object(Closure))
#35 C:/Ecosystem/NexaTrace_System/backend/vendor/laravel/framework/src/Illuminate/Pipeline/Pipeline.php(219): Illuminate/Foundation/Http/Middleware/TrimStrings->handle(Object(Illuminate/Http/Request), Object(Closure))
#36 C:/Ecosystem/NexaTrace_System/backend/vendor/laravel/framework/src/Illuminate/Http/Middleware/ValidatePostSize.php(27): Illuminate/Pipeline/Pipeline->Illuminate/Pipeline/{closure}(Object(Illuminate/Http/Request))
#37 C:/Ecosystem/NexaTrace_System/backend/vendor/laravel/framework/src/Illuminate/Pipeline/Pipeline.php(219): Illuminate/Http/Middleware/ValidatePostSize->handle(Object(Illuminate/Http/Request), Object(Closure))
#38 C:/Ecosystem/NexaTrace_System/backend/vendor/laravel/framework/src/Illuminate/Foundation/Http/Middleware/PreventRequestsDuringMaintenance.php(109): Illuminate/Pipeline/Pipeline->Illuminate/Pipeline/{closure}(Object(Illuminate/Http/Request))
#39 C:/Ecosystem/NexaTrace_System/backend/vendor/laravel/framework/src/Illuminate/Pipeline/Pipeline.php(219): Illuminate/Foundation/Http/Middleware/PreventRequestsDuringMaintenance->handle(Object(Illuminate/Http/Request), Object(Closure))
#40 C:/Ecosystem/NexaTrace_System/backend/vendor/laravel/framework/src/Illuminate/Http/Middleware/HandleCors.php(74): Illuminate/Pipeline/Pipeline->Illuminate/Pipeline/{closure}(Object(Illuminate/Http/Request))
#41 C:/Ecosystem/NexaTrace_System/backend/vendor/laravel/framework/src/Illuminate/Pipeline/Pipeline.php(219): Illuminate/Http/Middleware/HandleCors->handle(Object(Illuminate/Http/Request), Object(Closure))
#42 C:/Ecosystem/NexaTrace_System/backend/vendor/laravel/framework/src/Illuminate/Http/Middleware/TrustProxies.php(58): Illuminate/Pipeline/Pipeline->Illuminate/Pipeline/{closure}(Object(Illuminate/Http/Request))
#43 C:/Ecosystem/NexaTrace_System/backend/vendor/laravel/framework/src/Illuminate/Pipeline/Pipeline.php(219): Illuminate/Http/Middleware/TrustProxies->handle(Object(Illuminate/Http/Request), Object(Closure))
#44 C:/Ecosystem/NexaTrace_System/backend/vendor/laravel/framework/src/Illuminate/Foundation/Http/Middleware/InvokeDeferredCallbacks.php(22): Illuminate/Pipeline/Pipeline->Illuminate/Pipeline/{closure}(Object(Illuminate/Http/Request))
#45 C:/Ecosystem/NexaTrace_System/backend/vendor/laravel/framework/src/Illuminate/Pipeline/Pipeline.php(219): Illuminate/Foundation/Http/Middleware/InvokeDeferredCallbacks->handle(Object(Illuminate/Http/Request), Object(Closure))
#46 C:/Ecosystem/NexaTrace_System/backend/vendor/laravel/framework/src/Illuminate/Http/Middleware/ValidatePathEncoding.php(26): Illuminate/Pipeline/Pipeline->Illuminate/Pipeline/{closure}(Object(Illuminate/Http/Request))
#47 C:/Ecosystem/NexaTrace_System/backend/vendor/laravel/framework/src/Illuminate/Pipeline/Pipeline.php(219): Illuminate/Http/Middleware/ValidatePathEncoding->handle(Object(Illuminate/Http/Request), Object(Closure))
#48 C:/Ecosystem/NexaTrace_System/backend/vendor/laravel/framework/src/Illuminate/Pipeline/Pipeline.php(137): Illuminate/Pipeline/Pipeline->Illuminate/Pipeline/{closure}(Object(Illuminate/Http/Request))
#49 C:/Ecosystem/NexaTrace_System/backend/vendor/laravel/framework/src/Illuminate/Foundation/Http/Kernel.php(175): Illuminate/Pipeline/Pipeline->then(Object(Closure))
#50 C:/Ecosystem/NexaTrace_System/backend/vendor/laravel/framework/src/Illuminate/Foundation/Http/Kernel.php(144): Illuminate/Foundation/Http/Kernel->sendRequestThroughRouter(Object(Illuminate/Http/Request))
#51 C:/Ecosystem/NexaTrace_System/backend/vendor/laravel/framework/src/Illuminate/Foundation/Application.php(1220): Illuminate/Foundation/Http/Kernel->handle(Object(Illuminate/Http/Request))
#52 C:/Ecosystem/NexaTrace_System/backend/public/index.php(20): Illuminate/Foundation/Application->handleRequest(Object(Illuminate/Http/Request))
#53 C:/Ecosystem/NexaTrace_System/backend/vendor/laravel/framework/src/Illuminate/Foundation/resources/server.php(23): require_once('C://Ecosystem//Ne...')
#54 {main}
"} 
[2026-03-20 14:21:38] local.ERROR: PHP Parse error: Syntax error, unexpected T_NS_SEPARATOR, expecting ';' on line 1 {"exception":"[object] (Psy\\Exception\\ParseErrorException(code: 0): PHP Parse error: Syntax error, unexpected T_NS_SEPARATOR, expecting ';' on line 1 at C:/Ecosystem/NexaTrace_System/backend/vendor/psy/psysh/src/Exception/ParseErrorException.php:44)
[stacktrace]
#0 C:/Ecosystem/NexaTrace_System/backend/vendor/psy/psysh/src/CodeCleaner.php(488): Psy/Exception/ParseErrorException::fromParseError(Object(PhpParser/Error))
#1 C:/Ecosystem/NexaTrace_System/backend/vendor/psy/psysh/src/CodeCleaner.php(269): Psy/CodeCleaner->parse('<?php echo App//...', false)
#2 C:/Ecosystem/NexaTrace_System/backend/vendor/psy/psysh/src/Shell.php(1282): Psy/CodeCleaner->clean(Array, false)
#3 C:/Ecosystem/NexaTrace_System/backend/vendor/psy/psysh/src/Shell.php(1315): Psy/Shell->addCode('echo App////Model...', true)
#4 C:/Ecosystem/NexaTrace_System/backend/vendor/psy/psysh/src/Shell.php(1865): Psy/Shell->setCode('echo App////Model...', true)
#5 C:/Ecosystem/NexaTrace_System/backend/vendor/laravel/tinker/src/Console/TinkerCommand.php(77): Psy/Shell->execute('echo App////Model...')
#6 C:/Ecosystem/NexaTrace_System/backend/vendor/laravel/framework/src/Illuminate/Container/BoundMethod.php(36): Laravel/Tinker/Console/TinkerCommand->handle()
#7 C:/Ecosystem/NexaTrace_System/backend/vendor/laravel/framework/src/Illuminate/Container/Util.php(43): Illuminate/Container/BoundMethod::Illuminate/Container/{closure}()
#8 C:/Ecosystem/NexaTrace_System/backend/vendor/laravel/framework/src/Illuminate/Container/BoundMethod.php(96): Illuminate/Container/Util::unwrapIfClosure(Object(Closure))
#9 C:/Ecosystem/NexaTrace_System/backend/vendor/laravel/framework/src/Illuminate/Container/BoundMethod.php(35): Illuminate/Container/BoundMethod::callBoundMethod(Object(Illuminate/Foundation/Application), Array, Object(Closure))
#10 C:/Ecosystem/NexaTrace_System/backend/vendor/laravel/framework/src/Illuminate/Container/Container.php(799): Illuminate/Container/BoundMethod::call(Object(Illuminate/Foundation/Application), Array, Array, NULL)
#11 C:/Ecosystem/NexaTrace_System/backend/vendor/laravel/framework/src/Illuminate/Console/Command.php(211): Illuminate/Container/Container->call(Array)
#12 C:/Ecosystem/NexaTrace_System/backend/vendor/symfony/console/Command/Command.php(341): Illuminate/Console/Command->execute(Object(Symfony/Component/Console/Input/ArgvInput), Object(Illuminate/Console/OutputStyle))
#13 C:/Ecosystem/NexaTrace_System/backend/vendor/laravel/framework/src/Illuminate/Console/Command.php(180): Symfony/Component/Console/Command/Command->run(Object(Symfony/Component/Console/Input/ArgvInput), Object(Illuminate/Console/OutputStyle))
#14 C:/Ecosystem/NexaTrace_System/backend/vendor/symfony/console/Application.php(1117): Illuminate/Console/Command->run(Object(Symfony/Component/Console/Input/ArgvInput), Object(Symfony/Component/Console/Output/ConsoleOutput))
#15 C:/Ecosystem/NexaTrace_System/backend/vendor/symfony/console/Application.php(356): Symfony/Component/Console/Application->doRunCommand(Object(Laravel/Tinker/Console/TinkerCommand), Object(Symfony/Component/Console/Input/ArgvInput), Object(Symfony/Component/Console/Output/ConsoleOutput))
#16 C:/Ecosystem/NexaTrace_System/backend/vendor/symfony/console/Application.php(195): Symfony/Component/Console/Application->doRun(Object(Symfony/Component/Console/Input/ArgvInput), Object(Symfony/Component/Console/Output/ConsoleOutput))
#17 C:/Ecosystem/NexaTrace_System/backend/vendor/laravel/framework/src/Illuminate/Foundation/Console/Kernel.php(198): Symfony/Component/Console/Application->run(Object(Symfony/Component/Console/Input/ArgvInput), Object(Symfony/Component/Console/Output/ConsoleOutput))
#18 C:/Ecosystem/NexaTrace_System/backend/vendor/laravel/framework/src/Illuminate/Foundation/Application.php(1235): Illuminate/Foundation/Console/Kernel->handle(Object(Symfony/Component/Console/Input/ArgvInput), Object(Symfony/Component/Console/Output/ConsoleOutput))
#19 C:/Ecosystem/NexaTrace_System/backend/artisan(16): Illuminate/Foundation/Application->handleCommand(Object(Symfony/Component/Console/Input/ArgvInput))
#20 {main}
"} 
[2026-03-20 14:23:46] local.ERROR: PHP Parse error: Syntax error, unexpected T_NS_SEPARATOR on line 1 {"exception":"[object] (Psy\\Exception\\ParseErrorException(code: 0): PHP Parse error: Syntax error, unexpected T_NS_SEPARATOR on line 1 at C:/Ecosystem/NexaTrace_System/backend/vendor/psy/psysh/src/Exception/ParseErrorException.php:44)
[stacktrace]
#0 C:/Ecosystem/NexaTrace_System/backend/vendor/psy/psysh/src/CodeCleaner.php(488): Psy/Exception/ParseErrorException::fromParseError(Object(PhpParser/Error))
#1 C:/Ecosystem/NexaTrace_System/backend/vendor/psy/psysh/src/CodeCleaner.php(269): Psy/CodeCleaner->parse('<?php echo ////Ap...', false)
#2 C:/Ecosystem/NexaTrace_System/backend/vendor/psy/psysh/src/Shell.php(1282): Psy/CodeCleaner->clean(Array, false)
#3 C:/Ecosystem/NexaTrace_System/backend/vendor/psy/psysh/src/Shell.php(1315): Psy/Shell->addCode('echo ////App////Mod...', true)
#4 C:/Ecosystem/NexaTrace_System/backend/vendor/psy/psysh/src/Shell.php(1865): Psy/Shell->setCode('echo ////App////Mod...', true)
#5 C:/Ecosystem/NexaTrace_System/backend/vendor/laravel/tinker/src/Console/TinkerCommand.php(77): Psy/Shell->execute('echo ////App////Mod...')
#6 C:/Ecosystem/NexaTrace_System/backend/vendor/laravel/framework/src/Illuminate/Container/BoundMethod.php(36): Laravel/Tinker/Console/TinkerCommand->handle()
#7 C:/Ecosystem/NexaTrace_System/backend/vendor/laravel/framework/src/Illuminate/Container/Util.php(43): Illuminate/Container/BoundMethod::Illuminate/Container/{closure}()
#8 C:/Ecosystem/NexaTrace_System/backend/vendor/laravel/framework/src/Illuminate/Container/BoundMethod.php(96): Illuminate/Container/Util::unwrapIfClosure(Object(Closure))
#9 C:/Ecosystem/NexaTrace_System/backend/vendor/laravel/framework/src/Illuminate/Container/BoundMethod.php(35): Illuminate/Container/BoundMethod::callBoundMethod(Object(Illuminate/Foundation/Application), Array, Object(Closure))
#10 C:/Ecosystem/NexaTrace_System/backend/vendor/laravel/framework/src/Illuminate/Container/Container.php(799): Illuminate/Container/BoundMethod::call(Object(Illuminate/Foundation/Application), Array, Array, NULL)
#11 C:/Ecosystem/NexaTrace_System/backend/vendor/laravel/framework/src/Illuminate/Console/Command.php(211): Illuminate/Container/Container->call(Array)
#12 C:/Ecosystem/NexaTrace_System/backend/vendor/symfony/console/Command/Command.php(341): Illuminate/Console/Command->execute(Object(Symfony/Component/Console/Input/ArgvInput), Object(Illuminate/Console/OutputStyle))
#13 C:/Ecosystem/NexaTrace_System/backend/vendor/laravel/framework/src/Illuminate/Console/Command.php(180): Symfony/Component/Console/Command/Command->run(Object(Symfony/Component/Console/Input/ArgvInput), Object(Illuminate/Console/OutputStyle))
#14 C:/Ecosystem/NexaTrace_System/backend/vendor/symfony/console/Application.php(1117): Illuminate/Console/Command->run(Object(Symfony/Component/Console/Input/ArgvInput), Object(Symfony/Component/Console/Output/ConsoleOutput))
#15 C:/Ecosystem/NexaTrace_System/backend/vendor/symfony/console/Application.php(356): Symfony/Component/Console/Application->doRunCommand(Object(Laravel/Tinker/Console/TinkerCommand), Object(Symfony/Component/Console/Input/ArgvInput), Object(Symfony/Component/Console/Output/ConsoleOutput))
#16 C:/Ecosystem/NexaTrace_System/backend/vendor/symfony/console/Application.php(195): Symfony/Component/Console/Application->doRun(Object(Symfony/Component/Console/Input/ArgvInput), Object(Symfony/Component/Console/Output/ConsoleOutput))
#17 C:/Ecosystem/NexaTrace_System/backend/vendor/laravel/framework/src/Illuminate/Foundation/Console/Kernel.php(198): Symfony/Component/Console/Application->run(Object(Symfony/Component/Console/Input/ArgvInput), Object(Symfony/Component/Console/Output/ConsoleOutput))
#18 C:/Ecosystem/NexaTrace_System/backend/vendor/laravel/framework/src/Illuminate/Foundation/Application.php(1235): Illuminate/Foundation/Console/Kernel->handle(Object(Symfony/Component/Console/Input/ArgvInput), Object(Symfony/Component/Console/Output/ConsoleOutput))
#19 C:/Ecosystem/NexaTrace_System/backend/artisan(16): Illuminate/Foundation/Application->handleCommand(Object(Symfony/Component/Console/Input/ArgvInput))
#20 {main}
"} 
[2026-03-20 14:39:14] local.ERROR: Route [login] not defined. {"exception":"[object] (Symfony\\Component\\Routing\\Exception\\RouteNotFoundException(code: 0): Route [login] not defined. at C:/Ecosystem/NexaTrace_System/backend/vendor/laravel/framework/src/Illuminate/Routing/UrlGenerator.php:528)
[stacktrace]
#0 C:/Ecosystem/NexaTrace_System/backend/vendor/laravel/framework/src/Illuminate/Foundation/helpers.php(870): Illuminate/Routing/UrlGenerator->route('login', Array, true)
#1 C:/Ecosystem/NexaTrace_System/backend/vendor/laravel/framework/src/Illuminate/Foundation/Configuration/ApplicationBuilder.php(278): route('login')
#2 [internal function]: Illuminate/Foundation/Configuration/ApplicationBuilder->Illuminate/Foundation/Configuration/{closure}(Object(Illuminate/Http/Request))
#3 C:/Ecosystem/NexaTrace_System/backend/vendor/laravel/framework/src/Illuminate/Auth/Middleware/Authenticate.php(117): call_user_func(Object(Closure), Object(Illuminate/Http/Request))
#4 C:/Ecosystem/NexaTrace_System/backend/vendor/laravel/framework/src/Illuminate/Auth/Middleware/Authenticate.php(104): Illuminate/Auth/Middleware/Authenticate->redirectTo(Object(Illuminate/Http/Request))
#5 C:/Ecosystem/NexaTrace_System/backend/vendor/laravel/framework/src/Illuminate/Auth/Middleware/Authenticate.php(87): Illuminate/Auth/Middleware/Authenticate->unauthenticated(Object(Illuminate/Http/Request), Array)
#6 C:/Ecosystem/NexaTrace_System/backend/vendor/laravel/framework/src/Illuminate/Auth/Middleware/Authenticate.php(61): Illuminate/Auth/Middleware/Authenticate->authenticate(Object(Illuminate/Http/Request), Array)
#7 C:/Ecosystem/NexaTrace_System/backend/vendor/laravel/framework/src/Illuminate/Pipeline/Pipeline.php(219): Illuminate/Auth/Middleware/Authenticate->handle(Object(Illuminate/Http/Request), Object(Closure), 'sanctum')
#8 C:/Ecosystem/NexaTrace_System/backend/vendor/laravel/framework/src/Illuminate/Pipeline/Pipeline.php(137): Illuminate/Pipeline/Pipeline->Illuminate/Pipeline/{closure}(Object(Illuminate/Http/Request))
#9 C:/Ecosystem/NexaTrace_System/backend/vendor/laravel/framework/src/Illuminate/Routing/Router.php(821): Illuminate/Pipeline/Pipeline->then(Object(Closure))
#10 C:/Ecosystem/NexaTrace_System/backend/vendor/laravel/framework/src/Illuminate/Routing/Router.php(800): Illuminate/Routing/Router->runRouteWithinStack(Object(Illuminate/Routing/Route), Object(Illuminate/Http/Request))
#11 C:/Ecosystem/NexaTrace_System/backend/vendor/laravel/framework/src/Illuminate/Routing/Router.php(764): Illuminate/Routing/Router->runRoute(Object(Illuminate/Http/Request), Object(Illuminate/Routing/Route))
#12 C:/Ecosystem/NexaTrace_System/backend/vendor/laravel/framework/src/Illuminate/Routing/Router.php(753): Illuminate/Routing/Router->dispatchToRoute(Object(Illuminate/Http/Request))
#13 C:/Ecosystem/NexaTrace_System/backend/vendor/laravel/framework/src/Illuminate/Foundation/Http/Kernel.php(200): Illuminate/Routing/Router->dispatch(Object(Illuminate/Http/Request))
#14 C:/Ecosystem/NexaTrace_System/backend/vendor/laravel/framework/src/Illuminate/Pipeline/Pipeline.php(180): Illuminate/Foundation/Http/Kernel->Illuminate/Foundation/Http/{closure}(Object(Illuminate/Http/Request))
#15 C:/Ecosystem/NexaTrace_System/backend/vendor/laravel/framework/src/Illuminate/Foundation/Http/Middleware/TransformsRequest.php(21): Illuminate/Pipeline/Pipeline->Illuminate/Pipeline/{closure}(Object(Illuminate/Http/Request))
#16 C:/Ecosystem/NexaTrace_System/backend/vendor/laravel/framework/src/Illuminate/Foundation/Http/Middleware/ConvertEmptyStringsToNull.php(31): Illuminate/Foundation/Http/Middleware/TransformsRequest->handle(Object(Illuminate/Http/Request), Object(Closure))
#17 C:/Ecosystem/NexaTrace_System/backend/vendor/laravel/framework/src/Illuminate/Pipeline/Pipeline.php(219): Illuminate/Foundation/Http/Middleware/ConvertEmptyStringsToNull->handle(Object(Illuminate/Http/Request), Object(Closure))
#18 C:/Ecosystem/NexaTrace_System/backend/vendor/laravel/framework/src/Illuminate/Foundation/Http/Middleware/TransformsRequest.php(21): Illuminate/Pipeline/Pipeline->Illuminate/Pipeline/{closure}(Object(Illuminate/Http/Request))
#19 C:/Ecosystem/NexaTrace_System/backend/vendor/laravel/framework/src/Illuminate/Foundation/Http/Middleware/TrimStrings.php(51): Illuminate/Foundation/Http/Middleware/TransformsRequest->handle(Object(Illuminate/Http/Request), Object(Closure))
#20 C:/Ecosystem/NexaTrace_System/backend/vendor/laravel/framework/src/Illuminate/Pipeline/Pipeline.php(219): Illuminate/Foundation/Http/Middleware/TrimStrings->handle(Object(Illuminate/Http/Request), Object(Closure))
#21 C:/Ecosystem/NexaTrace_System/backend/vendor/laravel/framework/src/Illuminate/Http/Middleware/ValidatePostSize.php(27): Illuminate/Pipeline/Pipeline->Illuminate/Pipeline/{closure}(Object(Illuminate/Http/Request))
#22 C:/Ecosystem/NexaTrace_System/backend/vendor/laravel/framework/src/Illuminate/Pipeline/Pipeline.php(219): Illuminate/Http/Middleware/ValidatePostSize->handle(Object(Illuminate/Http/Request), Object(Closure))
#23 C:/Ecosystem/NexaTrace_System/backend/vendor/laravel/framework/src/Illuminate/Foundation/Http/Middleware/PreventRequestsDuringMaintenance.php(109): Illuminate/Pipeline/Pipeline->Illuminate/Pipeline/{closure}(Object(Illuminate/Http/Request))
#24 C:/Ecosystem/NexaTrace_System/backend/vendor/laravel/framework/src/Illuminate/Pipeline/Pipeline.php(219): Illuminate/Foundation/Http/Middleware/PreventRequestsDuringMaintenance->handle(Object(Illuminate/Http/Request), Object(Closure))
#25 C:/Ecosystem/NexaTrace_System/backend/vendor/laravel/framework/src/Illuminate/Http/Middleware/HandleCors.php(74): Illuminate/Pipeline/Pipeline->Illuminate/Pipeline/{closure}(Object(Illuminate/Http/Request))
#26 C:/Ecosystem/NexaTrace_System/backend/vendor/laravel/framework/src/Illuminate/Pipeline/Pipeline.php(219): Illuminate/Http/Middleware/HandleCors->handle(Object(Illuminate/Http/Request), Object(Closure))
#27 C:/Ecosystem/NexaTrace_System/backend/vendor/laravel/framework/src/Illuminate/Http/Middleware/TrustProxies.php(58): Illuminate/Pipeline/Pipeline->Illuminate/Pipeline/{closure}(Object(Illuminate/Http/Request))
#28 C:/Ecosystem/NexaTrace_System/backend/vendor/laravel/framework/src/Illuminate/Pipeline/Pipeline.php(219): Illuminate/Http/Middleware/TrustProxies->handle(Object(Illuminate/Http/Request), Object(Closure))
#29 C:/Ecosystem/NexaTrace_System/backend/vendor/laravel/framework/src/Illuminate/Foundation/Http/Middleware/InvokeDeferredCallbacks.php(22): Illuminate/Pipeline/Pipeline->Illuminate/Pipeline/{closure}(Object(Illuminate/Http/Request))
#30 C:/Ecosystem/NexaTrace_System/backend/vendor/laravel/framework/src/Illuminate/Pipeline/Pipeline.php(219): Illuminate/Foundation/Http/Middleware/InvokeDeferredCallbacks->handle(Object(Illuminate/Http/Request), Object(Closure))
#31 C:/Ecosystem/NexaTrace_System/backend/vendor/laravel/framework/src/Illuminate/Http/Middleware/ValidatePathEncoding.php(26): Illuminate/Pipeline/Pipeline->Illuminate/Pipeline/{closure}(Object(Illuminate/Http/Request))
#32 C:/Ecosystem/NexaTrace_System/backend/vendor/laravel/framework/src/Illuminate/Pipeline/Pipeline.php(219): Illuminate/Http/Middleware/ValidatePathEncoding->handle(Object(Illuminate/Http/Request), Object(Closure))
#33 C:/Ecosystem/NexaTrace_System/backend/vendor/laravel/framework/src/Illuminate/Pipeline/Pipeline.php(137): Illuminate/Pipeline/Pipeline->Illuminate/Pipeline/{closure}(Object(Illuminate/Http/Request))
#34 C:/Ecosystem/NexaTrace_System/backend/vendor/laravel/framework/src/Illuminate/Foundation/Http/Kernel.php(175): Illuminate/Pipeline/Pipeline->then(Object(Closure))
#35 C:/Ecosystem/NexaTrace_System/backend/vendor/laravel/framework/src/Illuminate/Foundation/Http/Kernel.php(144): Illuminate/Foundation/Http/Kernel->sendRequestThroughRouter(Object(Illuminate/Http/Request))
#36 C:/Ecosystem/NexaTrace_System/backend/vendor/laravel/framework/src/Illuminate/Foundation/Application.php(1220): Illuminate/Foundation/Http/Kernel->handle(Object(Illuminate/Http/Request))
#37 C:/Ecosystem/NexaTrace_System/backend/public/index.php(20): Illuminate/Foundation/Application->handleRequest(Object(Illuminate/Http/Request))
#38 C:/Ecosystem/NexaTrace_System/backend/vendor/laravel/framework/src/Illuminate/Foundation/resources/server.php(23): require_once('C://Ecosystem//Ne...')
#39 {main}
"} 
[2026-03-20 14:41:43] local.ERROR: Route [login] not defined. {"exception":"[object] (Symfony\\Component\\Routing\\Exception\\RouteNotFoundException(code: 0): Route [login] not defined. at C:/Ecosystem/NexaTrace_System/backend/vendor/laravel/framework/src/Illuminate/Routing/UrlGenerator.php:528)
[stacktrace]
#0 C:/Ecosystem/NexaTrace_System/backend/vendor/laravel/framework/src/Illuminate/Foundation/helpers.php(870): Illuminate/Routing/UrlGenerator->route('login', Array, true)
#1 C:/Ecosystem/NexaTrace_System/backend/vendor/laravel/framework/src/Illuminate/Foundation/Configuration/ApplicationBuilder.php(278): route('login')
#2 [internal function]: Illuminate/Foundation/Configuration/ApplicationBuilder->Illuminate/Foundation/Configuration/{closure}(Object(Illuminate/Http/Request))
#3 C:/Ecosystem/NexaTrace_System/backend/vendor/laravel/framework/src/Illuminate/Auth/Middleware/Authenticate.php(117): call_user_func(Object(Closure), Object(Illuminate/Http/Request))
#4 C:/Ecosystem/NexaTrace_System/backend/vendor/laravel/framework/src/Illuminate/Auth/Middleware/Authenticate.php(104): Illuminate/Auth/Middleware/Authenticate->redirectTo(Object(Illuminate/Http/Request))
#5 C:/Ecosystem/NexaTrace_System/backend/vendor/laravel/framework/src/Illuminate/Auth/Middleware/Authenticate.php(87): Illuminate/Auth/Middleware/Authenticate->unauthenticated(Object(Illuminate/Http/Request), Array)
#6 C:/Ecosystem/NexaTrace_System/backend/vendor/laravel/framework/src/Illuminate/Auth/Middleware/Authenticate.php(61): Illuminate/Auth/Middleware/Authenticate->authenticate(Object(Illuminate/Http/Request), Array)
#7 C:/Ecosystem/NexaTrace_System/backend/vendor/laravel/framework/src/Illuminate/Pipeline/Pipeline.php(219): Illuminate/Auth/Middleware/Authenticate->handle(Object(Illuminate/Http/Request), Object(Closure), 'sanctum')
#8 C:/Ecosystem/NexaTrace_System/backend/vendor/laravel/framework/src/Illuminate/Pipeline/Pipeline.php(137): Illuminate/Pipeline/Pipeline->Illuminate/Pipeline/{closure}(Object(Illuminate/Http/Request))
#9 C:/Ecosystem/NexaTrace_System/backend/vendor/laravel/framework/src/Illuminate/Routing/Router.php(821): Illuminate/Pipeline/Pipeline->then(Object(Closure))
#10 C:/Ecosystem/NexaTrace_System/backend/vendor/laravel/framework/src/Illuminate/Routing/Router.php(800): Illuminate/Routing/Router->runRouteWithinStack(Object(Illuminate/Routing/Route), Object(Illuminate/Http/Request))
#11 C:/Ecosystem/NexaTrace_System/backend/vendor/laravel/framework/src/Illuminate/Routing/Router.php(764): Illuminate/Routing/Router->runRoute(Object(Illuminate/Http/Request), Object(Illuminate/Routing/Route))
#12 C:/Ecosystem/NexaTrace_System/backend/vendor/laravel/framework/src/Illuminate/Routing/Router.php(753): Illuminate/Routing/Router->dispatchToRoute(Object(Illuminate/Http/Request))
#13 C:/Ecosystem/NexaTrace_System/backend/vendor/laravel/framework/src/Illuminate/Foundation/Http/Kernel.php(200): Illuminate/Routing/Router->dispatch(Object(Illuminate/Http/Request))
#14 C:/Ecosystem/NexaTrace_System/backend/vendor/laravel/framework/src/Illuminate/Pipeline/Pipeline.php(180): Illuminate/Foundation/Http/Kernel->Illuminate/Foundation/Http/{closure}(Object(Illuminate/Http/Request))
#15 C:/Ecosystem/NexaTrace_System/backend/vendor/laravel/framework/src/Illuminate/Foundation/Http/Middleware/TransformsRequest.php(21): Illuminate/Pipeline/Pipeline->Illuminate/Pipeline/{closure}(Object(Illuminate/Http/Request))
#16 C:/Ecosystem/NexaTrace_System/backend/vendor/laravel/framework/src/Illuminate/Foundation/Http/Middleware/ConvertEmptyStringsToNull.php(31): Illuminate/Foundation/Http/Middleware/TransformsRequest->handle(Object(Illuminate/Http/Request), Object(Closure))
#17 C:/Ecosystem/NexaTrace_System/backend/vendor/laravel/framework/src/Illuminate/Pipeline/Pipeline.php(219): Illuminate/Foundation/Http/Middleware/ConvertEmptyStringsToNull->handle(Object(Illuminate/Http/Request), Object(Closure))
#18 C:/Ecosystem/NexaTrace_System/backend/vendor/laravel/framework/src/Illuminate/Foundation/Http/Middleware/TransformsRequest.php(21): Illuminate/Pipeline/Pipeline->Illuminate/Pipeline/{closure}(Object(Illuminate/Http/Request))
#19 C:/Ecosystem/NexaTrace_System/backend/vendor/laravel/framework/src/Illuminate/Foundation/Http/Middleware/TrimStrings.php(51): Illuminate/Foundation/Http/Middleware/TransformsRequest->handle(Object(Illuminate/Http/Request), Object(Closure))
#20 C:/Ecosystem/NexaTrace_System/backend/vendor/laravel/framework/src/Illuminate/Pipeline/Pipeline.php(219): Illuminate/Foundation/Http/Middleware/TrimStrings->handle(Object(Illuminate/Http/Request), Object(Closure))
#21 C:/Ecosystem/NexaTrace_System/backend/vendor/laravel/framework/src/Illuminate/Http/Middleware/ValidatePostSize.php(27): Illuminate/Pipeline/Pipeline->Illuminate/Pipeline/{closure}(Object(Illuminate/Http/Request))
#22 C:/Ecosystem/NexaTrace_System/backend/vendor/laravel/framework/src/Illuminate/Pipeline/Pipeline.php(219): Illuminate/Http/Middleware/ValidatePostSize->handle(Object(Illuminate/Http/Request), Object(Closure))
#23 C:/Ecosystem/NexaTrace_System/backend/vendor/laravel/framework/src/Illuminate/Foundation/Http/Middleware/PreventRequestsDuringMaintenance.php(109): Illuminate/Pipeline/Pipeline->Illuminate/Pipeline/{closure}(Object(Illuminate/Http/Request))
#24 C:/Ecosystem/NexaTrace_System/backend/vendor/laravel/framework/src/Illuminate/Pipeline/Pipeline.php(219): Illuminate/Foundation/Http/Middleware/PreventRequestsDuringMaintenance->handle(Object(Illuminate/Http/Request), Object(Closure))
#25 C:/Ecosystem/NexaTrace_System/backend/vendor/laravel/framework/src/Illuminate/Http/Middleware/HandleCors.php(74): Illuminate/Pipeline/Pipeline->Illuminate/Pipeline/{closure}(Object(Illuminate/Http/Request))
#26 C:/Ecosystem/NexaTrace_System/backend/vendor/laravel/framework/src/Illuminate/Pipeline/Pipeline.php(219): Illuminate/Http/Middleware/HandleCors->handle(Object(Illuminate/Http/Request), Object(Closure))
#27 C:/Ecosystem/NexaTrace_System/backend/vendor/laravel/framework/src/Illuminate/Http/Middleware/TrustProxies.php(58): Illuminate/Pipeline/Pipeline->Illuminate/Pipeline/{closure}(Object(Illuminate/Http/Request))
#28 C:/Ecosystem/NexaTrace_System/backend/vendor/laravel/framework/src/Illuminate/Pipeline/Pipeline.php(219): Illuminate/Http/Middleware/TrustProxies->handle(Object(Illuminate/Http/Request), Object(Closure))
#29 C:/Ecosystem/NexaTrace_System/backend/vendor/laravel/framework/src/Illuminate/Foundation/Http/Middleware/InvokeDeferredCallbacks.php(22): Illuminate/Pipeline/Pipeline->Illuminate/Pipeline/{closure}(Object(Illuminate/Http/Request))
#30 C:/Ecosystem/NexaTrace_System/backend/vendor/laravel/framework/src/Illuminate/Pipeline/Pipeline.php(219): Illuminate/Foundation/Http/Middleware/InvokeDeferredCallbacks->handle(Object(Illuminate/Http/Request), Object(Closure))
#31 C:/Ecosystem/NexaTrace_System/backend/vendor/laravel/framework/src/Illuminate/Http/Middleware/ValidatePathEncoding.php(26): Illuminate/Pipeline/Pipeline->Illuminate/Pipeline/{closure}(Object(Illuminate/Http/Request))
#32 C:/Ecosystem/NexaTrace_System/backend/vendor/laravel/framework/src/Illuminate/Pipeline/Pipeline.php(219): Illuminate/Http/Middleware/ValidatePathEncoding->handle(Object(Illuminate/Http/Request), Object(Closure))
#33 C:/Ecosystem/NexaTrace_System/backend/vendor/laravel/framework/src/Illuminate/Pipeline/Pipeline.php(137): Illuminate/Pipeline/Pipeline->Illuminate/Pipeline/{closure}(Object(Illuminate/Http/Request))
#34 C:/Ecosystem/NexaTrace_System/backend/vendor/laravel/framework/src/Illuminate/Foundation/Http/Kernel.php(175): Illuminate/Pipeline/Pipeline->then(Object(Closure))
#35 C:/Ecosystem/NexaTrace_System/backend/vendor/laravel/framework/src/Illuminate/Foundation/Http/Kernel.php(144): Illuminate/Foundation/Http/Kernel->sendRequestThroughRouter(Object(Illuminate/Http/Request))
#36 C:/Ecosystem/NexaTrace_System/backend/vendor/laravel/framework/src/Illuminate/Foundation/Application.php(1220): Illuminate/Foundation/Http/Kernel->handle(Object(Illuminate/Http/Request))
#37 C:/Ecosystem/NexaTrace_System/backend/public/index.php(20): Illuminate/Foundation/Application->handleRequest(Object(Illuminate/Http/Request))
#38 C:/Ecosystem/NexaTrace_System/backend/vendor/laravel/framework/src/Illuminate/Foundation/resources/server.php(23): require_once('C://Ecosystem//Ne...')
#39 {main}
"} 
[2026-03-20 14:45:17] local.ERROR: Route [login] not defined. {"exception":"[object] (Symfony\\Component\\Routing\\Exception\\RouteNotFoundException(code: 0): Route [login] not defined. at C:/Ecosystem/NexaTrace_System/backend/vendor/laravel/framework/src/Illuminate/Routing/UrlGenerator.php:528)
[stacktrace]
#0 C:/Ecosystem/NexaTrace_System/backend/vendor/laravel/framework/src/Illuminate/Foundation/helpers.php(870): Illuminate/Routing/UrlGenerator->route('login', Array, true)
#1 C:/Ecosystem/NexaTrace_System/backend/vendor/laravel/framework/src/Illuminate/Foundation/Configuration/ApplicationBuilder.php(278): route('login')
#2 [internal function]: Illuminate/Foundation/Configuration/ApplicationBuilder->Illuminate/Foundation/Configuration/{closure}(Object(Illuminate/Http/Request))
#3 C:/Ecosystem/NexaTrace_System/backend/vendor/laravel/framework/src/Illuminate/Auth/Middleware/Authenticate.php(117): call_user_func(Object(Closure), Object(Illuminate/Http/Request))
#4 C:/Ecosystem/NexaTrace_System/backend/vendor/laravel/framework/src/Illuminate/Auth/Middleware/Authenticate.php(104): Illuminate/Auth/Middleware/Authenticate->redirectTo(Object(Illuminate/Http/Request))
#5 C:/Ecosystem/NexaTrace_System/backend/vendor/laravel/framework/src/Illuminate/Auth/Middleware/Authenticate.php(87): Illuminate/Auth/Middleware/Authenticate->unauthenticated(Object(Illuminate/Http/Request), Array)
#6 C:/Ecosystem/NexaTrace_System/backend/vendor/laravel/framework/src/Illuminate/Auth/Middleware/Authenticate.php(61): Illuminate/Auth/Middleware/Authenticate->authenticate(Object(Illuminate/Http/Request), Array)
#7 C:/Ecosystem/NexaTrace_System/backend/vendor/laravel/framework/src/Illuminate/Pipeline/Pipeline.php(219): Illuminate/Auth/Middleware/Authenticate->handle(Object(Illuminate/Http/Request), Object(Closure), 'sanctum')
#8 C:/Ecosystem/NexaTrace_System/backend/vendor/laravel/framework/src/Illuminate/Pipeline/Pipeline.php(137): Illuminate/Pipeline/Pipeline->Illuminate/Pipeline/{closure}(Object(Illuminate/Http/Request))
#9 C:/Ecosystem/NexaTrace_System/backend/vendor/laravel/framework/src/Illuminate/Routing/Router.php(821): Illuminate/Pipeline/Pipeline->then(Object(Closure))
#10 C:/Ecosystem/NexaTrace_System/backend/vendor/laravel/framework/src/Illuminate/Routing/Router.php(800): Illuminate/Routing/Router->runRouteWithinStack(Object(Illuminate/Routing/Route), Object(Illuminate/Http/Request))
#11 C:/Ecosystem/NexaTrace_System/backend/vendor/laravel/framework/src/Illuminate/Routing/Router.php(764): Illuminate/Routing/Router->runRoute(Object(Illuminate/Http/Request), Object(Illuminate/Routing/Route))
#12 C:/Ecosystem/NexaTrace_System/backend/vendor/laravel/framework/src/Illuminate/Routing/Router.php(753): Illuminate/Routing/Router->dispatchToRoute(Object(Illuminate/Http/Request))
#13 C:/Ecosystem/NexaTrace_System/backend/vendor/laravel/framework/src/Illuminate/Foundation/Http/Kernel.php(200): Illuminate/Routing/Router->dispatch(Object(Illuminate/Http/Request))
#14 C:/Ecosystem/NexaTrace_System/backend/vendor/laravel/framework/src/Illuminate/Pipeline/Pipeline.php(180): Illuminate/Foundation/Http/Kernel->Illuminate/Foundation/Http/{closure}(Object(Illuminate/Http/Request))
#15 C:/Ecosystem/NexaTrace_System/backend/vendor/laravel/framework/src/Illuminate/Foundation/Http/Middleware/TransformsRequest.php(21): Illuminate/Pipeline/Pipeline->Illuminate/Pipeline/{closure}(Object(Illuminate/Http/Request))
#16 C:/Ecosystem/NexaTrace_System/backend/vendor/laravel/framework/src/Illuminate/Foundation/Http/Middleware/ConvertEmptyStringsToNull.php(31): Illuminate/Foundation/Http/Middleware/TransformsRequest->handle(Object(Illuminate/Http/Request), Object(Closure))
#17 C:/Ecosystem/NexaTrace_System/backend/vendor/laravel/framework/src/Illuminate/Pipeline/Pipeline.php(219): Illuminate/Foundation/Http/Middleware/ConvertEmptyStringsToNull->handle(Object(Illuminate/Http/Request), Object(Closure))
#18 C:/Ecosystem/NexaTrace_System/backend/vendor/laravel/framework/src/Illuminate/Foundation/Http/Middleware/TransformsRequest.php(21): Illuminate/Pipeline/Pipeline->Illuminate/Pipeline/{closure}(Object(Illuminate/Http/Request))
#19 C:/Ecosystem/NexaTrace_System/backend/vendor/laravel/framework/src/Illuminate/Foundation/Http/Middleware/TrimStrings.php(51): Illuminate/Foundation/Http/Middleware/TransformsRequest->handle(Object(Illuminate/Http/Request), Object(Closure))
#20 C:/Ecosystem/NexaTrace_System/backend/vendor/laravel/framework/src/Illuminate/Pipeline/Pipeline.php(219): Illuminate/Foundation/Http/Middleware/TrimStrings->handle(Object(Illuminate/Http/Request), Object(Closure))
#21 C:/Ecosystem/NexaTrace_System/backend/vendor/laravel/framework/src/Illuminate/Http/Middleware/ValidatePostSize.php(27): Illuminate/Pipeline/Pipeline->Illuminate/Pipeline/{closure}(Object(Illuminate/Http/Request))
#22 C:/Ecosystem/NexaTrace_System/backend/vendor/laravel/framework/src/Illuminate/Pipeline/Pipeline.php(219): Illuminate/Http/Middleware/ValidatePostSize->handle(Object(Illuminate/Http/Request), Object(Closure))
#23 C:/Ecosystem/NexaTrace_System/backend/vendor/laravel/framework/src/Illuminate/Foundation/Http/Middleware/PreventRequestsDuringMaintenance.php(109): Illuminate/Pipeline/Pipeline->Illuminate/Pipeline/{closure}(Object(Illuminate/Http/Request))
#24 C:/Ecosystem/NexaTrace_System/backend/vendor/laravel/framework/src/Illuminate/Pipeline/Pipeline.php(219): Illuminate/Foundation/Http/Middleware/PreventRequestsDuringMaintenance->handle(Object(Illuminate/Http/Request), Object(Closure))
#25 C:/Ecosystem/NexaTrace_System/backend/vendor/laravel/framework/src/Illuminate/Http/Middleware/HandleCors.php(74): Illuminate/Pipeline/Pipeline->Illuminate/Pipeline/{closure}(Object(Illuminate/Http/Request))
#26 C:/Ecosystem/NexaTrace_System/backend/vendor/laravel/framework/src/Illuminate/Pipeline/Pipeline.php(219): Illuminate/Http/Middleware/HandleCors->handle(Object(Illuminate/Http/Request), Object(Closure))
#27 C:/Ecosystem/NexaTrace_System/backend/vendor/laravel/framework/src/Illuminate/Http/Middleware/TrustProxies.php(58): Illuminate/Pipeline/Pipeline->Illuminate/Pipeline/{closure}(Object(Illuminate/Http/Request))
#28 C:/Ecosystem/NexaTrace_System/backend/vendor/laravel/framework/src/Illuminate/Pipeline/Pipeline.php(219): Illuminate/Http/Middleware/TrustProxies->handle(Object(Illuminate/Http/Request), Object(Closure))
#29 C:/Ecosystem/NexaTrace_System/backend/vendor/laravel/framework/src/Illuminate/Foundation/Http/Middleware/InvokeDeferredCallbacks.php(22): Illuminate/Pipeline/Pipeline->Illuminate/Pipeline/{closure}(Object(Illuminate/Http/Request))
#30 C:/Ecosystem/NexaTrace_System/backend/vendor/laravel/framework/src/Illuminate/Pipeline/Pipeline.php(219): Illuminate/Foundation/Http/Middleware/InvokeDeferredCallbacks->handle(Object(Illuminate/Http/Request), Object(Closure))
#31 C:/Ecosystem/NexaTrace_System/backend/vendor/laravel/framework/src/Illuminate/Http/Middleware/ValidatePathEncoding.php(26): Illuminate/Pipeline/Pipeline->Illuminate/Pipeline/{closure}(Object(Illuminate/Http/Request))
#32 C:/Ecosystem/NexaTrace_System/backend/vendor/laravel/framework/src/Illuminate/Pipeline/Pipeline.php(219): Illuminate/Http/Middleware/ValidatePathEncoding->handle(Object(Illuminate/Http/Request), Object(Closure))
#33 C:/Ecosystem/NexaTrace_System/backend/vendor/laravel/framework/src/Illuminate/Pipeline/Pipeline.php(137): Illuminate/Pipeline/Pipeline->Illuminate/Pipeline/{closure}(Object(Illuminate/Http/Request))
#34 C:/Ecosystem/NexaTrace_System/backend/vendor/laravel/framework/src/Illuminate/Foundation/Http/Kernel.php(175): Illuminate/Pipeline/Pipeline->then(Object(Closure))
#35 C:/Ecosystem/NexaTrace_System/backend/vendor/laravel/framework/src/Illuminate/Foundation/Http/Kernel.php(144): Illuminate/Foundation/Http/Kernel->sendRequestThroughRouter(Object(Illuminate/Http/Request))
#36 C:/Ecosystem/NexaTrace_System/backend/vendor/laravel/framework/src/Illuminate/Foundation/Application.php(1220): Illuminate/Foundation/Http/Kernel->handle(Object(Illuminate/Http/Request))
#37 C:/Ecosystem/NexaTrace_System/backend/public/index.php(20): Illuminate/Foundation/Application->handleRequest(Object(Illuminate/Http/Request))
#38 C:/Ecosystem/NexaTrace_System/backend/vendor/laravel/framework/src/Illuminate/Foundation/resources/server.php(23): require_once('C://Ecosystem//Ne...')
#39 {main}
"} 
[2026-03-20 14:51:54] local.ERROR: Route [login] not defined. {"exception":"[object] (Symfony\\Component\\Routing\\Exception\\RouteNotFoundException(code: 0): Route [login] not defined. at C:/Ecosystem/NexaTrace_System/backend/vendor/laravel/framework/src/Illuminate/Routing/UrlGenerator.php:528)
[stacktrace]
#0 C:/Ecosystem/NexaTrace_System/backend/vendor/laravel/framework/src/Illuminate/Foundation/helpers.php(870): Illuminate/Routing/UrlGenerator->route('login', Array, true)
#1 C:/Ecosystem/NexaTrace_System/backend/vendor/laravel/framework/src/Illuminate/Foundation/Configuration/ApplicationBuilder.php(278): route('login')
#2 [internal function]: Illuminate/Foundation/Configuration/ApplicationBuilder->Illuminate/Foundation/Configuration/{closure}(Object(Illuminate/Http/Request))
#3 C:/Ecosystem/NexaTrace_System/backend/vendor/laravel/framework/src/Illuminate/Auth/Middleware/Authenticate.php(117): call_user_func(Object(Closure), Object(Illuminate/Http/Request))
#4 C:/Ecosystem/NexaTrace_System/backend/vendor/laravel/framework/src/Illuminate/Auth/Middleware/Authenticate.php(104): Illuminate/Auth/Middleware/Authenticate->redirectTo(Object(Illuminate/Http/Request))
#5 C:/Ecosystem/NexaTrace_System/backend/vendor/laravel/framework/src/Illuminate/Auth/Middleware/Authenticate.php(87): Illuminate/Auth/Middleware/Authenticate->unauthenticated(Object(Illuminate/Http/Request), Array)
#6 C:/Ecosystem/NexaTrace_System/backend/vendor/laravel/framework/src/Illuminate/Auth/Middleware/Authenticate.php(61): Illuminate/Auth/Middleware/Authenticate->authenticate(Object(Illuminate/Http/Request), Array)
#7 C:/Ecosystem/NexaTrace_System/backend/vendor/laravel/framework/src/Illuminate/Pipeline/Pipeline.php(219): Illuminate/Auth/Middleware/Authenticate->handle(Object(Illuminate/Http/Request), Object(Closure), 'sanctum')
#8 C:/Ecosystem/NexaTrace_System/backend/vendor/laravel/framework/src/Illuminate/Pipeline/Pipeline.php(137): Illuminate/Pipeline/Pipeline->Illuminate/Pipeline/{closure}(Object(Illuminate/Http/Request))
#9 C:/Ecosystem/NexaTrace_System/backend/vendor/laravel/framework/src/Illuminate/Routing/Router.php(821): Illuminate/Pipeline/Pipeline->then(Object(Closure))
#10 C:/Ecosystem/NexaTrace_System/backend/vendor/laravel/framework/src/Illuminate/Routing/Router.php(800): Illuminate/Routing/Router->runRouteWithinStack(Object(Illuminate/Routing/Route), Object(Illuminate/Http/Request))
#11 C:/Ecosystem/NexaTrace_System/backend/vendor/laravel/framework/src/Illuminate/Routing/Router.php(764): Illuminate/Routing/Router->runRoute(Object(Illuminate/Http/Request), Object(Illuminate/Routing/Route))
#12 C:/Ecosystem/NexaTrace_System/backend/vendor/laravel/framework/src/Illuminate/Routing/Router.php(753): Illuminate/Routing/Router->dispatchToRoute(Object(Illuminate/Http/Request))
#13 C:/Ecosystem/NexaTrace_System/backend/vendor/laravel/framework/src/Illuminate/Foundation/Http/Kernel.php(200): Illuminate/Routing/Router->dispatch(Object(Illuminate/Http/Request))
#14 C:/Ecosystem/NexaTrace_System/backend/vendor/laravel/framework/src/Illuminate/Pipeline/Pipeline.php(180): Illuminate/Foundation/Http/Kernel->Illuminate/Foundation/Http/{closure}(Object(Illuminate/Http/Request))
#15 C:/Ecosystem/NexaTrace_System/backend/vendor/laravel/framework/src/Illuminate/Foundation/Http/Middleware/TransformsRequest.php(21): Illuminate/Pipeline/Pipeline->Illuminate/Pipeline/{closure}(Object(Illuminate/Http/Request))
#16 C:/Ecosystem/NexaTrace_System/backend/vendor/laravel/framework/src/Illuminate/Foundation/Http/Middleware/ConvertEmptyStringsToNull.php(31): Illuminate/Foundation/Http/Middleware/TransformsRequest->handle(Object(Illuminate/Http/Request), Object(Closure))
#17 C:/Ecosystem/NexaTrace_System/backend/vendor/laravel/framework/src/Illuminate/Pipeline/Pipeline.php(219): Illuminate/Foundation/Http/Middleware/ConvertEmptyStringsToNull->handle(Object(Illuminate/Http/Request), Object(Closure))
#18 C:/Ecosystem/NexaTrace_System/backend/vendor/laravel/framework/src/Illuminate/Foundation/Http/Middleware/TransformsRequest.php(21): Illuminate/Pipeline/Pipeline->Illuminate/Pipeline/{closure}(Object(Illuminate/Http/Request))
#19 C:/Ecosystem/NexaTrace_System/backend/vendor/laravel/framework/src/Illuminate/Foundation/Http/Middleware/TrimStrings.php(51): Illuminate/Foundation/Http/Middleware/TransformsRequest->handle(Object(Illuminate/Http/Request), Object(Closure))
#20 C:/Ecosystem/NexaTrace_System/backend/vendor/laravel/framework/src/Illuminate/Pipeline/Pipeline.php(219): Illuminate/Foundation/Http/Middleware/TrimStrings->handle(Object(Illuminate/Http/Request), Object(Closure))
#21 C:/Ecosystem/NexaTrace_System/backend/vendor/laravel/framework/src/Illuminate/Http/Middleware/ValidatePostSize.php(27): Illuminate/Pipeline/Pipeline->Illuminate/Pipeline/{closure}(Object(Illuminate/Http/Request))
#22 C:/Ecosystem/NexaTrace_System/backend/vendor/laravel/framework/src/Illuminate/Pipeline/Pipeline.php(219): Illuminate/Http/Middleware/ValidatePostSize->handle(Object(Illuminate/Http/Request), Object(Closure))
#23 C:/Ecosystem/NexaTrace_System/backend/vendor/laravel/framework/src/Illuminate/Foundation/Http/Middleware/PreventRequestsDuringMaintenance.php(109): Illuminate/Pipeline/Pipeline->Illuminate/Pipeline/{closure}(Object(Illuminate/Http/Request))
#24 C:/Ecosystem/NexaTrace_System/backend/vendor/laravel/framework/src/Illuminate/Pipeline/Pipeline.php(219): Illuminate/Foundation/Http/Middleware/PreventRequestsDuringMaintenance->handle(Object(Illuminate/Http/Request), Object(Closure))
#25 C:/Ecosystem/NexaTrace_System/backend/vendor/laravel/framework/src/Illuminate/Http/Middleware/HandleCors.php(74): Illuminate/Pipeline/Pipeline->Illuminate/Pipeline/{closure}(Object(Illuminate/Http/Request))
#26 C:/Ecosystem/NexaTrace_System/backend/vendor/laravel/framework/src/Illuminate/Pipeline/Pipeline.php(219): Illuminate/Http/Middleware/HandleCors->handle(Object(Illuminate/Http/Request), Object(Closure))
#27 C:/Ecosystem/NexaTrace_System/backend/vendor/laravel/framework/src/Illuminate/Http/Middleware/TrustProxies.php(58): Illuminate/Pipeline/Pipeline->Illuminate/Pipeline/{closure}(Object(Illuminate/Http/Request))
#28 C:/Ecosystem/NexaTrace_System/backend/vendor/laravel/framework/src/Illuminate/Pipeline/Pipeline.php(219): Illuminate/Http/Middleware/TrustProxies->handle(Object(Illuminate/Http/Request), Object(Closure))
#29 C:/Ecosystem/NexaTrace_System/backend/vendor/laravel/framework/src/Illuminate/Foundation/Http/Middleware/InvokeDeferredCallbacks.php(22): Illuminate/Pipeline/Pipeline->Illuminate/Pipeline/{closure}(Object(Illuminate/Http/Request))
#30 C:/Ecosystem/NexaTrace_System/backend/vendor/laravel/framework/src/Illuminate/Pipeline/Pipeline.php(219): Illuminate/Foundation/Http/Middleware/InvokeDeferredCallbacks->handle(Object(Illuminate/Http/Request), Object(Closure))
#31 C:/Ecosystem/NexaTrace_System/backend/vendor/laravel/framework/src/Illuminate/Http/Middleware/ValidatePathEncoding.php(26): Illuminate/Pipeline/Pipeline->Illuminate/Pipeline/{closure}(Object(Illuminate/Http/Request))
#32 C:/Ecosystem/NexaTrace_System/backend/vendor/laravel/framework/src/Illuminate/Pipeline/Pipeline.php(219): Illuminate/Http/Middleware/ValidatePathEncoding->handle(Object(Illuminate/Http/Request), Object(Closure))
#33 C:/Ecosystem/NexaTrace_System/backend/vendor/laravel/framework/src/Illuminate/Pipeline/Pipeline.php(137): Illuminate/Pipeline/Pipeline->Illuminate/Pipeline/{closure}(Object(Illuminate/Http/Request))
#34 C:/Ecosystem/NexaTrace_System/backend/vendor/laravel/framework/src/Illuminate/Foundation/Http/Kernel.php(175): Illuminate/Pipeline/Pipeline->then(Object(Closure))
#35 C:/Ecosystem/NexaTrace_System/backend/vendor/laravel/framework/src/Illuminate/Foundation/Http/Kernel.php(144): Illuminate/Foundation/Http/Kernel->sendRequestThroughRouter(Object(Illuminate/Http/Request))
#36 C:/Ecosystem/NexaTrace_System/backend/vendor/laravel/framework/src/Illuminate/Foundation/Application.php(1220): Illuminate/Foundation/Http/Kernel->handle(Object(Illuminate/Http/Request))
#37 C:/Ecosystem/NexaTrace_System/backend/public/index.php(20): Illuminate/Foundation/Application->handleRequest(Object(Illuminate/Http/Request))
#38 C:/Ecosystem/NexaTrace_System/backend/vendor/laravel/framework/src/Illuminate/Foundation/resources/server.php(23): require_once('C://Ecosystem//Ne...')
#39 {main}
"} 
[2026-03-20 14:53:26] local.ERROR: Route [login] not defined. {"exception":"[object] (Symfony\\Component\\Routing\\Exception\\RouteNotFoundException(code: 0): Route [login] not defined. at C:/Ecosystem/NexaTrace_System/backend/vendor/laravel/framework/src/Illuminate/Routing/UrlGenerator.php:528)
[stacktrace]
#0 C:/Ecosystem/NexaTrace_System/backend/vendor/laravel/framework/src/Illuminate/Foundation/helpers.php(870): Illuminate/Routing/UrlGenerator->route('login', Array, true)
#1 C:/Ecosystem/NexaTrace_System/backend/vendor/laravel/framework/src/Illuminate/Foundation/Configuration/ApplicationBuilder.php(278): route('login')
#2 [internal function]: Illuminate/Foundation/Configuration/ApplicationBuilder->Illuminate/Foundation/Configuration/{closure}(Object(Illuminate/Http/Request))
#3 C:/Ecosystem/NexaTrace_System/backend/vendor/laravel/framework/src/Illuminate/Auth/Middleware/Authenticate.php(117): call_user_func(Object(Closure), Object(Illuminate/Http/Request))
#4 C:/Ecosystem/NexaTrace_System/backend/vendor/laravel/framework/src/Illuminate/Auth/Middleware/Authenticate.php(104): Illuminate/Auth/Middleware/Authenticate->redirectTo(Object(Illuminate/Http/Request))
#5 C:/Ecosystem/NexaTrace_System/backend/vendor/laravel/framework/src/Illuminate/Auth/Middleware/Authenticate.php(87): Illuminate/Auth/Middleware/Authenticate->unauthenticated(Object(Illuminate/Http/Request), Array)
#6 C:/Ecosystem/NexaTrace_System/backend/vendor/laravel/framework/src/Illuminate/Auth/Middleware/Authenticate.php(61): Illuminate/Auth/Middleware/Authenticate->authenticate(Object(Illuminate/Http/Request), Array)
#7 C:/Ecosystem/NexaTrace_System/backend/vendor/laravel/framework/src/Illuminate/Pipeline/Pipeline.php(219): Illuminate/Auth/Middleware/Authenticate->handle(Object(Illuminate/Http/Request), Object(Closure), 'sanctum')
#8 C:/Ecosystem/NexaTrace_System/backend/vendor/laravel/framework/src/Illuminate/Pipeline/Pipeline.php(137): Illuminate/Pipeline/Pipeline->Illuminate/Pipeline/{closure}(Object(Illuminate/Http/Request))
#9 C:/Ecosystem/NexaTrace_System/backend/vendor/laravel/framework/src/Illuminate/Routing/Router.php(821): Illuminate/Pipeline/Pipeline->then(Object(Closure))
#10 C:/Ecosystem/NexaTrace_System/backend/vendor/laravel/framework/src/Illuminate/Routing/Router.php(800): Illuminate/Routing/Router->runRouteWithinStack(Object(Illuminate/Routing/Route), Object(Illuminate/Http/Request))
#11 C:/Ecosystem/NexaTrace_System/backend/vendor/laravel/framework/src/Illuminate/Routing/Router.php(764): Illuminate/Routing/Router->runRoute(Object(Illuminate/Http/Request), Object(Illuminate/Routing/Route))
#12 C:/Ecosystem/NexaTrace_System/backend/vendor/laravel/framework/src/Illuminate/Routing/Router.php(753): Illuminate/Routing/Router->dispatchToRoute(Object(Illuminate/Http/Request))
#13 C:/Ecosystem/NexaTrace_System/backend/vendor/laravel/framework/src/Illuminate/Foundation/Http/Kernel.php(200): Illuminate/Routing/Router->dispatch(Object(Illuminate/Http/Request))
#14 C:/Ecosystem/NexaTrace_System/backend/vendor/laravel/framework/src/Illuminate/Pipeline/Pipeline.php(180): Illuminate/Foundation/Http/Kernel->Illuminate/Foundation/Http/{closure}(Object(Illuminate/Http/Request))
#15 C:/Ecosystem/NexaTrace_System/backend/vendor/laravel/framework/src/Illuminate/Foundation/Http/Middleware/TransformsRequest.php(21): Illuminate/Pipeline/Pipeline->Illuminate/Pipeline/{closure}(Object(Illuminate/Http/Request))
#16 C:/Ecosystem/NexaTrace_System/backend/vendor/laravel/framework/src/Illuminate/Foundation/Http/Middleware/ConvertEmptyStringsToNull.php(31): Illuminate/Foundation/Http/Middleware/TransformsRequest->handle(Object(Illuminate/Http/Request), Object(Closure))
#17 C:/Ecosystem/NexaTrace_System/backend/vendor/laravel/framework/src/Illuminate/Pipeline/Pipeline.php(219): Illuminate/Foundation/Http/Middleware/ConvertEmptyStringsToNull->handle(Object(Illuminate/Http/Request), Object(Closure))
#18 C:/Ecosystem/NexaTrace_System/backend/vendor/laravel/framework/src/Illuminate/Foundation/Http/Middleware/TransformsRequest.php(21): Illuminate/Pipeline/Pipeline->Illuminate/Pipeline/{closure}(Object(Illuminate/Http/Request))
#19 C:/Ecosystem/NexaTrace_System/backend/vendor/laravel/framework/src/Illuminate/Foundation/Http/Middleware/TrimStrings.php(51): Illuminate/Foundation/Http/Middleware/TransformsRequest->handle(Object(Illuminate/Http/Request), Object(Closure))
#20 C:/Ecosystem/NexaTrace_System/backend/vendor/laravel/framework/src/Illuminate/Pipeline/Pipeline.php(219): Illuminate/Foundation/Http/Middleware/TrimStrings->handle(Object(Illuminate/Http/Request), Object(Closure))
#21 C:/Ecosystem/NexaTrace_System/backend/vendor/laravel/framework/src/Illuminate/Http/Middleware/ValidatePostSize.php(27): Illuminate/Pipeline/Pipeline->Illuminate/Pipeline/{closure}(Object(Illuminate/Http/Request))
#22 C:/Ecosystem/NexaTrace_System/backend/vendor/laravel/framework/src/Illuminate/Pipeline/Pipeline.php(219): Illuminate/Http/Middleware/ValidatePostSize->handle(Object(Illuminate/Http/Request), Object(Closure))
#23 C:/Ecosystem/NexaTrace_System/backend/vendor/laravel/framework/src/Illuminate/Foundation/Http/Middleware/PreventRequestsDuringMaintenance.php(109): Illuminate/Pipeline/Pipeline->Illuminate/Pipeline/{closure}(Object(Illuminate/Http/Request))
#24 C:/Ecosystem/NexaTrace_System/backend/vendor/laravel/framework/src/Illuminate/Pipeline/Pipeline.php(219): Illuminate/Foundation/Http/Middleware/PreventRequestsDuringMaintenance->handle(Object(Illuminate/Http/Request), Object(Closure))
#25 C:/Ecosystem/NexaTrace_System/backend/vendor/laravel/framework/src/Illuminate/Http/Middleware/HandleCors.php(74): Illuminate/Pipeline/Pipeline->Illuminate/Pipeline/{closure}(Object(Illuminate/Http/Request))
#26 C:/Ecosystem/NexaTrace_System/backend/vendor/laravel/framework/src/Illuminate/Pipeline/Pipeline.php(219): Illuminate/Http/Middleware/HandleCors->handle(Object(Illuminate/Http/Request), Object(Closure))
#27 C:/Ecosystem/NexaTrace_System/backend/vendor/laravel/framework/src/Illuminate/Http/Middleware/TrustProxies.php(58): Illuminate/Pipeline/Pipeline->Illuminate/Pipeline/{closure}(Object(Illuminate/Http/Request))
#28 C:/Ecosystem/NexaTrace_System/backend/vendor/laravel/framework/src/Illuminate/Pipeline/Pipeline.php(219): Illuminate/Http/Middleware/TrustProxies->handle(Object(Illuminate/Http/Request), Object(Closure))
#29 C:/Ecosystem/NexaTrace_System/backend/vendor/laravel/framework/src/Illuminate/Foundation/Http/Middleware/InvokeDeferredCallbacks.php(22): Illuminate/Pipeline/Pipeline->Illuminate/Pipeline/{closure}(Object(Illuminate/Http/Request))
#30 C:/Ecosystem/NexaTrace_System/backend/vendor/laravel/framework/src/Illuminate/Pipeline/Pipeline.php(219): Illuminate/Foundation/Http/Middleware/InvokeDeferredCallbacks->handle(Object(Illuminate/Http/Request), Object(Closure))
#31 C:/Ecosystem/NexaTrace_System/backend/vendor/laravel/framework/src/Illuminate/Http/Middleware/ValidatePathEncoding.php(26): Illuminate/Pipeline/Pipeline->Illuminate/Pipeline/{closure}(Object(Illuminate/Http/Request))
#32 C:/Ecosystem/NexaTrace_System/backend/vendor/laravel/framework/src/Illuminate/Pipeline/Pipeline.php(219): Illuminate/Http/Middleware/ValidatePathEncoding->handle(Object(Illuminate/Http/Request), Object(Closure))
#33 C:/Ecosystem/NexaTrace_System/backend/vendor/laravel/framework/src/Illuminate/Pipeline/Pipeline.php(137): Illuminate/Pipeline/Pipeline->Illuminate/Pipeline/{closure}(Object(Illuminate/Http/Request))
#34 C:/Ecosystem/NexaTrace_System/backend/vendor/laravel/framework/src/Illuminate/Foundation/Http/Kernel.php(175): Illuminate/Pipeline/Pipeline->then(Object(Closure))
#35 C:/Ecosystem/NexaTrace_System/backend/vendor/laravel/framework/src/Illuminate/Foundation/Http/Kernel.php(144): Illuminate/Foundation/Http/Kernel->sendRequestThroughRouter(Object(Illuminate/Http/Request))
#36 C:/Ecosystem/NexaTrace_System/backend/vendor/laravel/framework/src/Illuminate/Foundation/Application.php(1220): Illuminate/Foundation/Http/Kernel->handle(Object(Illuminate/Http/Request))
#37 C:/Ecosystem/NexaTrace_System/backend/public/index.php(20): Illuminate/Foundation/Application->handleRequest(Object(Illuminate/Http/Request))
#38 C:/Ecosystem/NexaTrace_System/backend/vendor/laravel/framework/src/Illuminate/Foundation/resources/server.php(23): require_once('C://Ecosystem//Ne...')
#39 {main}
"} 
[2026-03-20 14:54:36] local.ERROR: Route [login] not defined. {"exception":"[object] (Symfony\\Component\\Routing\\Exception\\RouteNotFoundException(code: 0): Route [login] not defined. at C:/Ecosystem/NexaTrace_System/backend/vendor/laravel/framework/src/Illuminate/Routing/UrlGenerator.php:528)
[stacktrace]
#0 C:/Ecosystem/NexaTrace_System/backend/vendor/laravel/framework/src/Illuminate/Foundation/helpers.php(870): Illuminate/Routing/UrlGenerator->route('login', Array, true)
#1 C:/Ecosystem/NexaTrace_System/backend/vendor/laravel/framework/src/Illuminate/Foundation/Configuration/ApplicationBuilder.php(278): route('login')
#2 [internal function]: Illuminate/Foundation/Configuration/ApplicationBuilder->Illuminate/Foundation/Configuration/{closure}(Object(Illuminate/Http/Request))
#3 C:/Ecosystem/NexaTrace_System/backend/vendor/laravel/framework/src/Illuminate/Auth/Middleware/Authenticate.php(117): call_user_func(Object(Closure), Object(Illuminate/Http/Request))
#4 C:/Ecosystem/NexaTrace_System/backend/vendor/laravel/framework/src/Illuminate/Auth/Middleware/Authenticate.php(104): Illuminate/Auth/Middleware/Authenticate->redirectTo(Object(Illuminate/Http/Request))
#5 C:/Ecosystem/NexaTrace_System/backend/vendor/laravel/framework/src/Illuminate/Auth/Middleware/Authenticate.php(87): Illuminate/Auth/Middleware/Authenticate->unauthenticated(Object(Illuminate/Http/Request), Array)
#6 C:/Ecosystem/NexaTrace_System/backend/vendor/laravel/framework/src/Illuminate/Auth/Middleware/Authenticate.php(61): Illuminate/Auth/Middleware/Authenticate->authenticate(Object(Illuminate/Http/Request), Array)
#7 C:/Ecosystem/NexaTrace_System/backend/vendor/laravel/framework/src/Illuminate/Pipeline/Pipeline.php(219): Illuminate/Auth/Middleware/Authenticate->handle(Object(Illuminate/Http/Request), Object(Closure), 'sanctum')
#8 C:/Ecosystem/NexaTrace_System/backend/vendor/laravel/framework/src/Illuminate/Pipeline/Pipeline.php(137): Illuminate/Pipeline/Pipeline->Illuminate/Pipeline/{closure}(Object(Illuminate/Http/Request))
#9 C:/Ecosystem/NexaTrace_System/backend/vendor/laravel/framework/src/Illuminate/Routing/Router.php(821): Illuminate/Pipeline/Pipeline->then(Object(Closure))
#10 C:/Ecosystem/NexaTrace_System/backend/vendor/laravel/framework/src/Illuminate/Routing/Router.php(800): Illuminate/Routing/Router->runRouteWithinStack(Object(Illuminate/Routing/Route), Object(Illuminate/Http/Request))
#11 C:/Ecosystem/NexaTrace_System/backend/vendor/laravel/framework/src/Illuminate/Routing/Router.php(764): Illuminate/Routing/Router->runRoute(Object(Illuminate/Http/Request), Object(Illuminate/Routing/Route))
#12 C:/Ecosystem/NexaTrace_System/backend/vendor/laravel/framework/src/Illuminate/Routing/Router.php(753): Illuminate/Routing/Router->dispatchToRoute(Object(Illuminate/Http/Request))
#13 C:/Ecosystem/NexaTrace_System/backend/vendor/laravel/framework/src/Illuminate/Foundation/Http/Kernel.php(200): Illuminate/Routing/Router->dispatch(Object(Illuminate/Http/Request))
#14 C:/Ecosystem/NexaTrace_System/backend/vendor/laravel/framework/src/Illuminate/Pipeline/Pipeline.php(180): Illuminate/Foundation/Http/Kernel->Illuminate/Foundation/Http/{closure}(Object(Illuminate/Http/Request))
#15 C:/Ecosystem/NexaTrace_System/backend/vendor/laravel/framework/src/Illuminate/Foundation/Http/Middleware/TransformsRequest.php(21): Illuminate/Pipeline/Pipeline->Illuminate/Pipeline/{closure}(Object(Illuminate/Http/Request))
#16 C:/Ecosystem/NexaTrace_System/backend/vendor/laravel/framework/src/Illuminate/Foundation/Http/Middleware/ConvertEmptyStringsToNull.php(31): Illuminate/Foundation/Http/Middleware/TransformsRequest->handle(Object(Illuminate/Http/Request), Object(Closure))
#17 C:/Ecosystem/NexaTrace_System/backend/vendor/laravel/framework/src/Illuminate/Pipeline/Pipeline.php(219): Illuminate/Foundation/Http/Middleware/ConvertEmptyStringsToNull->handle(Object(Illuminate/Http/Request), Object(Closure))
#18 C:/Ecosystem/NexaTrace_System/backend/vendor/laravel/framework/src/Illuminate/Foundation/Http/Middleware/TransformsRequest.php(21): Illuminate/Pipeline/Pipeline->Illuminate/Pipeline/{closure}(Object(Illuminate/Http/Request))
#19 C:/Ecosystem/NexaTrace_System/backend/vendor/laravel/framework/src/Illuminate/Foundation/Http/Middleware/TrimStrings.php(51): Illuminate/Foundation/Http/Middleware/TransformsRequest->handle(Object(Illuminate/Http/Request), Object(Closure))
#20 C:/Ecosystem/NexaTrace_System/backend/vendor/laravel/framework/src/Illuminate/Pipeline/Pipeline.php(219): Illuminate/Foundation/Http/Middleware/TrimStrings->handle(Object(Illuminate/Http/Request), Object(Closure))
#21 C:/Ecosystem/NexaTrace_System/backend/vendor/laravel/framework/src/Illuminate/Http/Middleware/ValidatePostSize.php(27): Illuminate/Pipeline/Pipeline->Illuminate/Pipeline/{closure}(Object(Illuminate/Http/Request))
#22 C:/Ecosystem/NexaTrace_System/backend/vendor/laravel/framework/src/Illuminate/Pipeline/Pipeline.php(219): Illuminate/Http/Middleware/ValidatePostSize->handle(Object(Illuminate/Http/Request), Object(Closure))
#23 C:/Ecosystem/NexaTrace_System/backend/vendor/laravel/framework/src/Illuminate/Foundation/Http/Middleware/PreventRequestsDuringMaintenance.php(109): Illuminate/Pipeline/Pipeline->Illuminate/Pipeline/{closure}(Object(Illuminate/Http/Request))
#24 C:/Ecosystem/NexaTrace_System/backend/vendor/laravel/framework/src/Illuminate/Pipeline/Pipeline.php(219): Illuminate/Foundation/Http/Middleware/PreventRequestsDuringMaintenance->handle(Object(Illuminate/Http/Request), Object(Closure))
#25 C:/Ecosystem/NexaTrace_System/backend/vendor/laravel/framework/src/Illuminate/Http/Middleware/HandleCors.php(74): Illuminate/Pipeline/Pipeline->Illuminate/Pipeline/{closure}(Object(Illuminate/Http/Request))
#26 C:/Ecosystem/NexaTrace_System/backend/vendor/laravel/framework/src/Illuminate/Pipeline/Pipeline.php(219): Illuminate/Http/Middleware/HandleCors->handle(Object(Illuminate/Http/Request), Object(Closure))
#27 C:/Ecosystem/NexaTrace_System/backend/vendor/laravel/framework/src/Illuminate/Http/Middleware/TrustProxies.php(58): Illuminate/Pipeline/Pipeline->Illuminate/Pipeline/{closure}(Object(Illuminate/Http/Request))
#28 C:/Ecosystem/NexaTrace_System/backend/vendor/laravel/framework/src/Illuminate/Pipeline/Pipeline.php(219): Illuminate/Http/Middleware/TrustProxies->handle(Object(Illuminate/Http/Request), Object(Closure))
#29 C:/Ecosystem/NexaTrace_System/backend/vendor/laravel/framework/src/Illuminate/Foundation/Http/Middleware/InvokeDeferredCallbacks.php(22): Illuminate/Pipeline/Pipeline->Illuminate/Pipeline/{closure}(Object(Illuminate/Http/Request))
#30 C:/Ecosystem/NexaTrace_System/backend/vendor/laravel/framework/src/Illuminate/Pipeline/Pipeline.php(219): Illuminate/Foundation/Http/Middleware/InvokeDeferredCallbacks->handle(Object(Illuminate/Http/Request), Object(Closure))
#31 C:/Ecosystem/NexaTrace_System/backend/vendor/laravel/framework/src/Illuminate/Http/Middleware/ValidatePathEncoding.php(26): Illuminate/Pipeline/Pipeline->Illuminate/Pipeline/{closure}(Object(Illuminate/Http/Request))
#32 C:/Ecosystem/NexaTrace_System/backend/vendor/laravel/framework/src/Illuminate/Pipeline/Pipeline.php(219): Illuminate/Http/Middleware/ValidatePathEncoding->handle(Object(Illuminate/Http/Request), Object(Closure))
#33 C:/Ecosystem/NexaTrace_System/backend/vendor/laravel/framework/src/Illuminate/Pipeline/Pipeline.php(137): Illuminate/Pipeline/Pipeline->Illuminate/Pipeline/{closure}(Object(Illuminate/Http/Request))
#34 C:/Ecosystem/NexaTrace_System/backend/vendor/laravel/framework/src/Illuminate/Foundation/Http/Kernel.php(175): Illuminate/Pipeline/Pipeline->then(Object(Closure))
#35 C:/Ecosystem/NexaTrace_System/backend/vendor/laravel/framework/src/Illuminate/Foundation/Http/Kernel.php(144): Illuminate/Foundation/Http/Kernel->sendRequestThroughRouter(Object(Illuminate/Http/Request))
#36 C:/Ecosystem/NexaTrace_System/backend/vendor/laravel/framework/src/Illuminate/Foundation/Application.php(1220): Illuminate/Foundation/Http/Kernel->handle(Object(Illuminate/Http/Request))
#37 C:/Ecosystem/NexaTrace_System/backend/public/index.php(20): Illuminate/Foundation/Application->handleRequest(Object(Illuminate/Http/Request))
#38 C:/Ecosystem/NexaTrace_System/backend/vendor/laravel/framework/src/Illuminate/Foundation/resources/server.php(23): require_once('C://Ecosystem//Ne...')
#39 {main}
"} 
[2026-03-20 16:02:16] local.ERROR: Route [login] not defined. {"exception":"[object] (Symfony\\Component\\Routing\\Exception\\RouteNotFoundException(code: 0): Route [login] not defined. at C:/Ecosystem/NexaTrace_System/backend/vendor/laravel/framework/src/Illuminate/Routing/UrlGenerator.php:528)
[stacktrace]
#0 C:/Ecosystem/NexaTrace_System/backend/vendor/laravel/framework/src/Illuminate/Foundation/helpers.php(870): Illuminate/Routing/UrlGenerator->route('login', Array, true)
#1 C:/Ecosystem/NexaTrace_System/backend/vendor/laravel/framework/src/Illuminate/Foundation/Configuration/ApplicationBuilder.php(278): route('login')
#2 [internal function]: Illuminate/Foundation/Configuration/ApplicationBuilder->Illuminate/Foundation/Configuration/{closure}(Object(Illuminate/Http/Request))
#3 C:/Ecosystem/NexaTrace_System/backend/vendor/laravel/framework/src/Illuminate/Auth/Middleware/Authenticate.php(117): call_user_func(Object(Closure), Object(Illuminate/Http/Request))
#4 C:/Ecosystem/NexaTrace_System/backend/vendor/laravel/framework/src/Illuminate/Auth/Middleware/Authenticate.php(104): Illuminate/Auth/Middleware/Authenticate->redirectTo(Object(Illuminate/Http/Request))
#5 C:/Ecosystem/NexaTrace_System/backend/vendor/laravel/framework/src/Illuminate/Auth/Middleware/Authenticate.php(87): Illuminate/Auth/Middleware/Authenticate->unauthenticated(Object(Illuminate/Http/Request), Array)
#6 C:/Ecosystem/NexaTrace_System/backend/vendor/laravel/framework/src/Illuminate/Auth/Middleware/Authenticate.php(61): Illuminate/Auth/Middleware/Authenticate->authenticate(Object(Illuminate/Http/Request), Array)
#7 C:/Ecosystem/NexaTrace_System/backend/vendor/laravel/framework/src/Illuminate/Pipeline/Pipeline.php(219): Illuminate/Auth/Middleware/Authenticate->handle(Object(Illuminate/Http/Request), Object(Closure), 'sanctum')
#8 C:/Ecosystem/NexaTrace_System/backend/vendor/laravel/framework/src/Illuminate/Pipeline/Pipeline.php(137): Illuminate/Pipeline/Pipeline->Illuminate/Pipeline/{closure}(Object(Illuminate/Http/Request))
#9 C:/Ecosystem/NexaTrace_System/backend/vendor/laravel/framework/src/Illuminate/Routing/Router.php(821): Illuminate/Pipeline/Pipeline->then(Object(Closure))
#10 C:/Ecosystem/NexaTrace_System/backend/vendor/laravel/framework/src/Illuminate/Routing/Router.php(800): Illuminate/Routing/Router->runRouteWithinStack(Object(Illuminate/Routing/Route), Object(Illuminate/Http/Request))
#11 C:/Ecosystem/NexaTrace_System/backend/vendor/laravel/framework/src/Illuminate/Routing/Router.php(764): Illuminate/Routing/Router->runRoute(Object(Illuminate/Http/Request), Object(Illuminate/Routing/Route))
#12 C:/Ecosystem/NexaTrace_System/backend/vendor/laravel/framework/src/Illuminate/Routing/Router.php(753): Illuminate/Routing/Router->dispatchToRoute(Object(Illuminate/Http/Request))
#13 C:/Ecosystem/NexaTrace_System/backend/vendor/laravel/framework/src/Illuminate/Foundation/Http/Kernel.php(200): Illuminate/Routing/Router->dispatch(Object(Illuminate/Http/Request))
#14 C:/Ecosystem/NexaTrace_System/backend/vendor/laravel/framework/src/Illuminate/Pipeline/Pipeline.php(180): Illuminate/Foundation/Http/Kernel->Illuminate/Foundation/Http/{closure}(Object(Illuminate/Http/Request))
#15 C:/Ecosystem/NexaTrace_System/backend/vendor/laravel/framework/src/Illuminate/Foundation/Http/Middleware/TransformsRequest.php(21): Illuminate/Pipeline/Pipeline->Illuminate/Pipeline/{closure}(Object(Illuminate/Http/Request))
#16 C:/Ecosystem/NexaTrace_System/backend/vendor/laravel/framework/src/Illuminate/Foundation/Http/Middleware/ConvertEmptyStringsToNull.php(31): Illuminate/Foundation/Http/Middleware/TransformsRequest->handle(Object(Illuminate/Http/Request), Object(Closure))
#17 C:/Ecosystem/NexaTrace_System/backend/vendor/laravel/framework/src/Illuminate/Pipeline/Pipeline.php(219): Illuminate/Foundation/Http/Middleware/ConvertEmptyStringsToNull->handle(Object(Illuminate/Http/Request), Object(Closure))
#18 C:/Ecosystem/NexaTrace_System/backend/vendor/laravel/framework/src/Illuminate/Foundation/Http/Middleware/TransformsRequest.php(21): Illuminate/Pipeline/Pipeline->Illuminate/Pipeline/{closure}(Object(Illuminate/Http/Request))
#19 C:/Ecosystem/NexaTrace_System/backend/vendor/laravel/framework/src/Illuminate/Foundation/Http/Middleware/TrimStrings.php(51): Illuminate/Foundation/Http/Middleware/TransformsRequest->handle(Object(Illuminate/Http/Request), Object(Closure))
#20 C:/Ecosystem/NexaTrace_System/backend/vendor/laravel/framework/src/Illuminate/Pipeline/Pipeline.php(219): Illuminate/Foundation/Http/Middleware/TrimStrings->handle(Object(Illuminate/Http/Request), Object(Closure))
#21 C:/Ecosystem/NexaTrace_System/backend/vendor/laravel/framework/src/Illuminate/Http/Middleware/ValidatePostSize.php(27): Illuminate/Pipeline/Pipeline->Illuminate/Pipeline/{closure}(Object(Illuminate/Http/Request))
#22 C:/Ecosystem/NexaTrace_System/backend/vendor/laravel/framework/src/Illuminate/Pipeline/Pipeline.php(219): Illuminate/Http/Middleware/ValidatePostSize->handle(Object(Illuminate/Http/Request), Object(Closure))
#23 C:/Ecosystem/NexaTrace_System/backend/vendor/laravel/framework/src/Illuminate/Foundation/Http/Middleware/PreventRequestsDuringMaintenance.php(109): Illuminate/Pipeline/Pipeline->Illuminate/Pipeline/{closure}(Object(Illuminate/Http/Request))
#24 C:/Ecosystem/NexaTrace_System/backend/vendor/laravel/framework/src/Illuminate/Pipeline/Pipeline.php(219): Illuminate/Foundation/Http/Middleware/PreventRequestsDuringMaintenance->handle(Object(Illuminate/Http/Request), Object(Closure))
#25 C:/Ecosystem/NexaTrace_System/backend/vendor/laravel/framework/src/Illuminate/Http/Middleware/HandleCors.php(74): Illuminate/Pipeline/Pipeline->Illuminate/Pipeline/{closure}(Object(Illuminate/Http/Request))
#26 C:/Ecosystem/NexaTrace_System/backend/vendor/laravel/framework/src/Illuminate/Pipeline/Pipeline.php(219): Illuminate/Http/Middleware/HandleCors->handle(Object(Illuminate/Http/Request), Object(Closure))
#27 C:/Ecosystem/NexaTrace_System/backend/vendor/laravel/framework/src/Illuminate/Http/Middleware/TrustProxies.php(58): Illuminate/Pipeline/Pipeline->Illuminate/Pipeline/{closure}(Object(Illuminate/Http/Request))
#28 C:/Ecosystem/NexaTrace_System/backend/vendor/laravel/framework/src/Illuminate/Pipeline/Pipeline.php(219): Illuminate/Http/Middleware/TrustProxies->handle(Object(Illuminate/Http/Request), Object(Closure))
#29 C:/Ecosystem/NexaTrace_System/backend/vendor/laravel/framework/src/Illuminate/Foundation/Http/Middleware/InvokeDeferredCallbacks.php(22): Illuminate/Pipeline/Pipeline->Illuminate/Pipeline/{closure}(Object(Illuminate/Http/Request))
#30 C:/Ecosystem/NexaTrace_System/backend/vendor/laravel/framework/src/Illuminate/Pipeline/Pipeline.php(219): Illuminate/Foundation/Http/Middleware/InvokeDeferredCallbacks->handle(Object(Illuminate/Http/Request), Object(Closure))
#31 C:/Ecosystem/NexaTrace_System/backend/vendor/laravel/framework/src/Illuminate/Http/Middleware/ValidatePathEncoding.php(26): Illuminate/Pipeline/Pipeline->Illuminate/Pipeline/{closure}(Object(Illuminate/Http/Request))
#32 C:/Ecosystem/NexaTrace_System/backend/vendor/laravel/framework/src/Illuminate/Pipeline/Pipeline.php(219): Illuminate/Http/Middleware/ValidatePathEncoding->handle(Object(Illuminate/Http/Request), Object(Closure))
#33 C:/Ecosystem/NexaTrace_System/backend/vendor/laravel/framework/src/Illuminate/Pipeline/Pipeline.php(137): Illuminate/Pipeline/Pipeline->Illuminate/Pipeline/{closure}(Object(Illuminate/Http/Request))
#34 C:/Ecosystem/NexaTrace_System/backend/vendor/laravel/framework/src/Illuminate/Foundation/Http/Kernel.php(175): Illuminate/Pipeline/Pipeline->then(Object(Closure))
#35 C:/Ecosystem/NexaTrace_System/backend/vendor/laravel/framework/src/Illuminate/Foundation/Http/Kernel.php(144): Illuminate/Foundation/Http/Kernel->sendRequestThroughRouter(Object(Illuminate/Http/Request))
#36 Command line code(1): Illuminate/Foundation/Http/Kernel->handle(Object(Illuminate/Http/Request))
#37 {main}
"} 
[2026-03-20 16:05:23] local.ERROR: Route [login] not defined. {"exception":"[object] (Symfony\\Component\\Routing\\Exception\\RouteNotFoundException(code: 0): Route [login] not defined. at C:/Ecosystem/NexaTrace_System/backend/vendor/laravel/framework/src/Illuminate/Routing/UrlGenerator.php:528)
[stacktrace]
#0 C:/Ecosystem/NexaTrace_System/backend/vendor/laravel/framework/src/Illuminate/Foundation/helpers.php(870): Illuminate/Routing/UrlGenerator->route('login', Array, true)
#1 C:/Ecosystem/NexaTrace_System/backend/vendor/laravel/framework/src/Illuminate/Foundation/Configuration/ApplicationBuilder.php(278): route('login')
#2 [internal function]: Illuminate/Foundation/Configuration/ApplicationBuilder->Illuminate/Foundation/Configuration/{closure}(Object(Illuminate/Http/Request))
#3 C:/Ecosystem/NexaTrace_System/backend/vendor/laravel/framework/src/Illuminate/Auth/AuthenticationException.php(69): call_user_func(Object(Closure), Object(Illuminate/Http/Request))
#4 C:/Ecosystem/NexaTrace_System/backend/vendor/laravel/framework/src/Illuminate/Foundation/Exceptions/Handler.php(752): Illuminate/Auth/AuthenticationException->redirectTo(Object(Illuminate/Http/Request))
#5 C:/Ecosystem/NexaTrace_System/backend/vendor/laravel/framework/src/Illuminate/Foundation/Exceptions/Handler.php(624): Illuminate/Foundation/Exceptions/Handler->unauthenticated(Object(Illuminate/Http/Request), Object(Illuminate/Auth/AuthenticationException))
#6 C:/Ecosystem/NexaTrace_System/backend/vendor/nunomaduro/collision/src/Adapters/Laravel/ExceptionHandler.php(54): Illuminate/Foundation/Exceptions/Handler->render(Object(Illuminate/Http/Request), Object(Illuminate/Auth/AuthenticationException))
#7 C:/Ecosystem/NexaTrace_System/backend/vendor/laravel/framework/src/Illuminate/Routing/Pipeline.php(51): NunoMaduro/Collision/Adapters/Laravel/ExceptionHandler->render(Object(Illuminate/Http/Request), Object(Illuminate/Auth/AuthenticationException))
#8 C:/Ecosystem/NexaTrace_System/backend/vendor/laravel/framework/src/Illuminate/Pipeline/Pipeline.php(224): Illuminate/Routing/Pipeline->handleException(Object(Illuminate/Http/Request), Object(Illuminate/Auth/AuthenticationException))
#9 C:/Ecosystem/NexaTrace_System/backend/vendor/laravel/framework/src/Illuminate/Pipeline/Pipeline.php(137): Illuminate/Pipeline/Pipeline->Illuminate/Pipeline/{closure}(Object(Illuminate/Http/Request))
#10 C:/Ecosystem/NexaTrace_System/backend/vendor/laravel/framework/src/Illuminate/Routing/Router.php(821): Illuminate/Pipeline/Pipeline->then(Object(Closure))
#11 C:/Ecosystem/NexaTrace_System/backend/vendor/laravel/framework/src/Illuminate/Routing/Router.php(800): Illuminate/Routing/Router->runRouteWithinStack(Object(Illuminate/Routing/Route), Object(Illuminate/Http/Request))
#12 C:/Ecosystem/NexaTrace_System/backend/vendor/laravel/framework/src/Illuminate/Routing/Router.php(764): Illuminate/Routing/Router->runRoute(Object(Illuminate/Http/Request), Object(Illuminate/Routing/Route))
#13 C:/Ecosystem/NexaTrace_System/backend/vendor/laravel/framework/src/Illuminate/Routing/Router.php(753): Illuminate/Routing/Router->dispatchToRoute(Object(Illuminate/Http/Request))
#14 C:/Ecosystem/NexaTrace_System/backend/vendor/laravel/framework/src/Illuminate/Foundation/Http/Kernel.php(200): Illuminate/Routing/Router->dispatch(Object(Illuminate/Http/Request))
#15 C:/Ecosystem/NexaTrace_System/backend/vendor/laravel/framework/src/Illuminate/Pipeline/Pipeline.php(180): Illuminate/Foundation/Http/Kernel->Illuminate/Foundation/Http/{closure}(Object(Illuminate/Http/Request))
#16 C:/Ecosystem/NexaTrace_System/backend/vendor/laravel/framework/src/Illuminate/Foundation/Http/Middleware/TransformsRequest.php(21): Illuminate/Pipeline/Pipeline->Illuminate/Pipeline/{closure}(Object(Illuminate/Http/Request))
#17 C:/Ecosystem/NexaTrace_System/backend/vendor/laravel/framework/src/Illuminate/Foundation/Http/Middleware/ConvertEmptyStringsToNull.php(31): Illuminate/Foundation/Http/Middleware/TransformsRequest->handle(Object(Illuminate/Http/Request), Object(Closure))
#18 C:/Ecosystem/NexaTrace_System/backend/vendor/laravel/framework/src/Illuminate/Pipeline/Pipeline.php(219): Illuminate/Foundation/Http/Middleware/ConvertEmptyStringsToNull->handle(Object(Illuminate/Http/Request), Object(Closure))
#19 C:/Ecosystem/NexaTrace_System/backend/vendor/laravel/framework/src/Illuminate/Foundation/Http/Middleware/TransformsRequest.php(21): Illuminate/Pipeline/Pipeline->Illuminate/Pipeline/{closure}(Object(Illuminate/Http/Request))
#20 C:/Ecosystem/NexaTrace_System/backend/vendor/laravel/framework/src/Illuminate/Foundation/Http/Middleware/TrimStrings.php(51): Illuminate/Foundation/Http/Middleware/TransformsRequest->handle(Object(Illuminate/Http/Request), Object(Closure))
#21 C:/Ecosystem/NexaTrace_System/backend/vendor/laravel/framework/src/Illuminate/Pipeline/Pipeline.php(219): Illuminate/Foundation/Http/Middleware/TrimStrings->handle(Object(Illuminate/Http/Request), Object(Closure))
#22 C:/Ecosystem/NexaTrace_System/backend/vendor/laravel/framework/src/Illuminate/Http/Middleware/ValidatePostSize.php(27): Illuminate/Pipeline/Pipeline->Illuminate/Pipeline/{closure}(Object(Illuminate/Http/Request))
#23 C:/Ecosystem/NexaTrace_System/backend/vendor/laravel/framework/src/Illuminate/Pipeline/Pipeline.php(219): Illuminate/Http/Middleware/ValidatePostSize->handle(Object(Illuminate/Http/Request), Object(Closure))
#24 C:/Ecosystem/NexaTrace_System/backend/vendor/laravel/framework/src/Illuminate/Foundation/Http/Middleware/PreventRequestsDuringMaintenance.php(109): Illuminate/Pipeline/Pipeline->Illuminate/Pipeline/{closure}(Object(Illuminate/Http/Request))
#25 C:/Ecosystem/NexaTrace_System/backend/vendor/laravel/framework/src/Illuminate/Pipeline/Pipeline.php(219): Illuminate/Foundation/Http/Middleware/PreventRequestsDuringMaintenance->handle(Object(Illuminate/Http/Request), Object(Closure))
#26 C:/Ecosystem/NexaTrace_System/backend/vendor/laravel/framework/src/Illuminate/Http/Middleware/HandleCors.php(74): Illuminate/Pipeline/Pipeline->Illuminate/Pipeline/{closure}(Object(Illuminate/Http/Request))
#27 C:/Ecosystem/NexaTrace_System/backend/vendor/laravel/framework/src/Illuminate/Pipeline/Pipeline.php(219): Illuminate/Http/Middleware/HandleCors->handle(Object(Illuminate/Http/Request), Object(Closure))
#28 C:/Ecosystem/NexaTrace_System/backend/vendor/laravel/framework/src/Illuminate/Http/Middleware/TrustProxies.php(58): Illuminate/Pipeline/Pipeline->Illuminate/Pipeline/{closure}(Object(Illuminate/Http/Request))
#29 C:/Ecosystem/NexaTrace_System/backend/vendor/laravel/framework/src/Illuminate/Pipeline/Pipeline.php(219): Illuminate/Http/Middleware/TrustProxies->handle(Object(Illuminate/Http/Request), Object(Closure))
#30 C:/Ecosystem/NexaTrace_System/backend/vendor/laravel/framework/src/Illuminate/Foundation/Http/Middleware/InvokeDeferredCallbacks.php(22): Illuminate/Pipeline/Pipeline->Illuminate/Pipeline/{closure}(Object(Illuminate/Http/Request))
#31 C:/Ecosystem/NexaTrace_System/backend/vendor/laravel/framework/src/Illuminate/Pipeline/Pipeline.php(219): Illuminate/Foundation/Http/Middleware/InvokeDeferredCallbacks->handle(Object(Illuminate/Http/Request), Object(Closure))
#32 C:/Ecosystem/NexaTrace_System/backend/vendor/laravel/framework/src/Illuminate/Http/Middleware/ValidatePathEncoding.php(26): Illuminate/Pipeline/Pipeline->Illuminate/Pipeline/{closure}(Object(Illuminate/Http/Request))
#33 C:/Ecosystem/NexaTrace_System/backend/vendor/laravel/framework/src/Illuminate/Pipeline/Pipeline.php(219): Illuminate/Http/Middleware/ValidatePathEncoding->handle(Object(Illuminate/Http/Request), Object(Closure))
#34 C:/Ecosystem/NexaTrace_System/backend/vendor/laravel/framework/src/Illuminate/Pipeline/Pipeline.php(137): Illuminate/Pipeline/Pipeline->Illuminate/Pipeline/{closure}(Object(Illuminate/Http/Request))
#35 C:/Ecosystem/NexaTrace_System/backend/vendor/laravel/framework/src/Illuminate/Foundation/Http/Kernel.php(175): Illuminate/Pipeline/Pipeline->then(Object(Closure))
#36 C:/Ecosystem/NexaTrace_System/backend/vendor/laravel/framework/src/Illuminate/Foundation/Http/Kernel.php(144): Illuminate/Foundation/Http/Kernel->sendRequestThroughRouter(Object(Illuminate/Http/Request))
#37 Command line code(1): Illuminate/Foundation/Http/Kernel->handle(Object(Illuminate/Http/Request))
#38 {main}
"} 
[2026-03-23 00:22:41] laravel.EMERGENCY: Unable to create configured logger. Using emergency logger. {"exception":"[object] (Error(code: 0): Class \"Illuminate\\Log\\Context\\ContextLogProcessor\" not found at C:/Ecosystem/NexaTrace_System/backend/vendor/laravel/framework/src/Illuminate/Log/Context/ContextServiceProvider.php:33)
[stacktrace]
#0 C:/Ecosystem/NexaTrace_System/backend/vendor/laravel/framework/src/Illuminate/Container/Container.php(1115): Illuminate/Log/Context/ContextServiceProvider->Illuminate/Log/Context/{closure}(Object(Illuminate/Foundation/Application), Array)
#1 C:/Ecosystem/NexaTrace_System/backend/vendor/laravel/framework/src/Illuminate/Container/Container.php(933): Illuminate/Container/Container->build(Object(Closure))
#2 C:/Ecosystem/NexaTrace_System/backend/vendor/laravel/framework/src/Illuminate/Foundation/Application.php(1078): Illuminate/Container/Container->resolve('Illuminate//Cont...', Array, true)
#3 C:/Ecosystem/NexaTrace_System/backend/vendor/laravel/framework/src/Illuminate/Container/Container.php(864): Illuminate/Foundation/Application->resolve('Illuminate//Cont...', Array)
#4 C:/Ecosystem/NexaTrace_System/backend/vendor/laravel/framework/src/Illuminate/Foundation/Application.php(1058): Illuminate/Container/Container->make('Illuminate//Cont...', Array)
#5 C:/Ecosystem/NexaTrace_System/backend/vendor/laravel/framework/src/Illuminate/Log/LogManager.php(145): Illuminate/Foundation/Application->make('Illuminate//Cont...')
#6 C:/Ecosystem/NexaTrace_System/backend/vendor/laravel/framework/src/Illuminate/Support/helpers.php(526): Illuminate/Log/LogManager->Illuminate/Log/{closure}(Object(Monolog/Logger))
#7 C:/Ecosystem/NexaTrace_System/backend/vendor/laravel/framework/src/Illuminate/Log/LogManager.php(138): with(Object(Monolog/Logger), Object(Closure))
#8 C:/Ecosystem/NexaTrace_System/backend/vendor/laravel/framework/src/Illuminate/Log/LogManager.php(125): Illuminate/Log/LogManager->get('single')
#9 C:/Ecosystem/NexaTrace_System/backend/vendor/laravel/framework/src/Illuminate/Log/LogManager.php(114): Illuminate/Log/LogManager->driver('single')
#10 C:/Ecosystem/NexaTrace_System/backend/vendor/laravel/framework/src/Illuminate/Log/LogManager.php(278): Illuminate/Log/LogManager->channel('single')
#11 [internal function]: Illuminate/Log/LogManager->Illuminate/Log/{closure}('single', 0)
#12 C:/Ecosystem/NexaTrace_System/backend/vendor/laravel/framework/src/Illuminate/Collections/Arr.php(841): array_map(Object(Closure), Array, Array)
#13 C:/Ecosystem/NexaTrace_System/backend/vendor/laravel/framework/src/Illuminate/Collections/Collection.php(829): Illuminate/Support/Arr::map(Array, Object(Closure))
#14 C:/Ecosystem/NexaTrace_System/backend/vendor/laravel/framework/src/Illuminate/Collections/Traits/EnumeratesValues.php(466): Illuminate/Support/Collection->map(Object(Closure))
#15 C:/Ecosystem/NexaTrace_System/backend/vendor/laravel/framework/src/Illuminate/Log/LogManager.php(275): Illuminate/Support/Collection->flatMap(Object(Closure))
#16 C:/Ecosystem/NexaTrace_System/backend/vendor/laravel/framework/src/Illuminate/Log/LogManager.php(232): Illuminate/Log/LogManager->createStackDriver(Array)
#17 C:/Ecosystem/NexaTrace_System/backend/vendor/laravel/framework/src/Illuminate/Log/LogManager.php(138): Illuminate/Log/LogManager->resolve('stack', Array)
#18 C:/Ecosystem/NexaTrace_System/backend/vendor/laravel/framework/src/Illuminate/Log/LogManager.php(125): Illuminate/Log/LogManager->get('stack')
#19 C:/Ecosystem/NexaTrace_System/backend/vendor/laravel/framework/src/Illuminate/Log/LogManager.php(703): Illuminate/Log/LogManager->driver()
#20 C:/Ecosystem/NexaTrace_System/backend/vendor/laravel/framework/src/Illuminate/Foundation/Exceptions/Handler.php(402): Illuminate/Log/LogManager->error('Maximum executi...', Array)
#21 C:/Ecosystem/NexaTrace_System/backend/vendor/laravel/framework/src/Illuminate/Foundation/Exceptions/Handler.php(365): Illuminate/Foundation/Exceptions/Handler->reportThrowable(Object(Symfony/Component/ErrorHandler/Error/FatalError))
#22 C:/Ecosystem/NexaTrace_System/backend/vendor/laravel/framework/src/Illuminate/Foundation/Bootstrap/HandleExceptions.php(186): Illuminate/Foundation/Exceptions/Handler->report(Object(Symfony/Component/ErrorHandler/Error/FatalError))
#23 C:/Ecosystem/NexaTrace_System/backend/vendor/laravel/framework/src/Illuminate/Foundation/Bootstrap/HandleExceptions.php(234): Illuminate/Foundation/Bootstrap/HandleExceptions->handleException(Object(Symfony/Component/ErrorHandler/Error/FatalError))
#24 C:/Ecosystem/NexaTrace_System/backend/vendor/laravel/framework/src/Illuminate/Foundation/Bootstrap/HandleExceptions.php(258): Illuminate/Foundation/Bootstrap/HandleExceptions->handleShutdown()
#25 [internal function]: Illuminate/Foundation/Bootstrap/HandleExceptions->Illuminate/Foundation/Bootstrap/{closure}()
#26 {main}
"} 
[2026-03-23 00:22:41] laravel.EMERGENCY: Unable to create configured logger. Using emergency logger. {"exception":"[object] (Error(code: 0): Class \"Illuminate\\Log\\Context\\ContextLogProcessor\" not found at C:/Ecosystem/NexaTrace_System/backend/vendor/laravel/framework/src/Illuminate/Log/Context/ContextServiceProvider.php:33)
[stacktrace]
#0 C:/Ecosystem/NexaTrace_System/backend/vendor/laravel/framework/src/Illuminate/Container/Container.php(1115): Illuminate/Log/Context/ContextServiceProvider->Illuminate/Log/Context/{closure}(Object(Illuminate/Foundation/Application), Array)
#1 C:/Ecosystem/NexaTrace_System/backend/vendor/laravel/framework/src/Illuminate/Container/Container.php(933): Illuminate/Container/Container->build(Object(Closure))
#2 C:/Ecosystem/NexaTrace_System/backend/vendor/laravel/framework/src/Illuminate/Foundation/Application.php(1078): Illuminate/Container/Container->resolve('Illuminate//Cont...', Array, true)
#3 C:/Ecosystem/NexaTrace_System/backend/vendor/laravel/framework/src/Illuminate/Container/Container.php(864): Illuminate/Foundation/Application->resolve('Illuminate//Cont...', Array)
#4 C:/Ecosystem/NexaTrace_System/backend/vendor/laravel/framework/src/Illuminate/Foundation/Application.php(1058): Illuminate/Container/Container->make('Illuminate//Cont...', Array)
#5 C:/Ecosystem/NexaTrace_System/backend/vendor/laravel/framework/src/Illuminate/Log/LogManager.php(145): Illuminate/Foundation/Application->make('Illuminate//Cont...')
#6 C:/Ecosystem/NexaTrace_System/backend/vendor/laravel/framework/src/Illuminate/Support/helpers.php(526): Illuminate/Log/LogManager->Illuminate/Log/{closure}(Object(Monolog/Logger))
#7 C:/Ecosystem/NexaTrace_System/backend/vendor/laravel/framework/src/Illuminate/Log/LogManager.php(138): with(Object(Monolog/Logger), Object(Closure))
#8 C:/Ecosystem/NexaTrace_System/backend/vendor/laravel/framework/src/Illuminate/Log/LogManager.php(125): Illuminate/Log/LogManager->get('single')
#9 C:/Ecosystem/NexaTrace_System/backend/vendor/laravel/framework/src/Illuminate/Log/LogManager.php(114): Illuminate/Log/LogManager->driver('single')
#10 C:/Ecosystem/NexaTrace_System/backend/vendor/laravel/framework/src/Illuminate/Log/LogManager.php(286): Illuminate/Log/LogManager->channel('single')
#11 [internal function]: Illuminate/Log/LogManager->Illuminate/Log/{closure}('single', 0)
#12 C:/Ecosystem/NexaTrace_System/backend/vendor/laravel/framework/src/Illuminate/Collections/Arr.php(841): array_map(Object(Closure), Array, Array)
#13 C:/Ecosystem/NexaTrace_System/backend/vendor/laravel/framework/src/Illuminate/Collections/Collection.php(829): Illuminate/Support/Arr::map(Array, Object(Closure))
#14 C:/Ecosystem/NexaTrace_System/backend/vendor/laravel/framework/src/Illuminate/Collections/Traits/EnumeratesValues.php(466): Illuminate/Support/Collection->map(Object(Closure))
#15 C:/Ecosystem/NexaTrace_System/backend/vendor/laravel/framework/src/Illuminate/Log/LogManager.php(283): Illuminate/Support/Collection->flatMap(Object(Closure))
#16 C:/Ecosystem/NexaTrace_System/backend/vendor/laravel/framework/src/Illuminate/Log/LogManager.php(232): Illuminate/Log/LogManager->createStackDriver(Array)
#17 C:/Ecosystem/NexaTrace_System/backend/vendor/laravel/framework/src/Illuminate/Log/LogManager.php(138): Illuminate/Log/LogManager->resolve('stack', Array)
#18 C:/Ecosystem/NexaTrace_System/backend/vendor/laravel/framework/src/Illuminate/Log/LogManager.php(125): Illuminate/Log/LogManager->get('stack')
#19 C:/Ecosystem/NexaTrace_System/backend/vendor/laravel/framework/src/Illuminate/Log/LogManager.php(703): Illuminate/Log/LogManager->driver()
#20 C:/Ecosystem/NexaTrace_System/backend/vendor/laravel/framework/src/Illuminate/Foundation/Exceptions/Handler.php(402): Illuminate/Log/LogManager->error('Maximum executi...', Array)
#21 C:/Ecosystem/NexaTrace_System/backend/vendor/laravel/framework/src/Illuminate/Foundation/Exceptions/Handler.php(365): Illuminate/Foundation/Exceptions/Handler->reportThrowable(Object(Symfony/Component/ErrorHandler/Error/FatalError))
#22 C:/Ecosystem/NexaTrace_System/backend/vendor/laravel/framework/src/Illuminate/Foundation/Bootstrap/HandleExceptions.php(186): Illuminate/Foundation/Exceptions/Handler->report(Object(Symfony/Component/ErrorHandler/Error/FatalError))
#23 C:/Ecosystem/NexaTrace_System/backend/vendor/laravel/framework/src/Illuminate/Foundation/Bootstrap/HandleExceptions.php(234): Illuminate/Foundation/Bootstrap/HandleExceptions->handleException(Object(Symfony/Component/ErrorHandler/Error/FatalError))
#24 C:/Ecosystem/NexaTrace_System/backend/vendor/laravel/framework/src/Illuminate/Foundation/Bootstrap/HandleExceptions.php(258): Illuminate/Foundation/Bootstrap/HandleExceptions->handleShutdown()
#25 [internal function]: Illuminate/Foundation/Bootstrap/HandleExceptions->Illuminate/Foundation/Bootstrap/{closure}()
#26 {main}
"} 
[2026-03-23 00:22:43] laravel.EMERGENCY: Unable to create configured logger. Using emergency logger. {"exception":"[object] (Error(code: 0): Class \"Illuminate\\Log\\Context\\ContextLogProcessor\" not found at C:/Ecosystem/NexaTrace_System/backend/vendor/laravel/framework/src/Illuminate/Log/Context/ContextServiceProvider.php:33)
[stacktrace]
#0 C:/Ecosystem/NexaTrace_System/backend/vendor/laravel/framework/src/Illuminate/Container/Container.php(1115): Illuminate/Log/Context/ContextServiceProvider->Illuminate/Log/Context/{closure}(Object(Illuminate/Foundation/Application), Array)
#1 C:/Ecosystem/NexaTrace_System/backend/vendor/laravel/framework/src/Illuminate/Container/Container.php(933): Illuminate/Container/Container->build(Object(Closure))
#2 C:/Ecosystem/NexaTrace_System/backend/vendor/laravel/framework/src/Illuminate/Foundation/Application.php(1078): Illuminate/Container/Container->resolve('Illuminate//Cont...', Array, true)
#3 C:/Ecosystem/NexaTrace_System/backend/vendor/laravel/framework/src/Illuminate/Container/Container.php(864): Illuminate/Foundation/Application->resolve('Illuminate//Cont...', Array)
#4 C:/Ecosystem/NexaTrace_System/backend/vendor/laravel/framework/src/Illuminate/Foundation/Application.php(1058): Illuminate/Container/Container->make('Illuminate//Cont...', Array)
#5 C:/Ecosystem/NexaTrace_System/backend/vendor/laravel/framework/src/Illuminate/Log/LogManager.php(145): Illuminate/Foundation/Application->make('Illuminate//Cont...')
#6 C:/Ecosystem/NexaTrace_System/backend/vendor/laravel/framework/src/Illuminate/Support/helpers.php(526): Illuminate/Log/LogManager->Illuminate/Log/{closure}(Object(Monolog/Logger))
#7 C:/Ecosystem/NexaTrace_System/backend/vendor/laravel/framework/src/Illuminate/Log/LogManager.php(138): with(Object(Monolog/Logger), Object(Closure))
#8 C:/Ecosystem/NexaTrace_System/backend/vendor/laravel/framework/src/Illuminate/Log/LogManager.php(125): Illuminate/Log/LogManager->get('stack')
#9 C:/Ecosystem/NexaTrace_System/backend/vendor/laravel/framework/src/Illuminate/Log/LogManager.php(703): Illuminate/Log/LogManager->driver()
#10 C:/Ecosystem/NexaTrace_System/backend/vendor/laravel/framework/src/Illuminate/Foundation/Exceptions/Handler.php(402): Illuminate/Log/LogManager->error('Maximum executi...', Array)
#11 C:/Ecosystem/NexaTrace_System/backend/vendor/laravel/framework/src/Illuminate/Foundation/Exceptions/Handler.php(365): Illuminate/Foundation/Exceptions/Handler->reportThrowable(Object(Symfony/Component/ErrorHandler/Error/FatalError))
#12 C:/Ecosystem/NexaTrace_System/backend/vendor/laravel/framework/src/Illuminate/Foundation/Bootstrap/HandleExceptions.php(186): Illuminate/Foundation/Exceptions/Handler->report(Object(Symfony/Component/ErrorHandler/Error/FatalError))
#13 C:/Ecosystem/NexaTrace_System/backend/vendor/laravel/framework/src/Illuminate/Foundation/Bootstrap/HandleExceptions.php(234): Illuminate/Foundation/Bootstrap/HandleExceptions->handleException(Object(Symfony/Component/ErrorHandler/Error/FatalError))
#14 C:/Ecosystem/NexaTrace_System/backend/vendor/laravel/framework/src/Illuminate/Foundation/Bootstrap/HandleExceptions.php(258): Illuminate/Foundation/Bootstrap/HandleExceptions->handleShutdown()
#15 [internal function]: Illuminate/Foundation/Bootstrap/HandleExceptions->Illuminate/Foundation/Bootstrap/{closure}()
#16 {main}
"} 
[2026-03-23 00:22:51] laravel.ERROR: Maximum execution time of 300 seconds exceeded {"exception":"[object] (Symfony\\Component\\ErrorHandler\\Error\\FatalError(code: 0): Maximum execution time of 300 seconds exceeded at C:/Ecosystem/NexaTrace_System/backend/vendor/laravel/framework/src/Illuminate/Log/Context/ContextLogProcessor.php:10)
[stacktrace]
#0 {main}
"} 
[2026-03-24 19:53:35] local.ERROR: SQLSTATE[23502]: Not null violation: 7 ERRORE:  il valore nullo nella colonna "company_id" della relazione "company_subscriptions" viola il vincolo non nullo
DETAIL:  La riga in errore contiene (6d7e19d7-326e-46ed-a7c6-0c0dee008457, null, 9b92f2da-a8f9-4b35-86c1-316730c4a8c9, monthly, 2026-03-24, null, null, t, null, pending, null, null, 0, 0, 0, 0, active, null, null, [], 2026-03-24 19:53:26+01, 2026-03-24 19:53:26+01). (Connection: pgsql, Host: localhost, Port: 5444, Database: nexasystem_db, SQL: insert into "company_subscriptions" ("company_id", "plan_id", "billing_cycle", "start_date", "end_date", "auto_renew", "payment_status", "status", "metadata", "updated_at", "created_at") values (?, 9b92f2da-a8f9-4b35-86c1-316730c4a8c9, monthly, 2026-03-24 00:00:00, ?, 1, pending, active, [], 2026-03-24 19:53:26, 2026-03-24 19:53:26)) {"userId":"f65c8139-961c-4988-8ad0-2e40f3c20082","exception":"[object] (Illuminate\\Database\\QueryException(code: 23502): SQLSTATE[23502]: Not null violation: 7 ERRORE:  il valore nullo nella colonna \"company_id\" della relazione \"company_subscriptions\" viola il vincolo non nullo
DETAIL:  La riga in errore contiene (6d7e19d7-326e-46ed-a7c6-0c0dee008457, null, 9b92f2da-a8f9-4b35-86c1-316730c4a8c9, monthly, 2026-03-24, null, null, t, null, pending, null, null, 0, 0, 0, 0, active, null, null, [], 2026-03-24 19:53:26+01, 2026-03-24 19:53:26+01). (Connection: pgsql, Host: localhost, Port: 5444, Database: nexasystem_db, SQL: insert into \"company_subscriptions\" (\"company_id\", \"plan_id\", \"billing_cycle\", \"start_date\", \"end_date\", \"auto_renew\", \"payment_status\", \"status\", \"metadata\", \"updated_at\", \"created_at\") values (?, 9b92f2da-a8f9-4b35-86c1-316730c4a8c9, monthly, 2026-03-24 00:00:00, ?, 1, pending, active, [], 2026-03-24 19:53:26, 2026-03-24 19:53:26)) at C:/Ecosystem/NexaTrace_System/backend/vendor/laravel/framework/src/Illuminate/Database/Connection.php:838)
[stacktrace]
#0 C:/Ecosystem/NexaTrace_System/backend/vendor/laravel/framework/src/Illuminate/Database/Connection.php(794): Illuminate/Database/Connection->runQueryCallback('insert into \"co...', Array, Object(Closure))
#1 C:/Ecosystem/NexaTrace_System/backend/vendor/laravel/framework/src/Illuminate/Database/Connection.php(573): Illuminate/Database/Connection->run('insert into \"co...', Array, Object(Closure))
#2 C:/Ecosystem/NexaTrace_System/backend/vendor/laravel/framework/src/Illuminate/Database/Connection.php(537): Illuminate/Database/Connection->statement('insert into \"co...', Array)
#3 C:/Ecosystem/NexaTrace_System/backend/vendor/laravel/framework/src/Illuminate/Database/Query/Builder.php(4121): Illuminate/Database/Connection->insert('insert into \"co...', Array)
#4 C:/Ecosystem/NexaTrace_System/backend/vendor/laravel/framework/src/Illuminate/Database/Eloquent/Builder.php(2237): Illuminate/Database/Query/Builder->insert(Array)
#5 C:/Ecosystem/NexaTrace_System/backend/vendor/laravel/framework/src/Illuminate/Database/Eloquent/Model.php(1412): Illuminate/Database/Eloquent/Builder->__call('insert', Array)
#6 C:/Ecosystem/NexaTrace_System/backend/vendor/laravel/framework/src/Illuminate/Database/Eloquent/Model.php(1240): Illuminate/Database/Eloquent/Model->performInsert(Object(Illuminate/Database/Eloquent/Builder))
#7 C:/Ecosystem/NexaTrace_System/backend/vendor/laravel/framework/src/Illuminate/Database/Eloquent/Builder.php(1219): Illuminate/Database/Eloquent/Model->save()
#8 C:/Ecosystem/NexaTrace_System/backend/vendor/laravel/framework/src/Illuminate/Support/helpers.php(393): Illuminate/Database/Eloquent/Builder->Illuminate/Database/Eloquent/{closure}(Object(App/Models/CompanySubscription))
#9 C:/Ecosystem/NexaTrace_System/backend/vendor/laravel/framework/src/Illuminate/Database/Eloquent/Builder.php(1218): tap(Object(App/Models/CompanySubscription), Object(Closure))
#10 C:/Ecosystem/NexaTrace_System/backend/app/Http/Controllers/Admin/AdminCompanyController.php(339): Illuminate/Database/Eloquent/Builder->create(Array)
#11 C:/Ecosystem/NexaTrace_System/backend/app/Http/Controllers/Admin/AdminCompanyController.php(132): App/Http/Controllers/Admin/AdminCompanyController->createSubscription(Object(App/Models/Company), '9b92f2da-a8f9-4...', 'monthly')
#12 C:/Ecosystem/NexaTrace_System/backend/vendor/laravel/framework/src/Illuminate/Routing/ControllerDispatcher.php(46): App/Http/Controllers/Admin/AdminCompanyController->store(Object(Illuminate/Http/Request))
#13 C:/Ecosystem/NexaTrace_System/backend/vendor/laravel/framework/src/Illuminate/Routing/Route.php(265): Illuminate/Routing/ControllerDispatcher->dispatch(Object(Illuminate/Routing/Route), Object(App/Http/Controllers/Admin/AdminCompanyController), 'store')
#14 C:/Ecosystem/NexaTrace_System/backend/vendor/laravel/framework/src/Illuminate/Routing/Route.php(211): Illuminate/Routing/Route->runController()
#15 C:/Ecosystem/NexaTrace_System/backend/vendor/laravel/framework/src/Illuminate/Routing/Router.php(822): Illuminate/Routing/Route->run()
#16 C:/Ecosystem/NexaTrace_System/backend/vendor/laravel/framework/src/Illuminate/Pipeline/Pipeline.php(180): Illuminate/Routing/Router->Illuminate/Routing/{closure}(Object(Illuminate/Http/Request))
#17 C:/Ecosystem/NexaTrace_System/backend/app/Http/Middleware/AdminMiddleware.php(19): Illuminate/Pipeline/Pipeline->Illuminate/Pipeline/{closure}(Object(Illuminate/Http/Request))
#18 C:/Ecosystem/NexaTrace_System/backend/vendor/laravel/framework/src/Illuminate/Pipeline/Pipeline.php(219): App/Http/Middleware/AdminMiddleware->handle(Object(Illuminate/Http/Request), Object(Closure))
#19 C:/Ecosystem/NexaTrace_System/backend/vendor/laravel/framework/src/Illuminate/Routing/Middleware/SubstituteBindings.php(50): Illuminate/Pipeline/Pipeline->Illuminate/Pipeline/{closure}(Object(Illuminate/Http/Request))
#20 C:/Ecosystem/NexaTrace_System/backend/vendor/laravel/framework/src/Illuminate/Pipeline/Pipeline.php(219): Illuminate/Routing/Middleware/SubstituteBindings->handle(Object(Illuminate/Http/Request), Object(Closure))
#21 C:/Ecosystem/NexaTrace_System/backend/vendor/laravel/framework/src/Illuminate/Auth/Middleware/Authenticate.php(63): Illuminate/Pipeline/Pipeline->Illuminate/Pipeline/{closure}(Object(Illuminate/Http/Request))
#22 C:/Ecosystem/NexaTrace_System/backend/vendor/laravel/framework/src/Illuminate/Pipeline/Pipeline.php(219): Illuminate/Auth/Middleware/Authenticate->handle(Object(Illuminate/Http/Request), Object(Closure), 'admin')
#23 C:/Ecosystem/NexaTrace_System/backend/vendor/laravel/framework/src/Illuminate/Pipeline/Pipeline.php(137): Illuminate/Pipeline/Pipeline->Illuminate/Pipeline/{closure}(Object(Illuminate/Http/Request))
#24 C:/Ecosystem/NexaTrace_System/backend/vendor/laravel/framework/src/Illuminate/Routing/Router.php(821): Illuminate/Pipeline/Pipeline->then(Object(Closure))
#25 C:/Ecosystem/NexaTrace_System/backend/vendor/laravel/framework/src/Illuminate/Routing/Router.php(800): Illuminate/Routing/Router->runRouteWithinStack(Object(Illuminate/Routing/Route), Object(Illuminate/Http/Request))
#26 C:/Ecosystem/NexaTrace_System/backend/vendor/laravel/framework/src/Illuminate/Routing/Router.php(764): Illuminate/Routing/Router->runRoute(Object(Illuminate/Http/Request), Object(Illuminate/Routing/Route))
#27 C:/Ecosystem/NexaTrace_System/backend/vendor/laravel/framework/src/Illuminate/Routing/Router.php(753): Illuminate/Routing/Router->dispatchToRoute(Object(Illuminate/Http/Request))
#28 C:/Ecosystem/NexaTrace_System/backend/vendor/laravel/framework/src/Illuminate/Foundation/Http/Kernel.php(200): Illuminate/Routing/Router->dispatch(Object(Illuminate/Http/Request))
#29 C:/Ecosystem/NexaTrace_System/backend/vendor/laravel/framework/src/Illuminate/Pipeline/Pipeline.php(180): Illuminate/Foundation/Http/Kernel->Illuminate/Foundation/Http/{closure}(Object(Illuminate/Http/Request))
#30 C:/Ecosystem/NexaTrace_System/backend/app/Http/Middleware/CorsMiddleware.php(20): Illuminate/Pipeline/Pipeline->Illuminate/Pipeline/{closure}(Object(Illuminate/Http/Request))
#31 C:/Ecosystem/NexaTrace_System/backend/vendor/laravel/framework/src/Illuminate/Pipeline/Pipeline.php(219): App/Http/Middleware/CorsMiddleware->handle(Object(Illuminate/Http/Request), Object(Closure))
#32 C:/Ecosystem/NexaTrace_System/backend/vendor/laravel/framework/src/Illuminate/Foundation/Http/Middleware/TransformsRequest.php(21): Illuminate/Pipeline/Pipeline->Illuminate/Pipeline/{closure}(Object(Illuminate/Http/Request))
#33 C:/Ecosystem/NexaTrace_System/backend/vendor/laravel/framework/src/Illuminate/Foundation/Http/Middleware/ConvertEmptyStringsToNull.php(31): Illuminate/Foundation/Http/Middleware/TransformsRequest->handle(Object(Illuminate/Http/Request), Object(Closure))
#34 C:/Ecosystem/NexaTrace_System/backend/vendor/laravel/framework/src/Illuminate/Pipeline/Pipeline.php(219): Illuminate/Foundation/Http/Middleware/ConvertEmptyStringsToNull->handle(Object(Illuminate/Http/Request), Object(Closure))
#35 C:/Ecosystem/NexaTrace_System/backend/vendor/laravel/framework/src/Illuminate/Foundation/Http/Middleware/TransformsRequest.php(21): Illuminate/Pipeline/Pipeline->Illuminate/Pipeline/{closure}(Object(Illuminate/Http/Request))
#36 C:/Ecosystem/NexaTrace_System/backend/vendor/laravel/framework/src/Illuminate/Foundation/Http/Middleware/TrimStrings.php(51): Illuminate/Foundation/Http/Middleware/TransformsRequest->handle(Object(Illuminate/Http/Request), Object(Closure))
#37 C:/Ecosystem/NexaTrace_System/backend/vendor/laravel/framework/src/Illuminate/Pipeline/Pipeline.php(219): Illuminate/Foundation/Http/Middleware/TrimStrings->handle(Object(Illuminate/Http/Request), Object(Closure))
#38 C:/Ecosystem/NexaTrace_System/backend/vendor/laravel/framework/src/Illuminate/Http/Middleware/ValidatePostSize.php(27): Illuminate/Pipeline/Pipeline->Illuminate/Pipeline/{closure}(Object(Illuminate/Http/Request))
#39 C:/Ecosystem/NexaTrace_System/backend/vendor/laravel/framework/src/Illuminate/Pipeline/Pipeline.php(219): Illuminate/Http/Middleware/ValidatePostSize->handle(Object(Illuminate/Http/Request), Object(Closure))
#40 C:/Ecosystem/NexaTrace_System/backend/vendor/laravel/framework/src/Illuminate/Foundation/Http/Middleware/PreventRequestsDuringMaintenance.php(109): Illuminate/Pipeline/Pipeline->Illuminate/Pipeline/{closure}(Object(Illuminate/Http/Request))
#41 C:/Ecosystem/NexaTrace_System/backend/vendor/laravel/framework/src/Illuminate/Pipeline/Pipeline.php(219): Illuminate/Foundation/Http/Middleware/PreventRequestsDuringMaintenance->handle(Object(Illuminate/Http/Request), Object(Closure))
#42 C:/Ecosystem/NexaTrace_System/backend/vendor/laravel/framework/src/Illuminate/Http/Middleware/HandleCors.php(74): Illuminate/Pipeline/Pipeline->Illuminate/Pipeline/{closure}(Object(Illuminate/Http/Request))
#43 C:/Ecosystem/NexaTrace_System/backend/vendor/laravel/framework/src/Illuminate/Pipeline/Pipeline.php(219): Illuminate/Http/Middleware/HandleCors->handle(Object(Illuminate/Http/Request), Object(Closure))
#44 C:/Ecosystem/NexaTrace_System/backend/vendor/laravel/framework/src/Illuminate/Http/Middleware/TrustProxies.php(58): Illuminate/Pipeline/Pipeline->Illuminate/Pipeline/{closure}(Object(Illuminate/Http/Request))
#45 C:/Ecosystem/NexaTrace_System/backend/vendor/laravel/framework/src/Illuminate/Pipeline/Pipeline.php(219): Illuminate/Http/Middleware/TrustProxies->handle(Object(Illuminate/Http/Request), Object(Closure))
#46 C:/Ecosystem/NexaTrace_System/backend/vendor/laravel/framework/src/Illuminate/Foundation/Http/Middleware/InvokeDeferredCallbacks.php(22): Illuminate/Pipeline/Pipeline->Illuminate/Pipeline/{closure}(Object(Illuminate/Http/Request))
#47 C:/Ecosystem/NexaTrace_System/backend/vendor/laravel/framework/src/Illuminate/Pipeline/Pipeline.php(219): Illuminate/Foundation/Http/Middleware/InvokeDeferredCallbacks->handle(Object(Illuminate/Http/Request), Object(Closure))
#48 C:/Ecosystem/NexaTrace_System/backend/vendor/laravel/framework/src/Illuminate/Http/Middleware/ValidatePathEncoding.php(26): Illuminate/Pipeline/Pipeline->Illuminate/Pipeline/{closure}(Object(Illuminate/Http/Request))
#49 C:/Ecosystem/NexaTrace_System/backend/vendor/laravel/framework/src/Illuminate/Pipeline/Pipeline.php(219): Illuminate/Http/Middleware/ValidatePathEncoding->handle(Object(Illuminate/Http/Request), Object(Closure))
#50 C:/Ecosystem/NexaTrace_System/backend/vendor/laravel/framework/src/Illuminate/Pipeline/Pipeline.php(137): Illuminate/Pipeline/Pipeline->Illuminate/Pipeline/{closure}(Object(Illuminate/Http/Request))
#51 C:/Ecosystem/NexaTrace_System/backend/vendor/laravel/framework/src/Illuminate/Foundation/Http/Kernel.php(175): Illuminate/Pipeline/Pipeline->then(Object(Closure))
#52 C:/Ecosystem/NexaTrace_System/backend/vendor/laravel/framework/src/Illuminate/Foundation/Http/Kernel.php(144): Illuminate/Foundation/Http/Kernel->sendRequestThroughRouter(Object(Illuminate/Http/Request))
#53 C:/Ecosystem/NexaTrace_System/backend/vendor/laravel/framework/src/Illuminate/Foundation/Application.php(1220): Illuminate/Foundation/Http/Kernel->handle(Object(Illuminate/Http/Request))
#54 C:/Ecosystem/NexaTrace_System/backend/public/index.php(20): Illuminate/Foundation/Application->handleRequest(Object(Illuminate/Http/Request))
#55 C:/Ecosystem/NexaTrace_System/backend/vendor/laravel/framework/src/Illuminate/Foundation/resources/server.php(23): require_once('C://Ecosystem//Ne...')
#56 {main}

[previous exception] [object] (PDOException(code: 23502): SQLSTATE[23502]: Not null violation: 7 ERRORE:  il valore nullo nella colonna \"company_id\" della relazione \"company_subscriptions\" viola il vincolo non nullo
DETAIL:  La riga in errore contiene (6d7e19d7-326e-46ed-a7c6-0c0dee008457, null, 9b92f2da-a8f9-4b35-86c1-316730c4a8c9, monthly, 2026-03-24, null, null, t, null, pending, null, null, 0, 0, 0, 0, active, null, null, [], 2026-03-24 19:53:26+01, 2026-03-24 19:53:26+01). at C:/Ecosystem/NexaTrace_System/backend/vendor/laravel/framework/src/Illuminate/Database/Connection.php:584)
[stacktrace]
#0 C:/Ecosystem/NexaTrace_System/backend/vendor/laravel/framework/src/Illuminate/Database/Connection.php(584): PDOStatement->execute()
#1 C:/Ecosystem/NexaTrace_System/backend/vendor/laravel/framework/src/Illuminate/Database/Connection.php(827): Illuminate/Database/Connection->Illuminate/Database/{closure}('insert into \"co...', Array)
#2 C:/Ecosystem/NexaTrace_System/backend/vendor/laravel/framework/src/Illuminate/Database/Connection.php(794): Illuminate/Database/Connection->runQueryCallback('insert into \"co...', Array, Object(Closure))
#3 C:/Ecosystem/NexaTrace_System/backend/vendor/laravel/framework/src/Illuminate/Database/Connection.php(573): Illuminate/Database/Connection->run('insert into \"co...', Array, Object(Closure))
#4 C:/Ecosystem/NexaTrace_System/backend/vendor/laravel/framework/src/Illuminate/Database/Connection.php(537): Illuminate/Database/Connection->statement('insert into \"co...', Array)
#5 C:/Ecosystem/NexaTrace_System/backend/vendor/laravel/framework/src/Illuminate/Database/Query/Builder.php(4121): Illuminate/Database/Connection->insert('insert into \"co...', Array)
#6 C:/Ecosystem/NexaTrace_System/backend/vendor/laravel/framework/src/Illuminate/Database/Eloquent/Builder.php(2237): Illuminate/Database/Query/Builder->insert(Array)
#7 C:/Ecosystem/NexaTrace_System/backend/vendor/laravel/framework/src/Illuminate/Database/Eloquent/Model.php(1412): Illuminate/Database/Eloquent/Builder->__call('insert', Array)
#8 C:/Ecosystem/NexaTrace_System/backend/vendor/laravel/framework/src/Illuminate/Database/Eloquent/Model.php(1240): Illuminate/Database/Eloquent/Model->performInsert(Object(Illuminate/Database/Eloquent/Builder))
#9 C:/Ecosystem/NexaTrace_System/backend/vendor/laravel/framework/src/Illuminate/Database/Eloquent/Builder.php(1219): Illuminate/Database/Eloquent/Model->save()
#10 C:/Ecosystem/NexaTrace_System/backend/vendor/laravel/framework/src/Illuminate/Support/helpers.php(393): Illuminate/Database/Eloquent/Builder->Illuminate/Database/Eloquent/{closure}(Object(App/Models/CompanySubscription))
#11 C:/Ecosystem/NexaTrace_System/backend/vendor/laravel/framework/src/Illuminate/Database/Eloquent/Builder.php(1218): tap(Object(App/Models/CompanySubscription), Object(Closure))
#12 C:/Ecosystem/NexaTrace_System/backend/app/Http/Controllers/Admin/AdminCompanyController.php(339): Illuminate/Database/Eloquent/Builder->create(Array)
#13 C:/Ecosystem/NexaTrace_System/backend/app/Http/Controllers/Admin/AdminCompanyController.php(132): App/Http/Controllers/Admin/AdminCompanyController->createSubscription(Object(App/Models/Company), '9b92f2da-a8f9-4...', 'monthly')
#14 C:/Ecosystem/NexaTrace_System/backend/vendor/laravel/framework/src/Illuminate/Routing/ControllerDispatcher.php(46): App/Http/Controllers/Admin/AdminCompanyController->store(Object(Illuminate/Http/Request))
#15 C:/Ecosystem/NexaTrace_System/backend/vendor/laravel/framework/src/Illuminate/Routing/Route.php(265): Illuminate/Routing/ControllerDispatcher->dispatch(Object(Illuminate/Routing/Route), Object(App/Http/Controllers/Admin/AdminCompanyController), 'store')
#16 C:/Ecosystem/NexaTrace_System/backend/vendor/laravel/framework/src/Illuminate/Routing/Route.php(211): Illuminate/Routing/Route->runController()
#17 C:/Ecosystem/NexaTrace_System/backend/vendor/laravel/framework/src/Illuminate/Routing/Router.php(822): Illuminate/Routing/Route->run()
#18 C:/Ecosystem/NexaTrace_System/backend/vendor/laravel/framework/src/Illuminate/Pipeline/Pipeline.php(180): Illuminate/Routing/Router->Illuminate/Routing/{closure}(Object(Illuminate/Http/Request))
#19 C:/Ecosystem/NexaTrace_System/backend/app/Http/Middleware/AdminMiddleware.php(19): Illuminate/Pipeline/Pipeline->Illuminate/Pipeline/{closure}(Object(Illuminate/Http/Request))
#20 C:/Ecosystem/NexaTrace_System/backend/vendor/laravel/framework/src/Illuminate/Pipeline/Pipeline.php(219): App/Http/Middleware/AdminMiddleware->handle(Object(Illuminate/Http/Request), Object(Closure))
#21 C:/Ecosystem/NexaTrace_System/backend/vendor/laravel/framework/src/Illuminate/Routing/Middleware/SubstituteBindings.php(50): Illuminate/Pipeline/Pipeline->Illuminate/Pipeline/{closure}(Object(Illuminate/Http/Request))
#22 C:/Ecosystem/NexaTrace_System/backend/vendor/laravel/framework/src/Illuminate/Pipeline/Pipeline.php(219): Illuminate/Routing/Middleware/SubstituteBindings->handle(Object(Illuminate/Http/Request), Object(Closure))
#23 C:/Ecosystem/NexaTrace_System/backend/vendor/laravel/framework/src/Illuminate/Auth/Middleware/Authenticate.php(63): Illuminate/Pipeline/Pipeline->Illuminate/Pipeline/{closure}(Object(Illuminate/Http/Request))
#24 C:/Ecosystem/NexaTrace_System/backend/vendor/laravel/framework/src/Illuminate/Pipeline/Pipeline.php(219): Illuminate/Auth/Middleware/Authenticate->handle(Object(Illuminate/Http/Request), Object(Closure), 'admin')
#25 C:/Ecosystem/NexaTrace_System/backend/vendor/laravel/framework/src/Illuminate/Pipeline/Pipeline.php(137): Illuminate/Pipeline/Pipeline->Illuminate/Pipeline/{closure}(Object(Illuminate/Http/Request))
#26 C:/Ecosystem/NexaTrace_System/backend/vendor/laravel/framework/src/Illuminate/Routing/Router.php(821): Illuminate/Pipeline/Pipeline->then(Object(Closure))
#27 C:/Ecosystem/NexaTrace_System/backend/vendor/laravel/framework/src/Illuminate/Routing/Router.php(800): Illuminate/Routing/Router->runRouteWithinStack(Object(Illuminate/Routing/Route), Object(Illuminate/Http/Request))
#28 C:/Ecosystem/NexaTrace_System/backend/vendor/laravel/framework/src/Illuminate/Routing/Router.php(764): Illuminate/Routing/Router->runRoute(Object(Illuminate/Http/Request), Object(Illuminate/Routing/Route))
#29 C:/Ecosystem/NexaTrace_System/backend/vendor/laravel/framework/src/Illuminate/Routing/Router.php(753): Illuminate/Routing/Router->dispatchToRoute(Object(Illuminate/Http/Request))
#30 C:/Ecosystem/NexaTrace_System/backend/vendor/laravel/framework/src/Illuminate/Foundation/Http/Kernel.php(200): Illuminate/Routing/Router->dispatch(Object(Illuminate/Http/Request))
#31 C:/Ecosystem/NexaTrace_System/backend/vendor/laravel/framework/src/Illuminate/Pipeline/Pipeline.php(180): Illuminate/Foundation/Http/Kernel->Illuminate/Foundation/Http/{closure}(Object(Illuminate/Http/Request))
#32 C:/Ecosystem/NexaTrace_System/backend/app/Http/Middleware/CorsMiddleware.php(20): Illuminate/Pipeline/Pipeline->Illuminate/Pipeline/{closure}(Object(Illuminate/Http/Request))
#33 C:/Ecosystem/NexaTrace_System/backend/vendor/laravel/framework/src/Illuminate/Pipeline/Pipeline.php(219): App/Http/Middleware/CorsMiddleware->handle(Object(Illuminate/Http/Request), Object(Closure))
#34 C:/Ecosystem/NexaTrace_System/backend/vendor/laravel/framework/src/Illuminate/Foundation/Http/Middleware/TransformsRequest.php(21): Illuminate/Pipeline/Pipeline->Illuminate/Pipeline/{closure}(Object(Illuminate/Http/Request))
#35 C:/Ecosystem/NexaTrace_System/backend/vendor/laravel/framework/src/Illuminate/Foundation/Http/Middleware/ConvertEmptyStringsToNull.php(31): Illuminate/Foundation/Http/Middleware/TransformsRequest->handle(Object(Illuminate/Http/Request), Object(Closure))
#36 C:/Ecosystem/NexaTrace_System/backend/vendor/laravel/framework/src/Illuminate/Pipeline/Pipeline.php(219): Illuminate/Foundation/Http/Middleware/ConvertEmptyStringsToNull->handle(Object(Illuminate/Http/Request), Object(Closure))
#37 C:/Ecosystem/NexaTrace_System/backend/vendor/laravel/framework/src/Illuminate/Foundation/Http/Middleware/TransformsRequest.php(21): Illuminate/Pipeline/Pipeline->Illuminate/Pipeline/{closure}(Object(Illuminate/Http/Request))
#38 C:/Ecosystem/NexaTrace_System/backend/vendor/laravel/framework/src/Illuminate/Foundation/Http/Middleware/TrimStrings.php(51): Illuminate/Foundation/Http/Middleware/TransformsRequest->handle(Object(Illuminate/Http/Request), Object(Closure))
#39 C:/Ecosystem/NexaTrace_System/backend/vendor/laravel/framework/src/Illuminate/Pipeline/Pipeline.php(219): Illuminate/Foundation/Http/Middleware/TrimStrings->handle(Object(Illuminate/Http/Request), Object(Closure))
#40 C:/Ecosystem/NexaTrace_System/backend/vendor/laravel/framework/src/Illuminate/Http/Middleware/ValidatePostSize.php(27): Illuminate/Pipeline/Pipeline->Illuminate/Pipeline/{closure}(Object(Illuminate/Http/Request))
#41 C:/Ecosystem/NexaTrace_System/backend/vendor/laravel/framework/src/Illuminate/Pipeline/Pipeline.php(219): Illuminate/Http/Middleware/ValidatePostSize->handle(Object(Illuminate/Http/Request), Object(Closure))
#42 C:/Ecosystem/NexaTrace_System/backend/vendor/laravel/framework/src/Illuminate/Foundation/Http/Middleware/PreventRequestsDuringMaintenance.php(109): Illuminate/Pipeline/Pipeline->Illuminate/Pipeline/{closure}(Object(Illuminate/Http/Request))
#43 C:/Ecosystem/NexaTrace_System/backend/vendor/laravel/framework/src/Illuminate/Pipeline/Pipeline.php(219): Illuminate/Foundation/Http/Middleware/PreventRequestsDuringMaintenance->handle(Object(Illuminate/Http/Request), Object(Closure))
#44 C:/Ecosystem/NexaTrace_System/backend/vendor/laravel/framework/src/Illuminate/Http/Middleware/HandleCors.php(74): Illuminate/Pipeline/Pipeline->Illuminate/Pipeline/{closure}(Object(Illuminate/Http/Request))
#45 C:/Ecosystem/NexaTrace_System/backend/vendor/laravel/framework/src/Illuminate/Pipeline/Pipeline.php(219): Illuminate/Http/Middleware/HandleCors->handle(Object(Illuminate/Http/Request), Object(Closure))
#46 C:/Ecosystem/NexaTrace_System/backend/vendor/laravel/framework/src/Illuminate/Http/Middleware/TrustProxies.php(58): Illuminate/Pipeline/Pipeline->Illuminate/Pipeline/{closure}(Object(Illuminate/Http/Request))
#47 C:/Ecosystem/NexaTrace_System/backend/vendor/laravel/framework/src/Illuminate/Pipeline/Pipeline.php(219): Illuminate/Http/Middleware/TrustProxies->handle(Object(Illuminate/Http/Request), Object(Closure))
#48 C:/Ecosystem/NexaTrace_System/backend/vendor/laravel/framework/src/Illuminate/Foundation/Http/Middleware/InvokeDeferredCallbacks.php(22): Illuminate/Pipeline/Pipeline->Illuminate/Pipeline/{closure}(Object(Illuminate/Http/Request))
#49 C:/Ecosystem/NexaTrace_System/backend/vendor/laravel/framework/src/Illuminate/Pipeline/Pipeline.php(219): Illuminate/Foundation/Http/Middleware/InvokeDeferredCallbacks->handle(Object(Illuminate/Http/Request), Object(Closure))
#50 C:/Ecosystem/NexaTrace_System/backend/vendor/laravel/framework/src/Illuminate/Http/Middleware/ValidatePathEncoding.php(26): Illuminate/Pipeline/Pipeline->Illuminate/Pipeline/{closure}(Object(Illuminate/Http/Request))
#51 C:/Ecosystem/NexaTrace_System/backend/vendor/laravel/framework/src/Illuminate/Pipeline/Pipeline.php(219): Illuminate/Http/Middleware/ValidatePathEncoding->handle(Object(Illuminate/Http/Request), Object(Closure))
#52 C:/Ecosystem/NexaTrace_System/backend/vendor/laravel/framework/src/Illuminate/Pipeline/Pipeline.php(137): Illuminate/Pipeline/Pipeline->Illuminate/Pipeline/{closure}(Object(Illuminate/Http/Request))
#53 C:/Ecosystem/NexaTrace_System/backend/vendor/laravel/framework/src/Illuminate/Foundation/Http/Kernel.php(175): Illuminate/Pipeline/Pipeline->then(Object(Closure))
#54 C:/Ecosystem/NexaTrace_System/backend/vendor/laravel/framework/src/Illuminate/Foundation/Http/Kernel.php(144): Illuminate/Foundation/Http/Kernel->sendRequestThroughRouter(Object(Illuminate/Http/Request))
#55 C:/Ecosystem/NexaTrace_System/backend/vendor/laravel/framework/src/Illuminate/Foundation/Application.php(1220): Illuminate/Foundation/Http/Kernel->handle(Object(Illuminate/Http/Request))
#56 C:/Ecosystem/NexaTrace_System/backend/public/index.php(20): Illuminate/Foundation/Application->handleRequest(Object(Illuminate/Http/Request))
#57 C:/Ecosystem/NexaTrace_System/backend/vendor/laravel/framework/src/Illuminate/Foundation/resources/server.php(23): require_once('C://Ecosystem//Ne...')
#58 {main}
"} 
[2026-03-24 20:47:14] local.ERROR: Maximum execution time of 300 seconds exceeded {"exception":"[object] (Symfony\\Component\\ErrorHandler\\Error\\FatalError(code: 0): Maximum execution time of 300 seconds exceeded at C:/Ecosystem/NexaTrace_System/backend/vendor/composer/ClassLoader.php:429)
[stacktrace]
#0 {main}
"} 
[2026-03-25 15:57:54] local.ERROR: Maximum execution time of 300 seconds exceeded {"exception":"[object] (Symfony\\Component\\ErrorHandler\\Error\\FatalError(code: 0): Maximum execution time of 300 seconds exceeded at C:/Ecosystem/NexaTrace_System/backend/vendor/composer/ClassLoader.php:429)
[stacktrace]
#0 {main}
"} 
[2026-03-25 18:46:25] local.ERROR: PHP Parse error: Syntax error, unexpected T_NAME_FULLY_QUALIFIED, expecting '{' on line 1 {"exception":"[object] (Psy\\Exception\\ParseErrorException(code: 0): PHP Parse error: Syntax error, unexpected T_NAME_FULLY_QUALIFIED, expecting '{' on line 1 at C:/Ecosystem/NexaTrace_System/backend/vendor/psy/psysh/src/Exception/ParseErrorException.php:44)
[stacktrace]
#0 C:/Ecosystem/NexaTrace_System/backend/vendor/psy/psysh/src/CodeCleaner.php(488): Psy/Exception/ParseErrorException::fromParseError(Object(PhpParser/Error))
#1 C:/Ecosystem/NexaTrace_System/backend/vendor/psy/psysh/src/CodeCleaner.php(269): Psy/CodeCleaner->parse('<?php use App////...', false)
#2 C:/Ecosystem/NexaTrace_System/backend/vendor/psy/psysh/src/Shell.php(1282): Psy/CodeCleaner->clean(Array, false)
#3 C:/Ecosystem/NexaTrace_System/backend/vendor/psy/psysh/src/Shell.php(1315): Psy/Shell->addCode('use App////Models...', true)
#4 C:/Ecosystem/NexaTrace_System/backend/vendor/psy/psysh/src/Shell.php(1865): Psy/Shell->setCode('use App////Models...', true)
#5 C:/Ecosystem/NexaTrace_System/backend/vendor/laravel/tinker/src/Console/TinkerCommand.php(77): Psy/Shell->execute('use App////Models...')
#6 C:/Ecosystem/NexaTrace_System/backend/vendor/laravel/framework/src/Illuminate/Container/BoundMethod.php(36): Laravel/Tinker/Console/TinkerCommand->handle()
#7 C:/Ecosystem/NexaTrace_System/backend/vendor/laravel/framework/src/Illuminate/Container/Util.php(43): Illuminate/Container/BoundMethod::Illuminate/Container/{closure}()
#8 C:/Ecosystem/NexaTrace_System/backend/vendor/laravel/framework/src/Illuminate/Container/BoundMethod.php(96): Illuminate/Container/Util::unwrapIfClosure(Object(Closure))
#9 C:/Ecosystem/NexaTrace_System/backend/vendor/laravel/framework/src/Illuminate/Container/BoundMethod.php(35): Illuminate/Container/BoundMethod::callBoundMethod(Object(Illuminate/Foundation/Application), Array, Object(Closure))
#10 C:/Ecosystem/NexaTrace_System/backend/vendor/laravel/framework/src/Illuminate/Container/Container.php(799): Illuminate/Container/BoundMethod::call(Object(Illuminate/Foundation/Application), Array, Array, NULL)
#11 C:/Ecosystem/NexaTrace_System/backend/vendor/laravel/framework/src/Illuminate/Console/Command.php(211): Illuminate/Container/Container->call(Array)
#12 C:/Ecosystem/NexaTrace_System/backend/vendor/symfony/console/Command/Command.php(341): Illuminate/Console/Command->execute(Object(Symfony/Component/Console/Input/ArgvInput), Object(Illuminate/Console/OutputStyle))
#13 C:/Ecosystem/NexaTrace_System/backend/vendor/laravel/framework/src/Illuminate/Console/Command.php(180): Symfony/Component/Console/Command/Command->run(Object(Symfony/Component/Console/Input/ArgvInput), Object(Illuminate/Console/OutputStyle))
#14 C:/Ecosystem/NexaTrace_System/backend/vendor/symfony/console/Application.php(1117): Illuminate/Console/Command->run(Object(Symfony/Component/Console/Input/ArgvInput), Object(Symfony/Component/Console/Output/ConsoleOutput))
#15 C:/Ecosystem/NexaTrace_System/backend/vendor/symfony/console/Application.php(356): Symfony/Component/Console/Application->doRunCommand(Object(Laravel/Tinker/Console/TinkerCommand), Object(Symfony/Component/Console/Input/ArgvInput), Object(Symfony/Component/Console/Output/ConsoleOutput))
#16 C:/Ecosystem/NexaTrace_System/backend/vendor/symfony/console/Application.php(195): Symfony/Component/Console/Application->doRun(Object(Symfony/Component/Console/Input/ArgvInput), Object(Symfony/Component/Console/Output/ConsoleOutput))
#17 C:/Ecosystem/NexaTrace_System/backend/vendor/laravel/framework/src/Illuminate/Foundation/Console/Kernel.php(198): Symfony/Component/Console/Application->run(Object(Symfony/Component/Console/Input/ArgvInput), Object(Symfony/Component/Console/Output/ConsoleOutput))
#18 C:/Ecosystem/NexaTrace_System/backend/vendor/laravel/framework/src/Illuminate/Foundation/Application.php(1235): Illuminate/Foundation/Console/Kernel->handle(Object(Symfony/Component/Console/Input/ArgvInput), Object(Symfony/Component/Console/Output/ConsoleOutput))
#19 C:/Ecosystem/NexaTrace_System/backend/artisan(16): Illuminate/Foundation/Application->handleCommand(Object(Symfony/Component/Console/Input/ArgvInput))
#20 {main}
"} 
[2026-03-25 18:47:50] local.ERROR: PHP Parse error: Syntax error, unexpected T_NAME_FULLY_QUALIFIED, expecting '{' on line 1 {"exception":"[object] (Psy\\Exception\\ParseErrorException(code: 0): PHP Parse error: Syntax error, unexpected T_NAME_FULLY_QUALIFIED, expecting '{' on line 1 at C:/Ecosystem/NexaTrace_System/backend/vendor/psy/psysh/src/Exception/ParseErrorException.php:44)
[stacktrace]
#0 C:/Ecosystem/NexaTrace_System/backend/vendor/psy/psysh/src/CodeCleaner.php(488): Psy/Exception/ParseErrorException::fromParseError(Object(PhpParser/Error))
#1 C:/Ecosystem/NexaTrace_System/backend/vendor/psy/psysh/src/CodeCleaner.php(269): Psy/CodeCleaner->parse('<?php use App////...', false)
#2 C:/Ecosystem/NexaTrace_System/backend/vendor/psy/psysh/src/Shell.php(1282): Psy/CodeCleaner->clean(Array, false)
#3 C:/Ecosystem/NexaTrace_System/backend/vendor/psy/psysh/src/Shell.php(1315): Psy/Shell->addCode('use App////Models...', true)
#4 C:/Ecosystem/NexaTrace_System/backend/vendor/psy/psysh/src/Shell.php(1865): Psy/Shell->setCode('use App////Models...', true)
#5 C:/Ecosystem/NexaTrace_System/backend/vendor/laravel/tinker/src/Console/TinkerCommand.php(77): Psy/Shell->execute('use App////Models...')
#6 C:/Ecosystem/NexaTrace_System/backend/vendor/laravel/framework/src/Illuminate/Container/BoundMethod.php(36): Laravel/Tinker/Console/TinkerCommand->handle()
#7 C:/Ecosystem/NexaTrace_System/backend/vendor/laravel/framework/src/Illuminate/Container/Util.php(43): Illuminate/Container/BoundMethod::Illuminate/Container/{closure}()
#8 C:/Ecosystem/NexaTrace_System/backend/vendor/laravel/framework/src/Illuminate/Container/BoundMethod.php(96): Illuminate/Container/Util::unwrapIfClosure(Object(Closure))
#9 C:/Ecosystem/NexaTrace_System/backend/vendor/laravel/framework/src/Illuminate/Container/BoundMethod.php(35): Illuminate/Container/BoundMethod::callBoundMethod(Object(Illuminate/Foundation/Application), Array, Object(Closure))
#10 C:/Ecosystem/NexaTrace_System/backend/vendor/laravel/framework/src/Illuminate/Container/Container.php(799): Illuminate/Container/BoundMethod::call(Object(Illuminate/Foundation/Application), Array, Array, NULL)
#11 C:/Ecosystem/NexaTrace_System/backend/vendor/laravel/framework/src/Illuminate/Console/Command.php(211): Illuminate/Container/Container->call(Array)
#12 C:/Ecosystem/NexaTrace_System/backend/vendor/symfony/console/Command/Command.php(341): Illuminate/Console/Command->execute(Object(Symfony/Component/Console/Input/ArgvInput), Object(Illuminate/Console/OutputStyle))
#13 C:/Ecosystem/NexaTrace_System/backend/vendor/laravel/framework/src/Illuminate/Console/Command.php(180): Symfony/Component/Console/Command/Command->run(Object(Symfony/Component/Console/Input/ArgvInput), Object(Illuminate/Console/OutputStyle))
#14 C:/Ecosystem/NexaTrace_System/backend/vendor/symfony/console/Application.php(1117): Illuminate/Console/Command->run(Object(Symfony/Component/Console/Input/ArgvInput), Object(Symfony/Component/Console/Output/ConsoleOutput))
#15 C:/Ecosystem/NexaTrace_System/backend/vendor/symfony/console/Application.php(356): Symfony/Component/Console/Application->doRunCommand(Object(Laravel/Tinker/Console/TinkerCommand), Object(Symfony/Component/Console/Input/ArgvInput), Object(Symfony/Component/Console/Output/ConsoleOutput))
#16 C:/Ecosystem/NexaTrace_System/backend/vendor/symfony/console/Application.php(195): Symfony/Component/Console/Application->doRun(Object(Symfony/Component/Console/Input/ArgvInput), Object(Symfony/Component/Console/Output/ConsoleOutput))
#17 C:/Ecosystem/NexaTrace_System/backend/vendor/laravel/framework/src/Illuminate/Foundation/Console/Kernel.php(198): Symfony/Component/Console/Application->run(Object(Symfony/Component/Console/Input/ArgvInput), Object(Symfony/Component/Console/Output/ConsoleOutput))
#18 C:/Ecosystem/NexaTrace_System/backend/vendor/laravel/framework/src/Illuminate/Foundation/Application.php(1235): Illuminate/Foundation/Console/Kernel->handle(Object(Symfony/Component/Console/Input/ArgvInput), Object(Symfony/Component/Console/Output/ConsoleOutput))
#19 C:/Ecosystem/NexaTrace_System/backend/artisan(16): Illuminate/Foundation/Application->handleCommand(Object(Symfony/Component/Console/Input/ArgvInput))
#20 {main}
"} 
[2026-03-25 18:48:42] local.ERROR: PHP Parse error: Syntax error, unexpected T_NS_SEPARATOR on line 1 {"exception":"[object] (Psy\\Exception\\ParseErrorException(code: 0): PHP Parse error: Syntax error, unexpected T_NS_SEPARATOR on line 1 at C:/Ecosystem/NexaTrace_System/backend/vendor/psy/psysh/src/Exception/ParseErrorException.php:44)
[stacktrace]
#0 C:/Ecosystem/NexaTrace_System/backend/vendor/psy/psysh/src/CodeCleaner.php(488): Psy/Exception/ParseErrorException::fromParseError(Object(PhpParser/Error))
#1 C:/Ecosystem/NexaTrace_System/backend/vendor/psy/psysh/src/CodeCleaner.php(269): Psy/CodeCleaner->parse('<?php $plan = //...', false)
#2 C:/Ecosystem/NexaTrace_System/backend/vendor/psy/psysh/src/Shell.php(1282): Psy/CodeCleaner->clean(Array, false)
#3 C:/Ecosystem/NexaTrace_System/backend/vendor/psy/psysh/src/Shell.php(1315): Psy/Shell->addCode('$plan = ////App////...', true)
#4 C:/Ecosystem/NexaTrace_System/backend/vendor/psy/psysh/src/Shell.php(1865): Psy/Shell->setCode('$plan = ////App////...', true)
#5 C:/Ecosystem/NexaTrace_System/backend/vendor/laravel/tinker/src/Console/TinkerCommand.php(77): Psy/Shell->execute('$plan = ////App////...')
#6 C:/Ecosystem/NexaTrace_System/backend/vendor/laravel/framework/src/Illuminate/Container/BoundMethod.php(36): Laravel/Tinker/Console/TinkerCommand->handle()
#7 C:/Ecosystem/NexaTrace_System/backend/vendor/laravel/framework/src/Illuminate/Container/Util.php(43): Illuminate/Container/BoundMethod::Illuminate/Container/{closure}()
#8 C:/Ecosystem/NexaTrace_System/backend/vendor/laravel/framework/src/Illuminate/Container/BoundMethod.php(96): Illuminate/Container/Util::unwrapIfClosure(Object(Closure))
#9 C:/Ecosystem/NexaTrace_System/backend/vendor/laravel/framework/src/Illuminate/Container/BoundMethod.php(35): Illuminate/Container/BoundMethod::callBoundMethod(Object(Illuminate/Foundation/Application), Array, Object(Closure))
#10 C:/Ecosystem/NexaTrace_System/backend/vendor/laravel/framework/src/Illuminate/Container/Container.php(799): Illuminate/Container/BoundMethod::call(Object(Illuminate/Foundation/Application), Array, Array, NULL)
#11 C:/Ecosystem/NexaTrace_System/backend/vendor/laravel/framework/src/Illuminate/Console/Command.php(211): Illuminate/Container/Container->call(Array)
#12 C:/Ecosystem/NexaTrace_System/backend/vendor/symfony/console/Command/Command.php(341): Illuminate/Console/Command->execute(Object(Symfony/Component/Console/Input/ArgvInput), Object(Illuminate/Console/OutputStyle))
#13 C:/Ecosystem/NexaTrace_System/backend/vendor/laravel/framework/src/Illuminate/Console/Command.php(180): Symfony/Component/Console/Command/Command->run(Object(Symfony/Component/Console/Input/ArgvInput), Object(Illuminate/Console/OutputStyle))
#14 C:/Ecosystem/NexaTrace_System/backend/vendor/symfony/console/Application.php(1117): Illuminate/Console/Command->run(Object(Symfony/Component/Console/Input/ArgvInput), Object(Symfony/Component/Console/Output/ConsoleOutput))
#15 C:/Ecosystem/NexaTrace_System/backend/vendor/symfony/console/Application.php(356): Symfony/Component/Console/Application->doRunCommand(Object(Laravel/Tinker/Console/TinkerCommand), Object(Symfony/Component/Console/Input/ArgvInput), Object(Symfony/Component/Console/Output/ConsoleOutput))
#16 C:/Ecosystem/NexaTrace_System/backend/vendor/symfony/console/Application.php(195): Symfony/Component/Console/Application->doRun(Object(Symfony/Component/Console/Input/ArgvInput), Object(Symfony/Component/Console/Output/ConsoleOutput))
#17 C:/Ecosystem/NexaTrace_System/backend/vendor/laravel/framework/src/Illuminate/Foundation/Console/Kernel.php(198): Symfony/Component/Console/Application->run(Object(Symfony/Component/Console/Input/ArgvInput), Object(Symfony/Component/Console/Output/ConsoleOutput))
#18 C:/Ecosystem/NexaTrace_System/backend/vendor/laravel/framework/src/Illuminate/Foundation/Application.php(1235): Illuminate/Foundation/Console/Kernel->handle(Object(Symfony/Component/Console/Input/ArgvInput), Object(Symfony/Component/Console/Output/ConsoleOutput))
#19 C:/Ecosystem/NexaTrace_System/backend/artisan(16): Illuminate/Foundation/Application->handleCommand(Object(Symfony/Component/Console/Input/ArgvInput))
#20 {main}
"} 
[2026-03-25 18:50:30] local.ERROR: PHP Parse error: Syntax error, unexpected T_NS_SEPARATOR on line 1 {"exception":"[object] (Psy\\Exception\\ParseErrorException(code: 0): PHP Parse error: Syntax error, unexpected T_NS_SEPARATOR on line 1 at C:/Ecosystem/NexaTrace_System/backend/vendor/psy/psysh/src/Exception/ParseErrorException.php:44)
[stacktrace]
#0 C:/Ecosystem/NexaTrace_System/backend/vendor/psy/psysh/src/CodeCleaner.php(488): Psy/Exception/ParseErrorException::fromParseError(Object(PhpParser/Error))
#1 C:/Ecosystem/NexaTrace_System/backend/vendor/psy/psysh/src/CodeCleaner.php(269): Psy/CodeCleaner->parse('<?php $plan = A...', false)
#2 C:/Ecosystem/NexaTrace_System/backend/vendor/psy/psysh/src/Shell.php(1282): Psy/CodeCleaner->clean(Array, false)
#3 C:/Ecosystem/NexaTrace_System/backend/vendor/psy/psysh/src/Shell.php(1315): Psy/Shell->addCode('$plan = App////Mo...', true)
#4 C:/Ecosystem/NexaTrace_System/backend/vendor/psy/psysh/src/Shell.php(1865): Psy/Shell->setCode('$plan = App////Mo...', true)
#5 C:/Ecosystem/NexaTrace_System/backend/vendor/laravel/tinker/src/Console/TinkerCommand.php(77): Psy/Shell->execute('$plan = App////Mo...')
#6 C:/Ecosystem/NexaTrace_System/backend/vendor/laravel/framework/src/Illuminate/Container/BoundMethod.php(36): Laravel/Tinker/Console/TinkerCommand->handle()
#7 C:/Ecosystem/NexaTrace_System/backend/vendor/laravel/framework/src/Illuminate/Container/Util.php(43): Illuminate/Container/BoundMethod::Illuminate/Container/{closure}()
#8 C:/Ecosystem/NexaTrace_System/backend/vendor/laravel/framework/src/Illuminate/Container/BoundMethod.php(96): Illuminate/Container/Util::unwrapIfClosure(Object(Closure))
#9 C:/Ecosystem/NexaTrace_System/backend/vendor/laravel/framework/src/Illuminate/Container/BoundMethod.php(35): Illuminate/Container/BoundMethod::callBoundMethod(Object(Illuminate/Foundation/Application), Array, Object(Closure))
#10 C:/Ecosystem/NexaTrace_System/backend/vendor/laravel/framework/src/Illuminate/Container/Container.php(799): Illuminate/Container/BoundMethod::call(Object(Illuminate/Foundation/Application), Array, Array, NULL)
#11 C:/Ecosystem/NexaTrace_System/backend/vendor/laravel/framework/src/Illuminate/Console/Command.php(211): Illuminate/Container/Container->call(Array)
#12 C:/Ecosystem/NexaTrace_System/backend/vendor/symfony/console/Command/Command.php(341): Illuminate/Console/Command->execute(Object(Symfony/Component/Console/Input/ArgvInput), Object(Illuminate/Console/OutputStyle))
#13 C:/Ecosystem/NexaTrace_System/backend/vendor/laravel/framework/src/Illuminate/Console/Command.php(180): Symfony/Component/Console/Command/Command->run(Object(Symfony/Component/Console/Input/ArgvInput), Object(Illuminate/Console/OutputStyle))
#14 C:/Ecosystem/NexaTrace_System/backend/vendor/symfony/console/Application.php(1117): Illuminate/Console/Command->run(Object(Symfony/Component/Console/Input/ArgvInput), Object(Symfony/Component/Console/Output/ConsoleOutput))
#15 C:/Ecosystem/NexaTrace_System/backend/vendor/symfony/console/Application.php(356): Symfony/Component/Console/Application->doRunCommand(Object(Laravel/Tinker/Console/TinkerCommand), Object(Symfony/Component/Console/Input/ArgvInput), Object(Symfony/Component/Console/Output/ConsoleOutput))
#16 C:/Ecosystem/NexaTrace_System/backend/vendor/symfony/console/Application.php(195): Symfony/Component/Console/Application->doRun(Object(Symfony/Component/Console/Input/ArgvInput), Object(Symfony/Component/Console/Output/ConsoleOutput))
#17 C:/Ecosystem/NexaTrace_System/backend/vendor/laravel/framework/src/Illuminate/Foundation/Console/Kernel.php(198): Symfony/Component/Console/Application->run(Object(Symfony/Component/Console/Input/ArgvInput), Object(Symfony/Component/Console/Output/ConsoleOutput))
#18 C:/Ecosystem/NexaTrace_System/backend/vendor/laravel/framework/src/Illuminate/Foundation/Application.php(1235): Illuminate/Foundation/Console/Kernel->handle(Object(Symfony/Component/Console/Input/ArgvInput), Object(Symfony/Component/Console/Output/ConsoleOutput))
#19 C:/Ecosystem/NexaTrace_System/backend/artisan(16): Illuminate/Foundation/Application->handleCommand(Object(Symfony/Component/Console/Input/ArgvInput))
#20 {main}
"} 
[2026-03-25 18:54:03] local.ERROR: PHP Parse error: Syntax error, unexpected '?' on line 1 {"exception":"[object] (Psy\\Exception\\ParseErrorException(code: 0): PHP Parse error: Syntax error, unexpected '?' on line 1 at C:/Ecosystem/NexaTrace_System/backend/vendor/psy/psysh/src/Exception/ParseErrorException.php:44)
[stacktrace]
#0 C:/Ecosystem/NexaTrace_System/backend/vendor/psy/psysh/src/CodeCleaner.php(488): Psy/Exception/ParseErrorException::fromParseError(Object(PhpParser/Error))
#1 C:/Ecosystem/NexaTrace_System/backend/vendor/psy/psysh/src/CodeCleaner.php(269): Psy/CodeCleaner->parse('<?php $planClas...', false)
#2 C:/Ecosystem/NexaTrace_System/backend/vendor/psy/psysh/src/Shell.php(1282): Psy/CodeCleaner->clean(Array, false)
#3 C:/Ecosystem/NexaTrace_System/backend/vendor/psy/psysh/src/Shell.php(1315): Psy/Shell->addCode('$planClass='App...', true)
#4 C:/Ecosystem/NexaTrace_System/backend/vendor/psy/psysh/src/Shell.php(1865): Psy/Shell->setCode('$planClass='App...', true)
#5 C:/Ecosystem/NexaTrace_System/backend/vendor/laravel/tinker/src/Console/TinkerCommand.php(77): Psy/Shell->execute('$planClass='App...')
#6 C:/Ecosystem/NexaTrace_System/backend/vendor/laravel/framework/src/Illuminate/Container/BoundMethod.php(36): Laravel/Tinker/Console/TinkerCommand->handle()
#7 C:/Ecosystem/NexaTrace_System/backend/vendor/laravel/framework/src/Illuminate/Container/Util.php(43): Illuminate/Container/BoundMethod::Illuminate/Container/{closure}()
#8 C:/Ecosystem/NexaTrace_System/backend/vendor/laravel/framework/src/Illuminate/Container/BoundMethod.php(96): Illuminate/Container/Util::unwrapIfClosure(Object(Closure))
#9 C:/Ecosystem/NexaTrace_System/backend/vendor/laravel/framework/src/Illuminate/Container/BoundMethod.php(35): Illuminate/Container/BoundMethod::callBoundMethod(Object(Illuminate/Foundation/Application), Array, Object(Closure))
#10 C:/Ecosystem/NexaTrace_System/backend/vendor/laravel/framework/src/Illuminate/Container/Container.php(799): Illuminate/Container/BoundMethod::call(Object(Illuminate/Foundation/Application), Array, Array, NULL)
#11 C:/Ecosystem/NexaTrace_System/backend/vendor/laravel/framework/src/Illuminate/Console/Command.php(211): Illuminate/Container/Container->call(Array)
#12 C:/Ecosystem/NexaTrace_System/backend/vendor/symfony/console/Command/Command.php(341): Illuminate/Console/Command->execute(Object(Symfony/Component/Console/Input/ArgvInput), Object(Illuminate/Console/OutputStyle))
#13 C:/Ecosystem/NexaTrace_System/backend/vendor/laravel/framework/src/Illuminate/Console/Command.php(180): Symfony/Component/Console/Command/Command->run(Object(Symfony/Component/Console/Input/ArgvInput), Object(Illuminate/Console/OutputStyle))
#14 C:/Ecosystem/NexaTrace_System/backend/vendor/symfony/console/Application.php(1117): Illuminate/Console/Command->run(Object(Symfony/Component/Console/Input/ArgvInput), Object(Symfony/Component/Console/Output/ConsoleOutput))
#15 C:/Ecosystem/NexaTrace_System/backend/vendor/symfony/console/Application.php(356): Symfony/Component/Console/Application->doRunCommand(Object(Laravel/Tinker/Console/TinkerCommand), Object(Symfony/Component/Console/Input/ArgvInput), Object(Symfony/Component/Console/Output/ConsoleOutput))
#16 C:/Ecosystem/NexaTrace_System/backend/vendor/symfony/console/Application.php(195): Symfony/Component/Console/Application->doRun(Object(Symfony/Component/Console/Input/ArgvInput), Object(Symfony/Component/Console/Output/ConsoleOutput))
#17 C:/Ecosystem/NexaTrace_System/backend/vendor/laravel/framework/src/Illuminate/Foundation/Console/Kernel.php(198): Symfony/Component/Console/Application->run(Object(Symfony/Component/Console/Input/ArgvInput), Object(Symfony/Component/Console/Output/ConsoleOutput))
#18 C:/Ecosystem/NexaTrace_System/backend/vendor/laravel/framework/src/Illuminate/Foundation/Application.php(1235): Illuminate/Foundation/Console/Kernel->handle(Object(Symfony/Component/Console/Input/ArgvInput), Object(Symfony/Component/Console/Output/ConsoleOutput))
#19 C:/Ecosystem/NexaTrace_System/backend/artisan(16): Illuminate/Foundation/Application->handleCommand(Object(Symfony/Component/Console/Input/ArgvInput))
#20 {main}
"} 
[2026-03-25 21:28:46] local.ERROR: PHP Parse error: Syntax error, unexpected T_NS_SEPARATOR on line 1 {"exception":"[object] (Psy\\Exception\\ParseErrorException(code: 0): PHP Parse error: Syntax error, unexpected T_NS_SEPARATOR on line 1 at C:/Ecosystem/NexaTrace_System/backend/vendor/psy/psysh/src/Exception/ParseErrorException.php:44)
[stacktrace]
#0 C:/Ecosystem/NexaTrace_System/backend/vendor/psy/psysh/src/CodeCleaner.php(488): Psy/Exception/ParseErrorException::fromParseError(Object(PhpParser/Error))
#1 C:/Ecosystem/NexaTrace_System/backend/vendor/psy/psysh/src/CodeCleaner.php(269): Psy/CodeCleaner->parse('<?php $u = App//...', false)
#2 C:/Ecosystem/NexaTrace_System/backend/vendor/psy/psysh/src/Shell.php(1282): Psy/CodeCleaner->clean(Array, false)
#3 C:/Ecosystem/NexaTrace_System/backend/vendor/psy/psysh/src/Shell.php(1315): Psy/Shell->addCode('$u = App////Model...', true)
#4 C:/Ecosystem/NexaTrace_System/backend/vendor/psy/psysh/src/Shell.php(1865): Psy/Shell->setCode('$u = App////Model...', true)
#5 C:/Ecosystem/NexaTrace_System/backend/vendor/laravel/tinker/src/Console/TinkerCommand.php(77): Psy/Shell->execute('$u = App////Model...')
#6 C:/Ecosystem/NexaTrace_System/backend/vendor/laravel/framework/src/Illuminate/Container/BoundMethod.php(36): Laravel/Tinker/Console/TinkerCommand->handle()
#7 C:/Ecosystem/NexaTrace_System/backend/vendor/laravel/framework/src/Illuminate/Container/Util.php(43): Illuminate/Container/BoundMethod::Illuminate/Container/{closure}()
#8 C:/Ecosystem/NexaTrace_System/backend/vendor/laravel/framework/src/Illuminate/Container/BoundMethod.php(96): Illuminate/Container/Util::unwrapIfClosure(Object(Closure))
#9 C:/Ecosystem/NexaTrace_System/backend/vendor/laravel/framework/src/Illuminate/Container/BoundMethod.php(35): Illuminate/Container/BoundMethod::callBoundMethod(Object(Illuminate/Foundation/Application), Array, Object(Closure))
#10 C:/Ecosystem/NexaTrace_System/backend/vendor/laravel/framework/src/Illuminate/Container/Container.php(799): Illuminate/Container/BoundMethod::call(Object(Illuminate/Foundation/Application), Array, Array, NULL)
#11 C:/Ecosystem/NexaTrace_System/backend/vendor/laravel/framework/src/Illuminate/Console/Command.php(211): Illuminate/Container/Container->call(Array)
#12 C:/Ecosystem/NexaTrace_System/backend/vendor/symfony/console/Command/Command.php(341): Illuminate/Console/Command->execute(Object(Symfony/Component/Console/Input/ArgvInput), Object(Illuminate/Console/OutputStyle))
#13 C:/Ecosystem/NexaTrace_System/backend/vendor/laravel/framework/src/Illuminate/Console/Command.php(180): Symfony/Component/Console/Command/Command->run(Object(Symfony/Component/Console/Input/ArgvInput), Object(Illuminate/Console/OutputStyle))
#14 C:/Ecosystem/NexaTrace_System/backend/vendor/symfony/console/Application.php(1117): Illuminate/Console/Command->run(Object(Symfony/Component/Console/Input/ArgvInput), Object(Symfony/Component/Console/Output/ConsoleOutput))
#15 C:/Ecosystem/NexaTrace_System/backend/vendor/symfony/console/Application.php(356): Symfony/Component/Console/Application->doRunCommand(Object(Laravel/Tinker/Console/TinkerCommand), Object(Symfony/Component/Console/Input/ArgvInput), Object(Symfony/Component/Console/Output/ConsoleOutput))
#16 C:/Ecosystem/NexaTrace_System/backend/vendor/symfony/console/Application.php(195): Symfony/Component/Console/Application->doRun(Object(Symfony/Component/Console/Input/ArgvInput), Object(Symfony/Component/Console/Output/ConsoleOutput))
#17 C:/Ecosystem/NexaTrace_System/backend/vendor/laravel/framework/src/Illuminate/Foundation/Console/Kernel.php(198): Symfony/Component/Console/Application->run(Object(Symfony/Component/Console/Input/ArgvInput), Object(Symfony/Component/Console/Output/ConsoleOutput))
#18 C:/Ecosystem/NexaTrace_System/backend/vendor/laravel/framework/src/Illuminate/Foundation/Application.php(1235): Illuminate/Foundation/Console/Kernel->handle(Object(Symfony/Component/Console/Input/ArgvInput), Object(Symfony/Component/Console/Output/ConsoleOutput))
#19 C:/Ecosystem/NexaTrace_System/backend/artisan(16): Illuminate/Foundation/Application->handleCommand(Object(Symfony/Component/Console/Input/ArgvInput))
#20 {main}
"} 
[2026-04-07 10:13:38] testing.INFO: CORS Request {"method":"GET","path":"/","full_url":"http://localhost:8090","origin":null,"allowed_origin":null,"user_agent":"Symfony","headers":{"host":["localhost:8090"],"user-agent":["Symfony"],"accept":["text/html,application/xhtml+xml,application/xml;q=0.9,*/*;q=0.8"],"accept-language":["en-us,en;q=0.5"],"accept-charset":["ISO-8859-1,utf-8;q=0.7,*;q=0.7"]}} 
[2026-04-07 10:14:08] testing.INFO: CORS Response {"method":"GET","path":"/","status":200,"origin":null} 
[2026-04-07 10:14:08] testing.INFO: CORS Headers Added {"method":"GET","path":"/","status":200,"cors_headers":{"Access-Control-Allow-Origin":null,"Access-Control-Allow-Methods":"GET, POST, PUT, PATCH, DELETE, OPTIONS","Access-Control-Allow-Headers":"Content-Type, Authorization, X-Requested-With, Accept, Origin, X-CSRF-TOKEN, X-Requested-With"}} 
[2026-04-07 11:00:01] testing.INFO: CORS Request {"method":"GET","path":"/","full_url":"http://localhost:8090","origin":null,"allowed_origin":null,"user_agent":"Symfony","headers":{"host":["localhost:8090"],"user-agent":["Symfony"],"accept":["text/html,application/xhtml+xml,application/xml;q=0.9,*/*;q=0.8"],"accept-language":["en-us,en;q=0.5"],"accept-charset":["ISO-8859-1,utf-8;q=0.7,*;q=0.7"]}} 
[2026-04-07 11:00:01] testing.INFO: CORS Response {"method":"GET","path":"/","status":200,"origin":null} 
[2026-04-07 11:00:01] testing.INFO: CORS Headers Added {"method":"GET","path":"/","status":200,"cors_headers":{"Access-Control-Allow-Origin":null,"Access-Control-Allow-Methods":"GET, POST, PUT, PATCH, DELETE, OPTIONS","Access-Control-Allow-Headers":"Content-Type, Authorization, X-Requested-With, Accept, Origin, X-CSRF-TOKEN, X-Requested-With"}} 
